fold,avg_nrmse,is_best
1,0.9013983,False
2,95175910000.0,False
3,0.841326,False
4,0.5616573,True
5,0.59963125,False
