fold,avg_nrmse,is_best
1,0.7228726,False
2,258834830000.0,False
3,0.78348374,False
4,0.5719085,True
5,0.5889355,False
