{
    "features_X": [
        "Temperature",
        "Precipitation",
        "Humidity",
        "Wind_Speed_kmh",
        "Soil_Moisture",
        "Soil_Temperature",
        "Wind_Dir_Sin",
        "Wind_Dir_Cos",
        "hour_sin",
        "hour_cos",
        "Temperature_lag_1h",
        "Temperature_lag_3h",
        "Temperature_lag_6h",
        "Temperature_lag_12h",
        "Temperature_lag_24h",
        "Humidity_lag_1h",
        "Humidity_lag_3h",
        "Humidity_lag_6h",
        "Humidity_lag_12h",
        "Humidity_lag_24h",
        "Wind_Speed_kmh_lag_1h",
        "Wind_Speed_kmh_lag_3h",
        "Wind_Speed_kmh_lag_6h",
        "Wind_Speed_kmh_lag_12h",
        "Wind_Speed_kmh_lag_24h",
        "Soil_Moisture_lag_1h",
        "Soil_Moisture_lag_3h",
        "Soil_Moisture_lag_6h",
        "Soil_Moisture_lag_12h",
        "Soil_Moisture_lag_24h"
    ],
    "features_y": [
        "Temperature",
        "Precipitation",
        "Humidity",
        "Wind_Speed_kmh",
        "Soil_Moisture",
        "Soil_Temperature",
        "Wind_Dir_Sin",
        "Wind_Dir_Cos"
    ],
    "train_size": 31410,
    "window_size": 42,
    "input_size": 30,
    "output_size": 8,
    "hidden_size": 16,
    "num_layers": 4,
    "learning_rate": 0.0003105722147889412,
    "batch_size": 32,
    "epochs": 100,
    "final_train_loss": 0.00945728133439067,
    "train_losses": [
        0.0621342228459991,
        0.018813915476240107,
        0.014219045967368756,
        0.013077700280715318,
        0.012538876086622032,
        0.012240499978771774,
        0.011974468841361382,
        0.01180200207428793,
        0.011584594861185503,
        0.011341372600841082,
        0.011116825549650645,
        0.010972704968655692,
        0.010811445310132454,
        0.01067004394666445,
        0.01058496592690795,
        0.010459063302610415,
        0.010376844516140989,
        0.010264875281022738,
        0.010208646671852081,
        0.010135887696752223,
        0.010069580111700897,
        0.010041841397160368,
        0.010006922787168655,
        0.009984223410888303,
        0.009980910387473294,
        0.009915739442347173,
        0.009870841867426932,
        0.009873919207175612,
        0.009845556442998164,
        0.009834258664484811,
        0.00982028874703279,
        0.009798610642188389,
        0.009806799441334585,
        0.009784336957304273,
        0.009739912214762312,
        0.009762391127304268,
        0.009662867100874068,
        0.009637234668625316,
        0.009647655005149863,
        0.00963421604194022,
        0.00962580742420311,
        0.009645124066784487,
        0.009620496962713459,
        0.009604078040626327,
        0.009618835577486846,
        0.009606246253547973,
        0.009603841493977744,
        0.009598619345360151,
        0.009591254349222271,
        0.009597730627404164,
        0.009604663487267517,
        0.009578682651514873,
        0.009577545580655664,
        0.009569645175340763,
        0.009572797227773447,
        0.0095627003417147,
        0.009575901438824736,
        0.009566445374473232,
        0.009553157181803097,
        0.00955752668250445,
        0.009553548587060878,
        0.00955398871673871,
        0.009546086765595471,
        0.009542342922757059,
        0.009546813092836117,
        0.009549450190368286,
        0.009547175184367662,
        0.009543655058304044,
        0.009533305734893676,
        0.009548499685519952,
        0.009534635442167016,
        0.009541218637944694,
        0.009524513353572291,
        0.009521468410478275,
        0.009521124186412109,
        0.009523356990407733,
        0.009525077300032941,
        0.009511530107576195,
        0.009512327983418289,
        0.009515017591758537,
        0.009504487714242721,
        0.00951200376003832,
        0.009505669157562084,
        0.009516469544265884,
        0.009508000267066009,
        0.009466476394337113,
        0.009458906256388558,
        0.009463788127361362,
        0.009461127209420486,
        0.009456380953267588,
        0.009460589153541704,
        0.009449068086030535,
        0.009455601919668979,
        0.009452436042063733,
        0.009451606845927024,
        0.009452232941316583,
        0.009458288397818268,
        0.00945431729992211,
        0.009458668004435414,
        0.00945728133439067
    ],
    "lstm_mse": 540.4990973684326,
    "lstm_rmse": 23.248636462563404
}