{
    "MSE": {
        "Temperature": 33.07721048536997,
        "Precipitation_accumulated": 0.21974149276964053,
        "Humidity": 121.43779270484772,
        "Wind_Speed_kmh": 0.7951844557908612,
        "Soil_Moisture": 237855.79608699138,
        "Soil_Temperature": 31.851931381264862,
        "Wind_Dir_Sin": 0.37175073616558163,
        "Wind_Dir_Cos": 0.6160527309052112
    },
    "RMSE": {
        "Temperature": 5.751279030387064,
        "Precipitation_accumulated": 0.4687659253504253,
        "Humidity": 11.01988170103689,
        "Wind_Speed_kmh": 0.8917311566783237,
        "Soil_Moisture": 487.7046197105287,
        "Soil_Temperature": 5.643751534331119,
        "Wind_Dir_Sin": 0.6097136509588592,
        "Wind_Dir_Cos": 0.7848902667922512
    },
    "MAE": {
        "Temperature": 4.045751824120182,
        "Precipitation_accumulated": 0.3163289271393379,
        "Humidity": 8.693999280183178,
        "Wind_Speed_kmh": 0.7456456815975911,
        "Soil_Moisture": 348.75393223497053,
        "Soil_Temperature": 4.731994788121101,
        "Wind_Dir_Sin": 0.4819546613828504,
        "Wind_Dir_Cos": 0.6348131633900823
    },
    "R2": {
        "Temperature": 0.34064517223777524,
        "Precipitation_accumulated": 0.6553671602891407,
        "Humidity": 0.6174185143813479,
        "Wind_Speed_kmh": -0.8617329433467849,
        "Soil_Moisture": 0.6212119046068502,
        "Soil_Temperature": 0.5619631241303888,
        "Wind_Dir_Sin": -0.1537929514827101,
        "Wind_Dir_Cos": -0.6462949665266067
    },
    "SMAPE": {
        "Temperature": 23.095761392553747,
        "Precipitation_accumulated": 9.544639572930736,
        "Humidity": 15.597909318475539,
        "Wind_Speed_kmh": 63.57859018117597,
        "Soil_Moisture": 4.455295616904488,
        "Soil_Temperature": 34.919035488433224,
        "Wind_Dir_Sin": 109.87004111581763,
        "Wind_Dir_Cos": 115.58105375617654
    }
}