{
    "MSE": {
        "Temperature": 10.359794914326443,
        "Precipitation_accumulated": 1380.581459669253,
        "Humidity": 49.568473552254744,
        "Wind_Speed_kmh": 0.10317939694813584,
        "Soil_Moisture": 131997.58773040527,
        "Soil_Temperature": 11.283687761582664,
        "Wind_Dir_Sin": 0.09752818988133127,
        "Wind_Dir_Cos": 0.18607288216939208
    },
    "RMSE": {
        "Temperature": 3.2186635292193007,
        "Precipitation_accumulated": 37.15617660186867,
        "Humidity": 7.04048816150235,
        "Wind_Speed_kmh": 0.3212154992339813,
        "Soil_Moisture": 363.31472269976246,
        "Soil_Temperature": 3.359120087401262,
        "Wind_Dir_Sin": 0.31229503659413366,
        "Wind_Dir_Cos": 0.43136166052326913
    },
    "MAE": {
        "Temperature": 2.41516570860434,
        "Precipitation_accumulated": 19.28845111490699,
        "Humidity": 5.482690467635134,
        "Wind_Speed_kmh": 0.2640697308967235,
        "Soil_Moisture": 261.0916849471155,
        "Soil_Temperature": 2.4630454260465338,
        "Wind_Dir_Sin": 0.23953228583030875,
        "Wind_Dir_Cos": 0.3064980603187747
    },
    "R2": {
        "Temperature": 0.7705402674861401,
        "Precipitation_accumulated": 0.9662568127904652,
        "Humidity": 0.7375666673073997,
        "Wind_Speed_kmh": 0.6571085165355335,
        "Soil_Moisture": 0.8978163447649699,
        "Soil_Temperature": 0.7552735185203597,
        "Wind_Dir_Sin": 0.7154787159053705,
        "Wind_Dir_Cos": 0.7058544110220835
    },
    "SMAPE": {
        "Temperature": 16.898576579183256,
        "Precipitation_accumulated": 31.797524060067303,
        "Humidity": 7.027835329588009,
        "Wind_Speed_kmh": 96.2199472266072,
        "Soil_Moisture": 3.596296580988785,
        "Soil_Temperature": 17.578439725257276,
        "Wind_Dir_Sin": 104.55054070006247,
        "Wind_Dir_Cos": 71.2139945325389
    }
}