{
    "MSE": {
        "Temperature": 38.97670400497063,
        "Precipitation_accumulated": 0.14230712589855402,
        "Humidity": 133.29620041066656,
        "Wind_Speed_kmh": 0.6146690734517409,
        "Soil_Moisture": 370299.1849773829,
        "Soil_Temperature": 38.02513285245916,
        "Wind_Dir_Sin": 0.31103177968942586,
        "Wind_Dir_Cos": 0.37820253867707954
    },
    "RMSE": {
        "Temperature": 6.243132547445283,
        "Precipitation_accumulated": 0.3772361672726437,
        "Humidity": 11.545397369110626,
        "Wind_Speed_kmh": 0.784008337616215,
        "Soil_Moisture": 608.522131871457,
        "Soil_Temperature": 6.166452209533384,
        "Wind_Dir_Sin": 0.5577022321000928,
        "Wind_Dir_Cos": 0.6149817384907291
    },
    "MAE": {
        "Temperature": 4.691779848479038,
        "Precipitation_accumulated": 0.261155115195856,
        "Humidity": 9.237831303239856,
        "Wind_Speed_kmh": 0.6176393174905893,
        "Soil_Moisture": 425.0724312934379,
        "Soil_Temperature": 4.663006700135674,
        "Wind_Dir_Sin": 0.4464771792003503,
        "Wind_Dir_Cos": 0.47594529742182606
    },
    "R2": {
        "Temperature": 0.22304578956851606,
        "Precipitation_accumulated": 0.7768117969375817,
        "Humidity": 0.5800594094757567,
        "Wind_Speed_kmh": -0.4390996390434001,
        "Soil_Moisture": 0.4102942820366706,
        "Soil_Temperature": 0.4770674908267779,
        "Wind_Dir_Sin": 0.03465887170983317,
        "Wind_Dir_Cos": -0.01068123638828844
    },
    "SMAPE": {
        "Temperature": 26.469300091115315,
        "Precipitation_accumulated": 8.042239399509343,
        "Humidity": 15.045767489755093,
        "Wind_Speed_kmh": 74.97595416268996,
        "Soil_Moisture": 5.145627470460813,
        "Soil_Temperature": 24.726391382307074,
        "Wind_Dir_Sin": 110.74892190832188,
        "Wind_Dir_Cos": 91.93506071411197
    }
}