{
    "MSE": {
        "Temperature": 5.121236250432161,
        "Precipitation_accumulated": 561.7012839459114,
        "Humidity": 22.05134488138983,
        "Wind_Speed_kmh": 0.09160343764759028,
        "Soil_Moisture": 53043.20574322174,
        "Soil_Temperature": 7.864563179934603,
        "Wind_Dir_Sin": 0.07183729775696641,
        "Wind_Dir_Cos": 0.12141352216448406
    },
    "RMSE": {
        "Temperature": 2.2630148586414895,
        "Precipitation_accumulated": 23.70023805673503,
        "Humidity": 4.69588595276651,
        "Wind_Speed_kmh": 0.3026605981088227,
        "Soil_Moisture": 230.31110642611603,
        "Soil_Temperature": 2.8043828518828526,
        "Wind_Dir_Sin": 0.26802480809985935,
        "Wind_Dir_Cos": 0.3484444319607993
    },
    "MAE": {
        "Temperature": 1.643938846935874,
        "Precipitation_accumulated": 13.452977281658107,
        "Humidity": 3.7691506456238546,
        "Wind_Speed_kmh": 0.22536819929431823,
        "Soil_Moisture": 143.29688330829802,
        "Soil_Temperature": 1.8216240096326635,
        "Wind_Dir_Sin": 0.1833118797847412,
        "Wind_Dir_Cos": 0.22985126118627988
    },
    "R2": {
        "Temperature": 0.8865865047473231,
        "Precipitation_accumulated": 0.986477709797701,
        "Humidity": 0.8837669801105262,
        "Wind_Speed_kmh": 0.6976277002961023,
        "Soil_Moisture": 0.9596075544156311,
        "Soil_Temperature": 0.8294090307024197,
        "Wind_Dir_Sin": 0.790193018337402,
        "Wind_Dir_Cos": 0.808577171209568
    },
    "SMAPE": {
        "Temperature": 10.71709765106541,
        "Precipitation_accumulated": 49.476735426909386,
        "Humidity": 4.837966899127337,
        "Wind_Speed_kmh": 90.84647445711978,
        "Soil_Moisture": 1.9472127484180735,
        "Soil_Temperature": 11.94813754439539,
        "Wind_Dir_Sin": 101.66285619370109,
        "Wind_Dir_Cos": 55.293676328117506
    }
}