{
    "best_value": 0.10596477232492901,
    "best_params": {
        "input_chunk_length": 45,
        "output_chunk_length": 1,
        "dropout": 0.1300946376042601,
        "batch_size": 104,
        "lr": 0.00011494227662736073,
        "weight_decay": 8.444384638688174e-05,
        "num_layers": 1,
        "num_blocks": 4,
        "num_stacks": 3,
        "layer_widths": 243,
        "activation": "GELU",
        "loss_fn": "huber",
        "optimizer": "AdamW"
    }
}