{
    "MSE": {
        "Temperature": 15.045593018179966,
        "Precipitation_accumulated": 0.20914518584525665,
        "Humidity": 163.69842373244495,
        "Wind_Speed_kmh": 2.4096505421233196,
        "Soil_Moisture": 180194.40532494997,
        "Soil_Temperature": 34.252539845258276,
        "Wind_Dir_Sin": 0.3037484494148107,
        "Wind_Dir_Cos": 0.327104549903989
    },
    "RMSE": {
        "Temperature": 3.878864913628724,
        "Precipitation_accumulated": 0.4573239397246296,
        "Humidity": 12.794468481826236,
        "Wind_Speed_kmh": 1.5523049127421196,
        "Soil_Moisture": 424.49311575684,
        "Soil_Temperature": 5.852566944961696,
        "Wind_Dir_Sin": 0.5511337854049693,
        "Wind_Dir_Cos": 0.5719305463987643
    },
    "MAE": {
        "Temperature": 3.1084398741784844,
        "Precipitation_accumulated": 0.34509027722624863,
        "Humidity": 10.393299601816542,
        "Wind_Speed_kmh": 1.3183644930151424,
        "Soil_Moisture": 294.26790013874137,
        "Soil_Temperature": 4.310246611235418,
        "Wind_Dir_Sin": 0.44082357353402485,
        "Wind_Dir_Cos": 0.43922943987215224
    },
    "R2": {
        "Temperature": 0.7000840080674166,
        "Precipitation_accumulated": 0.6719859394726722,
        "Humidity": 0.4842792778916316,
        "Wind_Speed_kmh": -4.641616562741644,
        "Soil_Moisture": 0.7130383336608881,
        "Soil_Temperature": 0.5289492695177187,
        "Wind_Dir_Sin": 0.05726395171814436,
        "Wind_Dir_Cos": 0.12586935010641787
    },
    "SMAPE": {
        "Temperature": 18.966668831879804,
        "Precipitation_accumulated": 10.465334949370241,
        "Humidity": 18.027044318735854,
        "Wind_Speed_kmh": 81.72641187861024,
        "Soil_Moisture": 3.7211825655666857,
        "Soil_Temperature": 24.09426754450368,
        "Wind_Dir_Sin": 108.92265399340984,
        "Wind_Dir_Cos": 89.21830455986102
    }
}