{
    "best_value": 44.06928514353637,
    "best_params": {
        "input_chunk_length": 27,
        "num_layers": 1,
        "num_blocks": 2,
        "num_stacks": 5,
        "layer_widths": 121,
        "activation": "ReLU",
        "dropout": 0.08560156001486155,
        "batch_size": 16,
        "lr": 0.00018051530839289888
    }
}