{
    "Temperature": {
        "MSE": 27.47239176161762,
        "RMSE": 5.241411237597907,
        "MAE": 4.363529179737179,
        "R2": 0.45382839976488465,
        "SMAPE": 25.730959147101448
    },
    "Precipitation_accumulated": {
        "MSE": 5.056127933752985,
        "RMSE": 2.248583539420536,
        "MAE": 2.042970926884945,
        "R2": -7.187726034684404,
        "SMAPE": 107.43835197615454
    },
    "Humidity": {
        "MSE": 479.4949477160043,
        "RMSE": 21.897373077974542,
        "MAE": 19.33120043643376,
        "R2": -0.5431833501449017,
        "SMAPE": 26.980403385264676
    },
    "Wind_Speed_kmh": {
        "MSE": 0.35711148972521034,
        "RMSE": 0.5975880602264493,
        "MAE": 0.4764757012121893,
        "R2": 0.14215727024458924,
        "SMAPE": 61.241909914539676
    },
    "Soil_Moisture": {
        "MSE": 1149448.7639444352,
        "RMSE": 1072.1234835336998,
        "MAE": 694.9169192996293,
        "R2": -0.8911053880736013,
        "SMAPE": 8.510581813160702
    },
    "Soil_Temperature": {
        "MSE": 31.305286354812754,
        "RMSE": 5.5951127204742495,
        "MAE": 4.5736027898940534,
        "R2": 0.5723791748079043,
        "SMAPE": 25.800650813375828
    },
    "Wind_Dir_Sin": {
        "MSE": 0.36919831113720813,
        "RMSE": 0.6076169114970452,
        "MAE": 0.5156317648197714,
        "R2": -0.16687088767377567,
        "SMAPE": 136.2352594874219
    },
    "Wind_Dir_Cos": {
        "MSE": 0.48498724710120256,
        "RMSE": 0.6964102577512787,
        "MAE": 0.5288646010827952,
        "R2": -0.24961496283316986,
        "SMAPE": 88.87609825195732
    }
}