{
    "MSE": {
        "Temperature": 8.635265368895059,
        "Precipitation_accumulated": 2279.969858287779,
        "Humidity": 59.514673708311115,
        "Wind_Speed_kmh": 0.07084440154789694,
        "Soil_Moisture": 243916.62364223952,
        "Soil_Temperature": 10.78402853214249,
        "Wind_Dir_Sin": 0.0855079699816917,
        "Wind_Dir_Cos": 0.20116934472870215
    },
    "RMSE": {
        "Temperature": 2.93858220386891,
        "Precipitation_accumulated": 47.74902991986098,
        "Humidity": 7.714575406871795,
        "Wind_Speed_kmh": 0.26616611645342264,
        "Soil_Moisture": 493.87915894704395,
        "Soil_Temperature": 3.283904464527324,
        "Wind_Dir_Sin": 0.2924174584078244,
        "Wind_Dir_Cos": 0.44851905726368213
    },
    "MAE": {
        "Temperature": 2.2140474147377844,
        "Precipitation_accumulated": 31.649735121043147,
        "Humidity": 5.979456020944512,
        "Wind_Speed_kmh": 0.18954354027459613,
        "Soil_Moisture": 420.5361160017327,
        "Soil_Temperature": 2.3462418426015565,
        "Wind_Dir_Sin": 0.22521138301720597,
        "Wind_Dir_Cos": 0.37567251780566896
    },
    "R2": {
        "Temperature": 0.809479953675327,
        "Precipitation_accumulated": 0.9416259257547778,
        "Humidity": 0.6869092520274298,
        "Wind_Speed_kmh": 0.7586023829702181,
        "Soil_Moisture": 0.8021952236325056,
        "Soil_Temperature": 0.7667510967912582,
        "Wind_Dir_Sin": 0.7486320154376837,
        "Wind_Dir_Cos": 0.6787990161062397
    },
    "SMAPE": {
        "Temperature": 15.837558863617884,
        "Precipitation_accumulated": 41.510174049341686,
        "Humidity": 7.544573100463232,
        "Wind_Speed_kmh": 93.18679987847797,
        "Soil_Moisture": 5.763780408142053,
        "Soil_Temperature": 17.590686746025007,
        "Wind_Dir_Sin": 103.13358608594724,
        "Wind_Dir_Cos": 84.78094453419979
    }
}