{
    "Temperature": {
        "MSE": 12.479500644140307,
        "RMSE": 3.532633669677668,
        "MAE": 3.2116080873111623,
        "R2": 0.7731024504186295,
        "SMAPE": 17.322103420879998
    },
    "Precipitation_accumulated": {
        "MSE": 0.17759880057198255,
        "RMSE": 0.4214247270533405,
        "MAE": 0.4076811500920085,
        "R2": -9.005329045795491e+29,
        "SMAPE": 17.321741840881234
    },
    "Humidity": {
        "MSE": 342.4591474507761,
        "RMSE": 18.505651770493685,
        "MAE": 17.52918205884006,
        "R2": -1.2447049321900279,
        "SMAPE": 24.57219577940143
    },
    "Wind_Speed_kmh": {
        "MSE": 0.2849349557663478,
        "RMSE": 0.5337929896189606,
        "MAE": 0.45144329032047387,
        "R2": -0.670245020217666,
        "SMAPE": 67.39116246890806
    },
    "Soil_Moisture": {
        "MSE": 13231.802874758825,
        "RMSE": 115.02957391366284,
        "MAE": 99.36109111732621,
        "R2": -0.777815476834564,
        "SMAPE": 1.1433946465173308
    },
    "Soil_Temperature": {
        "MSE": 15.462044054604748,
        "RMSE": 3.9321805724819847,
        "MAE": 2.5925387440211343,
        "R2": 0.8342720889275467,
        "SMAPE": 10.73770129325831
    },
    "Wind_Dir_Sin": {
        "MSE": 0.611672387999522,
        "RMSE": 0.7820948714826877,
        "MAE": 0.71875594057635,
        "R2": -8.186863512964257,
        "SMAPE": 158.12736323099105
    },
    "Wind_Dir_Cos": {
        "MSE": 0.4456099550861136,
        "RMSE": 0.6675402273167615,
        "MAE": 0.5790587193591068,
        "R2": 0.1632272330678064,
        "SMAPE": 125.86818489977558
    }
}