{
    "Temperature": {
        "MSE": 17.438977368498556,
        "RMSE": 4.176000163852793,
        "MAE": 3.5202341585418226,
        "R2": 0.68097400870554,
        "SMAPE": 16.453899446790288
    },
    "Precipitation_accumulated": {
        "MSE": 0.9264933347439372,
        "RMSE": 0.9625452377649256,
        "MAE": 0.891437096553573,
        "R2": -7002.908573544803,
        "SMAPE": 43.25137576586218
    },
    "Humidity": {
        "MSE": 733.6374525736113,
        "RMSE": 27.08574260701765,
        "MAE": 25.944503861540277,
        "R2": -3.117375865983237,
        "SMAPE": 35.24559252209266
    },
    "Wind_Speed_kmh": {
        "MSE": 0.3826840447170011,
        "RMSE": 0.6186146172836535,
        "MAE": 0.513926203669571,
        "R2": -1.204071610166928,
        "SMAPE": 78.38029365828744
    },
    "Soil_Moisture": {
        "MSE": 31441.355560868746,
        "RMSE": 177.31710453554317,
        "MAE": 161.34458080288317,
        "R2": -5.380202471415255,
        "SMAPE": 1.8547516290616581
    },
    "Soil_Temperature": {
        "MSE": 28.327690865622518,
        "RMSE": 5.322376430282108,
        "MAE": 3.760679300251916,
        "R2": 0.6844850035532332,
        "SMAPE": 15.106617200361613
    },
    "Wind_Dir_Sin": {
        "MSE": 0.4865022805967346,
        "RMSE": 0.6974971545438265,
        "MAE": 0.6310061267333482,
        "R2": -1.3693215134892416,
        "SMAPE": 155.041364537268
    },
    "Wind_Dir_Cos": {
        "MSE": 0.41824120558318284,
        "RMSE": 0.6467157069247529,
        "MAE": 0.5745526673597487,
        "R2": 0.005568509067692684,
        "SMAPE": 137.95463692771148
    }
}