{
    "MSE": {
        "Temperature": 11.730250081057402,
        "Precipitation_accumulated": 3521.964622900083,
        "Humidity": 69.41188652530231,
        "Wind_Speed_kmh": 0.08950644896617091,
        "Soil_Moisture": 303709.2985306058,
        "Soil_Temperature": 13.828662023704918,
        "Wind_Dir_Sin": 0.0993181858427976,
        "Wind_Dir_Cos": 0.2176373431477189
    },
    "RMSE": {
        "Temperature": 3.4249452668703193,
        "Precipitation_accumulated": 59.34614244329688,
        "Humidity": 8.331379629167207,
        "Wind_Speed_kmh": 0.29917628409713715,
        "Soil_Moisture": 551.098265766284,
        "Soil_Temperature": 3.718690901877288,
        "Wind_Dir_Sin": 0.31514787932460786,
        "Wind_Dir_Cos": 0.46651617672672285
    },
    "MAE": {
        "Temperature": 2.5939120858879874,
        "Precipitation_accumulated": 47.5726298422599,
        "Humidity": 6.674439681067751,
        "Wind_Speed_kmh": 0.22997001742172987,
        "Soil_Moisture": 481.0520237558197,
        "Soil_Temperature": 2.6829248358737128,
        "Wind_Dir_Sin": 0.23473465062966808,
        "Wind_Dir_Cos": 0.39513487044922097
    },
    "R2": {
        "Temperature": 0.7417550268027628,
        "Precipitation_accumulated": 0.9012728957256156,
        "Humidity": 0.6259244937294848,
        "Wind_Speed_kmh": 0.6841032937656428,
        "Soil_Moisture": 0.7312080941063754,
        "Soil_Temperature": 0.7017698961178462,
        "Wind_Dir_Sin": 0.7017439211816555,
        "Wind_Dir_Cos": 0.6449096338410885
    },
    "SMAPE": {
        "Temperature": 18.15492496159119,
        "Precipitation_accumulated": 45.58552468519573,
        "Humidity": 8.330128200942518,
        "Wind_Speed_kmh": 99.48798518541265,
        "Soil_Moisture": 6.588997937849957,
        "Soil_Temperature": 19.71244175916792,
        "Wind_Dir_Sin": 110.58014687453485,
        "Wind_Dir_Cos": 90.8196634002846
    }
}