{
    "Temperature": {
        "MSE": 19.64628689721943,
        "RMSE": 4.4324132137267425,
        "MAE": 4.413705599112287,
        "R2": -26.67663318643819,
        "SMAPE": 17.177430402947323
    },
    "Precipitation_accumulated": {
        "MSE": 0.09607888295793875,
        "RMSE": 0.3099659383834597,
        "MAE": 0.29990214379316776,
        "R2": -Infinity,
        "SMAPE": 12.434284713594243
    },
    "Humidity": {
        "MSE": 92.93864612139612,
        "RMSE": 9.640469185750044,
        "MAE": 9.186149077424835,
        "R2": -30.885049674151645,
        "SMAPE": 17.497735256295297
    },
    "Wind_Speed_kmh": {
        "MSE": 0.053587768288777066,
        "RMSE": 0.2314903200757584,
        "MAE": 0.2146030350006312,
        "R2": 0.31134131563285616,
        "SMAPE": 42.989842195949564
    },
    "Soil_Moisture": {
        "MSE": 1629.2534214767902,
        "RMSE": 40.36401146413461,
        "MAE": 35.178474347621886,
        "R2": -75.01931286843673,
        "SMAPE": 0.40637767439010525
    },
    "Soil_Temperature": {
        "MSE": 0.43027067878599884,
        "RMSE": 0.6559502105998586,
        "MAE": 0.5995221325307002,
        "R2": 0.8116827228030578,
        "SMAPE": 2.3319321425042197
    },
    "Wind_Dir_Sin": {
        "MSE": 0.35326987551368433,
        "RMSE": 0.5943651028733806,
        "MAE": 0.48800330830447125,
        "R2": -2.817611461105888,
        "SMAPE": 97.74605765070608
    },
    "Wind_Dir_Cos": {
        "MSE": 0.17641289699575977,
        "RMSE": 0.4200153532857576,
        "MAE": 0.39823788722066156,
        "R2": -2.4529401283634993,
        "SMAPE": 93.74358292686532
    }
}