{
    "MSE": {
        "Temperature": 13.725280192312695,
        "Precipitation_accumulated": 5224.206201233489,
        "Humidity": 75.51233522182834,
        "Wind_Speed_kmh": 0.08713971574559282,
        "Soil_Moisture": 350917.44825177395,
        "Soil_Temperature": 15.061223079888912,
        "Wind_Dir_Sin": 0.09784119263652605,
        "Wind_Dir_Cos": 0.21835443813257885
    },
    "RMSE": {
        "Temperature": 3.704764525892664,
        "Precipitation_accumulated": 72.27867044456123,
        "Humidity": 8.689783381755172,
        "Wind_Speed_kmh": 0.29519436943409477,
        "Soil_Moisture": 592.3828561426925,
        "Soil_Temperature": 3.880879163268152,
        "Wind_Dir_Sin": 0.3127957682522672,
        "Wind_Dir_Cos": 0.4672841085812558
    },
    "MAE": {
        "Temperature": 2.843711954770188,
        "Precipitation_accumulated": 60.964664943776015,
        "Humidity": 7.100570448076426,
        "Wind_Speed_kmh": 0.23247590469605448,
        "Soil_Moisture": 526.012027108148,
        "Soil_Temperature": 2.867666180088309,
        "Wind_Dir_Sin": 0.23129327886291484,
        "Wind_Dir_Cos": 0.3961228575657354
    },
    "R2": {
        "Temperature": 0.7023020973487603,
        "Precipitation_accumulated": 0.8336878303794812,
        "Humidity": 0.5978021687545056,
        "Wind_Speed_kmh": 0.6932330992925437,
        "Soil_Moisture": 0.6510158826162034,
        "Soil_Temperature": 0.6791648083604871,
        "Wind_Dir_Sin": 0.6926564782157014,
        "Wind_Dir_Cos": 0.6356387500677099
    },
    "SMAPE": {
        "Temperature": 19.77384710668304,
        "Precipitation_accumulated": 44.42675227994173,
        "Humidity": 8.815580023511508,
        "Wind_Speed_kmh": 103.03611170799644,
        "Soil_Moisture": 7.183599788029248,
        "Soil_Temperature": 21.16743162489983,
        "Wind_Dir_Sin": 112.5483519133814,
        "Wind_Dir_Cos": 90.32562597903406
    }
}