{
    "Temperature": {
        "MSE": 13.788465606418704,
        "RMSE": 3.713282322476801,
        "MAE": 3.5816462035216134,
        "R2": 0.6386978736240683,
        "SMAPE": 22.877172856260547
    },
    "Precipitation_accumulated": {
        "MSE": 0.09972636774813008,
        "RMSE": 0.31579481906473716,
        "MAE": 0.3086930124846706,
        "R2": -5.0567275973799295e+29,
        "SMAPE": 12.80548293030287
    },
    "Humidity": {
        "MSE": 146.97687714308432,
        "RMSE": 12.123402044932945,
        "MAE": 11.529455165557435,
        "R2": -0.218949813613871,
        "SMAPE": 16.401891983886017
    },
    "Wind_Speed_kmh": {
        "MSE": 0.1769542412341875,
        "RMSE": 0.42065929353122283,
        "MAE": 0.33015265000597743,
        "R2": -0.4605839212856844,
        "SMAPE": 39.21132589704795
    },
    "Soil_Moisture": {
        "MSE": 2340.459532899206,
        "RMSE": 48.37829609338475,
        "MAE": 41.871733613661036,
        "R2": -2.0853156833726865,
        "SMAPE": 0.47953566018040794
    },
    "Soil_Temperature": {
        "MSE": 1.2584033117160678,
        "RMSE": 1.121785769082523,
        "MAE": 0.7445593086692743,
        "R2": 0.9594727938327998,
        "SMAPE": 4.941158711112698
    },
    "Wind_Dir_Sin": {
        "MSE": 0.3346937330833983,
        "RMSE": 0.5785272103223825,
        "MAE": 0.5425880570263305,
        "R2": -8.13359029238494,
        "SMAPE": 114.55506332109574
    },
    "Wind_Dir_Cos": {
        "MSE": 0.29510681323073695,
        "RMSE": 0.5432373452099339,
        "MAE": 0.37209679913074495,
        "R2": 0.31944586211367576,
        "SMAPE": 75.86230530407728
    }
}