{
    "Temperature": {
        "MSE": 15.11097684313898,
        "RMSE": 3.8872839931163994,
        "MAE": 3.7434957900189203,
        "R2": 0.3207425110710195,
        "SMAPE": 16.811304673166106
    },
    "Precipitation_accumulated": {
        "MSE": 0.12182387682465627,
        "RMSE": 0.34903277328161647,
        "MAE": 0.3413555641242087,
        "R2": -6.177204423156216e+29,
        "SMAPE": 14.26020371817606
    },
    "Humidity": {
        "MSE": 84.69517142107946,
        "RMSE": 9.202997958332897,
        "MAE": 8.722960497559402,
        "R2": 0.3131972659432195,
        "SMAPE": 14.70984006599902
    },
    "Wind_Speed_kmh": {
        "MSE": 0.031407103107862815,
        "RMSE": 0.17722049291169126,
        "MAE": 0.14772476125041606,
        "R2": 0.6363383261404221,
        "SMAPE": 26.318026668532184
    },
    "Soil_Moisture": {
        "MSE": 1607.0259707553134,
        "RMSE": 40.08772843097141,
        "MAE": 37.26993634561253,
        "R2": -5.756766344727519,
        "SMAPE": 0.4290680522134083
    },
    "Soil_Temperature": {
        "MSE": 0.2515279528857836,
        "RMSE": 0.5015256253530657,
        "MAE": 0.3991617078262119,
        "R2": 0.9863728637596357,
        "SMAPE": 1.6444427604164729
    },
    "Wind_Dir_Sin": {
        "MSE": 0.3545256292746548,
        "RMSE": 0.5954205482469133,
        "MAE": 0.5366524122439951,
        "R2": -4.836406853820168,
        "SMAPE": 104.14318689709029
    },
    "Wind_Dir_Cos": {
        "MSE": 0.20439643485590628,
        "RMSE": 0.4521022393838658,
        "MAE": 0.3821189400225879,
        "R2": 0.33753795975932444,
        "SMAPE": 98.34711574718688
    }
}