{
    "Temperature": {
        "MSE": 12.5899577718478,
        "RMSE": 3.5482330492581515,
        "MAE": 3.4087789991905466,
        "R2": 0.7642863970888469,
        "SMAPE": 19.799765382941846
    },
    "Precipitation_accumulated": {
        "MSE": 0.10889532120081236,
        "RMSE": 0.32999291083417587,
        "MAE": 0.32381540422817584,
        "R2": -Infinity,
        "SMAPE": 13.46953650818371
    },
    "Humidity": {
        "MSE": 196.01755858352726,
        "RMSE": 14.000627078225007,
        "MAE": 13.34078525299879,
        "R2": -0.21437449275336773,
        "SMAPE": 19.411970660235536
    },
    "Wind_Speed_kmh": {
        "MSE": 0.32321729031550306,
        "RMSE": 0.5685220227181205,
        "MAE": 0.478533684810676,
        "R2": -1.0534659346926958,
        "SMAPE": 69.78928169404287
    },
    "Soil_Moisture": {
        "MSE": 6444.063090398875,
        "RMSE": 80.27492192708053,
        "MAE": 68.64316083617511,
        "R2": -0.009531372410135353,
        "SMAPE": 0.7885545308324007
    },
    "Soil_Temperature": {
        "MSE": 8.828551080468612,
        "RMSE": 2.9712877814962004,
        "MAE": 1.8416998444262092,
        "R2": 0.9040417847129463,
        "SMAPE": 7.814403972840658
    },
    "Wind_Dir_Sin": {
        "MSE": 0.6188632731164282,
        "RMSE": 0.7866786339519004,
        "MAE": 0.7283347762249998,
        "R2": -8.947071040824317,
        "SMAPE": 149.89624201777326
    },
    "Wind_Dir_Cos": {
        "MSE": 0.4647550214167577,
        "RMSE": 0.6817294341722071,
        "MAE": 0.5527651119146215,
        "R2": -0.05136423493568665,
        "SMAPE": 118.77703472995427
    }
}