{
    "Temperature": {
        "MSE": 32.25416830136863,
        "RMSE": 5.6792753324142184,
        "MAE": 4.721861252477182,
        "R2": 0.4968676851006155,
        "SMAPE": 26.25491868702518
    },
    "Precipitation_accumulated": {
        "MSE": 1.9047370486485053,
        "RMSE": 1.3801221136727377,
        "MAE": 1.2910467838656334,
        "R2": -11038.052961868398,
        "SMAPE": 70.00209200379993
    },
    "Humidity": {
        "MSE": 734.86097351495,
        "RMSE": 27.108319267615062,
        "MAE": 25.81958053110109,
        "R2": -2.4974867571617727,
        "SMAPE": 34.845734632125556
    },
    "Wind_Speed_kmh": {
        "MSE": 0.39006541284030893,
        "RMSE": 0.6245521698307588,
        "MAE": 0.5102632760672869,
        "R2": -0.5424257916618744,
        "SMAPE": 78.1867475559996
    },
    "Soil_Moisture": {
        "MSE": 38291.40084353079,
        "RMSE": 195.68188685601638,
        "MAE": 180.82589185596515,
        "R2": -1.0833460448706371,
        "SMAPE": 2.098226219559588
    },
    "Soil_Temperature": {
        "MSE": 35.88479962182135,
        "RMSE": 5.990392276121936,
        "MAE": 4.692818271582193,
        "R2": 0.6174692008089286,
        "SMAPE": 23.921487731306666
    },
    "Wind_Dir_Sin": {
        "MSE": 0.3907099635415402,
        "RMSE": 0.6250679671376067,
        "MAE": 0.55514288351493,
        "R2": -0.5890358514519178,
        "SMAPE": 133.9055182214521
    },
    "Wind_Dir_Cos": {
        "MSE": 0.384289847214687,
        "RMSE": 0.619911160743769,
        "MAE": 0.5416584955584893,
        "R2": 0.047393641134600206,
        "SMAPE": 122.29029577057186
    }
}