{
    "MSE": {
        "Temperature": 7.758710761372677,
        "Precipitation_accumulated": 1282.4256065671852,
        "Humidity": 44.7029531301781,
        "Wind_Speed_kmh": 0.065375837418851,
        "Soil_Moisture": 182850.25784030062,
        "Soil_Temperature": 9.179505063608794,
        "Wind_Dir_Sin": 0.06813978920787349,
        "Wind_Dir_Cos": 0.17102836075216735
    },
    "RMSE": {
        "Temperature": 2.78544624097696,
        "Precipitation_accumulated": 35.81097047787431,
        "Humidity": 6.6860267072588115,
        "Wind_Speed_kmh": 0.255686991102111,
        "Soil_Moisture": 427.6099365546837,
        "Soil_Temperature": 3.029769803732421,
        "Wind_Dir_Sin": 0.26103599216942,
        "Wind_Dir_Cos": 0.413555752894537
    },
    "MAE": {
        "Temperature": 2.1352457115094743,
        "Precipitation_accumulated": 20.902359547053948,
        "Humidity": 5.121493581477946,
        "Wind_Speed_kmh": 0.18868557639961242,
        "Soil_Moisture": 353.0080892244654,
        "Soil_Temperature": 2.1907153199945997,
        "Wind_Dir_Sin": 0.19494646257385528,
        "Wind_Dir_Cos": 0.3399748446282252
    },
    "R2": {
        "Temperature": 0.8290500259099064,
        "Precipitation_accumulated": 0.9683172454804463,
        "Humidity": 0.765018919908867,
        "Wind_Speed_kmh": 0.7789322538516098,
        "Soil_Moisture": 0.85681834413003,
        "Soil_Temperature": 0.8020688437651042,
        "Wind_Dir_Sin": 0.8018668042539094,
        "Wind_Dir_Cos": 0.7283862666367442
    },
    "SMAPE": {
        "Temperature": 15.349308587951256,
        "Precipitation_accumulated": 39.922840260743385,
        "Humidity": 6.556012255766545,
        "Wind_Speed_kmh": 91.91960248686672,
        "Soil_Moisture": 4.859901154934163,
        "Soil_Temperature": 16.204615704563658,
        "Wind_Dir_Sin": 98.46176053915704,
        "Wind_Dir_Cos": 77.17653251773095
    }
}