{
    "Temperature": {
        "MSE": 26.207888740420792,
        "RMSE": 5.119364095316994,
        "MAE": 4.253069567746238,
        "R2": 0.4803941198855338,
        "SMAPE": 23.118718372727482
    },
    "Precipitation_accumulated": {
        "MSE": 3.6389620066108908,
        "RMSE": 1.907606355255426,
        "MAE": 1.801484891889309,
        "R2": -822.233951299328,
        "SMAPE": 109.57404143684643
    },
    "Humidity": {
        "MSE": 590.3497984072696,
        "RMSE": 24.297115022308095,
        "MAE": 22.19944536395982,
        "R2": -1.2038912747467982,
        "SMAPE": 32.053955365091994
    },
    "Wind_Speed_kmh": {
        "MSE": 0.3796029901052421,
        "RMSE": 0.6161192985982845,
        "MAE": 0.4941524095599947,
        "R2": 0.14818943861291312,
        "SMAPE": 62.58751122729118
    },
    "Soil_Moisture": {
        "MSE": 1344460.725449116,
        "RMSE": 1159.5088293967908,
        "MAE": 740.3160947024012,
        "R2": -1.0087489724621066,
        "SMAPE": 9.189310937837798
    },
    "Soil_Temperature": {
        "MSE": 33.914537051887365,
        "RMSE": 5.823618896518501,
        "MAE": 4.695487923782734,
        "R2": 0.5666442067694077,
        "SMAPE": 24.296806642883812
    },
    "Wind_Dir_Sin": {
        "MSE": 0.3442952922230457,
        "RMSE": 0.5867668124758298,
        "MAE": 0.5004291939254193,
        "R2": -0.16901140334456866,
        "SMAPE": 128.6283337660195
    },
    "Wind_Dir_Cos": {
        "MSE": 0.5896495759242913,
        "RMSE": 0.7678864342624444,
        "MAE": 0.5907427047869165,
        "R2": -0.2917289422439997,
        "SMAPE": 101.14395515428384
    }
}