{
    "Temperature": {
        "MSE": 14.224945792036781,
        "RMSE": 3.7715972467956838,
        "MAE": 3.2335923389854693,
        "R2": 0.7521574739832453,
        "SMAPE": 16.28341243883798
    },
    "Precipitation_accumulated": {
        "MSE": 0.30234784388706193,
        "RMSE": 0.5498616588625378,
        "MAE": 0.5178597607639117,
        "R2": -40720.447629483984,
        "SMAPE": 22.736787558515076
    },
    "Humidity": {
        "MSE": 479.8867341936914,
        "RMSE": 21.906317221150875,
        "MAE": 20.707382125049865,
        "R2": -1.7877829037170914,
        "SMAPE": 28.869966117425015
    },
    "Wind_Speed_kmh": {
        "MSE": 0.29294563136396196,
        "RMSE": 0.5412445208627631,
        "MAE": 0.44693972636013324,
        "R2": -0.8569839009146207,
        "SMAPE": 68.26253545120703
    },
    "Soil_Moisture": {
        "MSE": 26757.470700812704,
        "RMSE": 163.5771093423915,
        "MAE": 139.53559820017497,
        "R2": -2.4988143880375575,
        "SMAPE": 1.6052546443773201
    },
    "Soil_Temperature": {
        "MSE": 19.25880434764111,
        "RMSE": 4.388485427529766,
        "MAE": 2.920115915396032,
        "R2": 0.7945862717433421,
        "SMAPE": 11.882730822008341
    },
    "Wind_Dir_Sin": {
        "MSE": 0.6367129020865603,
        "RMSE": 0.797942919065368,
        "MAE": 0.7412794899365276,
        "R2": -5.031315378814087,
        "SMAPE": 164.72173429587417
    },
    "Wind_Dir_Cos": {
        "MSE": 0.37780393090560654,
        "RMSE": 0.6146575720721307,
        "MAE": 0.5205793413382044,
        "R2": 0.1126610431656827,
        "SMAPE": 129.73602650127896
    }
}