{
    "MSE": {
        "Temperature": 15.204217841616014,
        "Precipitation_accumulated": 0.25346445280227564,
        "Humidity": 42.03133670781264,
        "Wind_Speed_kmh": 0.489287191887737,
        "Soil_Moisture": 70558.91014696468,
        "Soil_Temperature": 6.968129944678075,
        "Wind_Dir_Sin": 0.21696872824692415,
        "Wind_Dir_Cos": 0.281138684625537
    },
    "RMSE": {
        "Temperature": 3.8992586271772245,
        "Precipitation_accumulated": 0.5034525328194066,
        "Humidity": 6.483157927107178,
        "Wind_Speed_kmh": 0.6994906660476157,
        "Soil_Moisture": 265.62927200699227,
        "Soil_Temperature": 2.6397215657485686,
        "Wind_Dir_Sin": 0.4657990213030982,
        "Wind_Dir_Cos": 0.5302251263619416
    },
    "MAE": {
        "Temperature": 2.6833143280198994,
        "Precipitation_accumulated": 0.3295712066395958,
        "Humidity": 4.466436809856339,
        "Wind_Speed_kmh": 0.5220643229753581,
        "Soil_Moisture": 179.10080813019758,
        "Soil_Temperature": 1.9500095684096823,
        "Wind_Dir_Sin": 0.37551541441995895,
        "Wind_Dir_Cos": 0.4381194366092147
    },
    "R2": {
        "Temperature": 0.6959536239363702,
        "Precipitation_accumulated": 0.5973205378337629,
        "Humidity": 0.8659120571039249,
        "Wind_Speed_kmh": -0.15623347769632057,
        "Soil_Moisture": 0.8861053501961749,
        "Soil_Temperature": 0.904064917365019,
        "Wind_Dir_Sin": 0.32146792839448535,
        "Wind_Dir_Cos": 0.27288293319314116
    },
    "SMAPE": {
        "Temperature": 16.742362951104354,
        "Precipitation_accumulated": 10.393029285186016,
        "Humidity": 6.445988851446332,
        "Wind_Speed_kmh": 68.17414949605597,
        "Soil_Moisture": 2.3051242166891366,
        "Soil_Temperature": 11.425529648012953,
        "Wind_Dir_Sin": 100.07715511392777,
        "Wind_Dir_Cos": 88.83969818340555
    }
}