{
    "MSE": {
        "Temperature": 0.02483452218482274,
        "Precipitation_accumulated": 5.5613752425362316e-06,
        "Humidity": 0.27218268193321155,
        "Wind_Speed_kmh": 0.004296986931756005,
        "Soil_Moisture": 56.45362027553394,
        "Soil_Temperature": 0.02633612090089039,
        "Wind_Dir_Sin": 0.005485089922586702,
        "Wind_Dir_Cos": 0.0035808585086885697
    },
    "RMSE": {
        "Temperature": 0.15758972740893595,
        "Precipitation_accumulated": 0.0023582568228537435,
        "Humidity": 0.5217113013278624,
        "Wind_Speed_kmh": 0.06555140678700958,
        "Soil_Moisture": 7.513562422415478,
        "Soil_Temperature": 0.16228407469893769,
        "Wind_Dir_Sin": 0.07406139292902006,
        "Wind_Dir_Cos": 0.0598402749716992
    },
    "MAE": {
        "Temperature": 0.11910727886749635,
        "Precipitation_accumulated": 0.0010311788653745873,
        "Humidity": 0.38227608458977275,
        "Wind_Speed_kmh": 0.05170431590176122,
        "Soil_Moisture": 5.3309489383590805,
        "Soil_Temperature": 0.11928925584468292,
        "Wind_Dir_Sin": 0.05819563579833111,
        "Wind_Dir_Cos": 0.04521635025436968
    },
    "R2": {
        "Temperature": 0.9992859917367289,
        "Precipitation_accumulated": 0.9999950796365566,
        "Humidity": 0.9990397749219789,
        "Wind_Speed_kmh": 0.989499206749045,
        "Soil_Moisture": 0.9999308939239853,
        "Soil_Temperature": 0.9994136006151075,
        "Wind_Dir_Sin": 0.9841277347587827,
        "Wind_Dir_Cos": 0.9885073152473095
    },
    "SMAPE": {
        "Temperature": 0.9306164104436947,
        "Precipitation_accumulated": 0.027699583207492214,
        "Humidity": 0.5464261116039826,
        "Wind_Speed_kmh": 12.2350374050512,
        "Soil_Moisture": 0.06564504778275633,
        "Soil_Temperature": 0.9165839574125063,
        "Wind_Dir_Sin": 22.404664734746497,
        "Wind_Dir_Cos": 10.741738095600752
    }
}