{
    "best_value": 28.132481233105523,
    "best_params": {
        "num_target_lags": 16,
        "n_estimators": 500,
        "max_depth": 8,
        "learning_rate": 0.17026371737320856,
        "min_child_weight": 1,
        "subsample": 0.7,
        "colsample_bytree": 0.6,
        "gamma": 0.0,
        "reg_alpha": 1.0130200568549804e-05,
        "reg_lambda": 0.2846100405536689
    }
}