{
    "MSE": {
        "Temperature": 0.0001547650833451403,
        "Precipitation_accumulated": 3.1710199161378623e-06,
        "Humidity": 0.0008002292491863821,
        "Wind_Speed_kmh": 6.82014722922125e-06,
        "Soil_Moisture": 1.1905935712481535,
        "Soil_Temperature": 0.0002355101819999223,
        "Wind_Dir_Sin": 4.484734665259077e-07,
        "Wind_Dir_Cos": 5.13664469602852e-07
    },
    "RMSE": {
        "Temperature": 0.012440461540680084,
        "Precipitation_accumulated": 0.0017807357794287905,
        "Humidity": 0.02828832354853115,
        "Wind_Speed_kmh": 0.002611541159779269,
        "Soil_Moisture": 1.0911432404813557,
        "Soil_Temperature": 0.01534634099712118,
        "Wind_Dir_Sin": 0.0006696816157891059,
        "Wind_Dir_Cos": 0.0007167038925545556
    },
    "MAE": {
        "Temperature": 0.009687036942056722,
        "Precipitation_accumulated": 0.0009968607450429356,
        "Humidity": 0.02237283208991128,
        "Wind_Speed_kmh": 0.002097609248473822,
        "Soil_Moisture": 0.8475344872690213,
        "Soil_Temperature": 0.012290588680676564,
        "Wind_Dir_Sin": 0.0005211356497263572,
        "Wind_Dir_Cos": 0.0005704716486227409
    },
    "R2": {
        "Temperature": 0.9999956957665785,
        "Precipitation_accumulated": 0.9999971742252188,
        "Humidity": 0.9999973883078198,
        "Wind_Speed_kmh": 0.9999833869131842,
        "Soil_Moisture": 0.9999985721883798,
        "Soil_Temperature": 0.9999948741379208,
        "Wind_Dir_Sin": 0.9999987108385612,
        "Wind_Dir_Cos": 0.9999983445711456
    },
    "SMAPE": {
        "Temperature": 0.0709049546565051,
        "Precipitation_accumulated": 0.027116951525950967,
        "Humidity": 0.03209894416120356,
        "Wind_Speed_kmh": 1.169566128380123,
        "Soil_Moisture": 0.01059496795487659,
        "Soil_Temperature": 0.09010823464380875,
        "Wind_Dir_Sin": 3.626705512477999,
        "Wind_Dir_Cos": 0.7323607429788097
    }
}