{
    "MSE": {
        "Temperature": 2.5379572611655385,
        "Precipitation_accumulated": 0.7988367303222602,
        "Humidity": 20.567046979097643,
        "Wind_Speed_kmh": 0.3781089211947912,
        "Soil_Moisture": 155075.23159034614,
        "Soil_Temperature": 6.537857460433116,
        "Wind_Dir_Sin": 0.23733100748576072,
        "Wind_Dir_Cos": 0.17993910842077468
    },
    "RMSE": {
        "Temperature": 1.5930967519788428,
        "Precipitation_accumulated": 0.8937766669153208,
        "Humidity": 4.53509062523536,
        "Wind_Speed_kmh": 0.6149056197456576,
        "Soil_Moisture": 393.7959263252302,
        "Soil_Temperature": 2.5569234365606484,
        "Wind_Dir_Sin": 0.48716630372569975,
        "Wind_Dir_Cos": 0.42419230122760915
    },
    "MAE": {
        "Temperature": 1.161023049649198,
        "Precipitation_accumulated": 0.41540463195472876,
        "Humidity": 3.23590274686781,
        "Wind_Speed_kmh": 0.4915526218084185,
        "Soil_Moisture": 210.53755029228336,
        "Soil_Temperature": 1.723993477961733,
        "Wind_Dir_Sin": 0.39766428075997884,
        "Wind_Dir_Cos": 0.3108671607962794
    },
    "R2": {
        "Temperature": 0.9496992834739408,
        "Precipitation_accumulated": -0.27998408074547965,
        "Humidity": 0.9343618651878118,
        "Wind_Speed_kmh": 0.10173982225755718,
        "Soil_Moisture": 0.7472978128522325,
        "Soil_Temperature": 0.9113447572713486,
        "Wind_Dir_Sin": 0.2528247735186602,
        "Wind_Dir_Cos": 0.5309201280364108
    },
    "SMAPE": {
        "Temperature": 7.112443749754269,
        "Precipitation_accumulated": 12.307548228779371,
        "Humidity": 5.33700460228206,
        "Wind_Speed_kmh": 49.17314195496263,
        "Soil_Moisture": 2.8405624046024154,
        "Soil_Temperature": 9.101186854215673,
        "Wind_Dir_Sin": 104.15441621629365,
        "Wind_Dir_Cos": 61.68810146539005
    }
}