{
    "best_value": 0.0764929484732749,
    "best_params": {
        "num_target_lags": 22,
        "n_estimators": 300,
        "max_depth": 3,
        "learning_rate": 0.03204910598309296,
        "min_child_weight": 6,
        "subsample": 0.6,
        "colsample_bytree": 0.8,
        "gamma": 0.0,
        "reg_alpha": 1.8047545015871774e-05,
        "reg_lambda": 0.1811980297044638
    }
}