{
    "Temperature": {
        "MSE": 34.34383818831582,
        "RMSE": 5.860361609006378,
        "MAE": 4.887555650605095,
        "R2": 0.401624179512313,
        "SMAPE": 24.86626391556336
    },
    "Precipitation_accumulated": {
        "MSE": 0.0830673588878789,
        "RMSE": 0.288214085165661,
        "MAE": 0.2766877582458292,
        "R2": -11186.852577959333,
        "SMAPE": 11.240592763752684
    },
    "Humidity": {
        "MSE": 193.66310235038196,
        "RMSE": 13.91628910127919,
        "MAE": 10.57588961565936,
        "R2": -0.12503773774937899,
        "SMAPE": 17.096397964517635
    },
    "Wind_Speed_kmh": {
        "MSE": 0.14504601531834707,
        "RMSE": 0.38084907157343456,
        "MAE": 0.28746241696454855,
        "R2": 0.08055254456639405,
        "SMAPE": 31.92196577514383
    },
    "Soil_Moisture": {
        "MSE": 9732.16746298767,
        "RMSE": 98.65174840309558,
        "MAE": 79.20532226562503,
        "R2": -0.2725809523266338,
        "SMAPE": 0.9191536641370062
    },
    "Soil_Temperature": {
        "MSE": 60.58914907980813,
        "RMSE": 7.783903203394049,
        "MAE": 5.762473609712389,
        "R2": 0.3537582718157548,
        "SMAPE": 26.478010179269873
    },
    "Wind_Dir_Sin": {
        "MSE": 0.2521671185436256,
        "RMSE": 0.5021624423865505,
        "MAE": 0.41929255060486603,
        "R2": -1.3886737886405194,
        "SMAPE": 90.79653143636547
    },
    "Wind_Dir_Cos": {
        "MSE": 0.4157438239555399,
        "RMSE": 0.6447819972328166,
        "MAE": 0.507137737617104,
        "R2": 0.023552533784543805,
        "SMAPE": 104.47422098805914
    }
}