{
    "Temperature": {
        "MSE": 23.534515639223326,
        "RMSE": 4.851238567543687,
        "MAE": 4.0074146135648085,
        "R2": 0.5721043588685937,
        "SMAPE": 20.744474592624417
    },
    "Precipitation_accumulated": {
        "MSE": 0.08617689915664846,
        "RMSE": 0.2935590215896089,
        "MAE": 0.2764435502255828,
        "R2": -4.3696879176693206e+29,
        "SMAPE": 11.169416031329005
    },
    "Humidity": {
        "MSE": 130.69115897696784,
        "RMSE": 11.43202339819893,
        "MAE": 8.747138648562961,
        "R2": 0.14336325563796537,
        "SMAPE": 14.20999584700076
    },
    "Wind_Speed_kmh": {
        "MSE": 0.14899982717030527,
        "RMSE": 0.3860049574426542,
        "MAE": 0.2878965024981234,
        "R2": 0.12658586000739613,
        "SMAPE": 31.750323374474032
    },
    "Soil_Moisture": {
        "MSE": 7994.529709997,
        "RMSE": 89.41213401992484,
        "MAE": 72.41787380642363,
        "R2": -0.07413923733393446,
        "SMAPE": 0.83890891043686
    },
    "Soil_Temperature": {
        "MSE": 46.097419658395786,
        "RMSE": 6.789508057171432,
        "MAE": 4.903475048277113,
        "R2": 0.5059107942755459,
        "SMAPE": 22.36862764154367
    },
    "Wind_Dir_Sin": {
        "MSE": 0.13192897615881605,
        "RMSE": 0.3632202859957247,
        "MAE": 0.2962490941874354,
        "R2": -0.9814749221230268,
        "SMAPE": 66.62089762290158
    },
    "Wind_Dir_Cos": {
        "MSE": 0.5225220784847493,
        "RMSE": 0.7228568865859613,
        "MAE": 0.5832983873239537,
        "R2": 0.018800544273410935,
        "SMAPE": 112.24052460263455
    }
}