{
    "Temperature": {
        "MSE": 4.181792019144226,
        "RMSE": 2.0449430356721985,
        "MAE": 1.681936698489718,
        "R2": 0.8904236053738008,
        "SMAPE": 10.227097315782796
    },
    "Precipitation_accumulated": {
        "MSE": 0.07919139180030198,
        "RMSE": 0.28140965122095934,
        "MAE": 0.21445852518081665,
        "R2": -4.0154806139424674e+29,
        "SMAPE": 7.901494883664067
    },
    "Humidity": {
        "MSE": 35.949940591127415,
        "RMSE": 5.995826931385479,
        "MAE": 5.527369689941406,
        "R2": 0.7018498811869306,
        "SMAPE": 8.381725697475332
    },
    "Wind_Speed_kmh": {
        "MSE": 0.056073719656095644,
        "RMSE": 0.23679890129832876,
        "MAE": 0.17855403125286098,
        "R2": 0.5371663727009262,
        "SMAPE": 18.469471353414665
    },
    "Soil_Moisture": {
        "MSE": 2804.9209409378327,
        "RMSE": 52.96150433038919,
        "MAE": 44.63370768229182,
        "R2": -2.6975929077380307,
        "SMAPE": 0.5132676958187004
    },
    "Soil_Temperature": {
        "MSE": 2.9846336445526735,
        "RMSE": 1.7276092279658248,
        "MAE": 1.4355382717980272,
        "R2": 0.9038790966932546,
        "SMAPE": 8.742420125437643
    },
    "Wind_Dir_Sin": {
        "MSE": 0.028190587287842253,
        "RMSE": 0.1679005279558175,
        "MAE": 0.1376270572083094,
        "R2": 0.2306958603114697,
        "SMAPE": 21.63160044876695
    },
    "Wind_Dir_Cos": {
        "MSE": 0.27969591705947816,
        "RMSE": 0.5288628527883936,
        "MAE": 0.4640003638797318,
        "R2": 0.3549853640420383,
        "SMAPE": 125.05118827013997
    }
}