{
    "Temperature": {
        "MSE": 49.839402549363385,
        "RMSE": 7.059702723866168,
        "MAE": 5.78775697942764,
        "R2": 0.08824557381696763,
        "SMAPE": 27.445031713401125
    },
    "Precipitation_accumulated": {
        "MSE": 0.08676080726531213,
        "RMSE": 0.29455187533830457,
        "MAE": 0.2895616875052768,
        "R2": -654.8760209765927,
        "SMAPE": 11.806864138732045
    },
    "Humidity": {
        "MSE": 240.8124611956799,
        "RMSE": 15.518133302548986,
        "MAE": 11.759331579056996,
        "R2": -0.3515059958796627,
        "SMAPE": 18.960201655182136
    },
    "Wind_Speed_kmh": {
        "MSE": 0.1683049439254398,
        "RMSE": 0.4102498554849712,
        "MAE": 0.3175006416818452,
        "R2": 0.030646419996097407,
        "SMAPE": 35.40962263715162
    },
    "Soil_Moisture": {
        "MSE": 7799.1735025953385,
        "RMSE": 88.3129294191702,
        "MAE": 73.55640811011907,
        "R2": -0.5826386988920345,
        "SMAPE": 0.8532017066389672
    },
    "Soil_Temperature": {
        "MSE": 84.12014125459972,
        "RMSE": 9.171703290806986,
        "MAE": 6.8514393167647105,
        "R2": 0.06306637576111174,
        "SMAPE": 29.984037678567287
    },
    "Wind_Dir_Sin": {
        "MSE": 0.29087805486534085,
        "RMSE": 0.5393311180205912,
        "MAE": 0.4737869697430497,
        "R2": -0.4166092548405247,
        "SMAPE": 115.002641918339
    },
    "Wind_Dir_Cos": {
        "MSE": 0.4141332628962773,
        "RMSE": 0.6435318662632623,
        "MAE": 0.4820897520108208,
        "R2": 0.015335761830623795,
        "SMAPE": 87.11599668923648
    }
}