{
    "Temperature": {
        "MSE": 12.051309852989975,
        "RMSE": 3.471499654758729,
        "MAE": 2.936665563053554,
        "R2": 0.7743711522528778,
        "SMAPE": 15.274707277098358
    },
    "Precipitation_accumulated": {
        "MSE": 0.08423995314860078,
        "RMSE": 0.2902411982276134,
        "MAE": 0.25648817369440335,
        "R2": -Infinity,
        "SMAPE": 10.110775864152254
    },
    "Humidity": {
        "MSE": 70.60343486254122,
        "RMSE": 8.402585010729807,
        "MAE": 7.258606137169732,
        "R2": 0.5625952541322531,
        "SMAPE": 11.911222717109858
    },
    "Wind_Speed_kmh": {
        "MSE": 0.10845769128447456,
        "RMSE": 0.3293291534080677,
        "MAE": 0.23527872757779225,
        "R2": 0.3109459763409106,
        "SMAPE": 23.259996470776002
    },
    "Soil_Moisture": {
        "MSE": 6695.28648286396,
        "RMSE": 81.8247302645353,
        "MAE": 69.56694878472224,
        "R2": -0.04888820250614678,
        "SMAPE": 0.8036453295131821
    },
    "Soil_Temperature": {
        "MSE": 27.12968362703549,
        "RMSE": 5.208616287176038,
        "MAE": 3.6998613622453482,
        "R2": 0.705125337280764,
        "SMAPE": 16.424889488560137
    },
    "Wind_Dir_Sin": {
        "MSE": 0.05388586234529457,
        "RMSE": 0.23213328573320666,
        "MAE": 0.18969297758956605,
        "R2": 0.13388542489273725,
        "SMAPE": 35.90023864123284
    },
    "Wind_Dir_Cos": {
        "MSE": 0.2315111568599373,
        "RMSE": 0.48115606289429347,
        "MAE": 0.4134485885817896,
        "R2": 0.4762777396807113,
        "SMAPE": 98.78807315666681
    }
}