{
    "Temperature": {
        "MSE": 49.57928127011447,
        "RMSE": 7.041255660044909,
        "MAE": 5.867147703574645,
        "R2": 0.014326978707482785,
        "SMAPE": 33.17321443512297
    },
    "Precipitation_accumulated": {
        "MSE": 1.0862484491220736,
        "RMSE": 1.0422324352667565,
        "MAE": 0.6843218421478816,
        "R2": -0.759034744283207,
        "SMAPE": 23.240690988690734
    },
    "Humidity": {
        "MSE": 319.8603631658846,
        "RMSE": 17.884640425960054,
        "MAE": 14.523416284762806,
        "R2": -0.029423123559680464,
        "SMAPE": 21.983087129061488
    },
    "Wind_Speed_kmh": {
        "MSE": 0.415623652134379,
        "RMSE": 0.6446888025507959,
        "MAE": 0.5008094818619653,
        "R2": 0.0016010726167935418,
        "SMAPE": 51.16601642164705
    },
    "Soil_Moisture": {
        "MSE": 769059.7804137869,
        "RMSE": 876.9605352658618,
        "MAE": 530.0566050214559,
        "R2": -0.26527874935495444,
        "SMAPE": 6.655892192124426
    },
    "Soil_Temperature": {
        "MSE": 70.71798143745792,
        "RMSE": 8.409398399258887,
        "MAE": 6.675870032508139,
        "R2": 0.03401357727698895,
        "SMAPE": 35.484222074310715
    },
    "Wind_Dir_Sin": {
        "MSE": 0.3267348832514389,
        "RMSE": 0.5716072806144433,
        "MAE": 0.4993700454080987,
        "R2": -0.03266296662961765,
        "SMAPE": 133.32490073443836
    },
    "Wind_Dir_Cos": {
        "MSE": 0.3905872592985858,
        "RMSE": 0.6249698067095608,
        "MAE": 0.4742428003222824,
        "R2": -0.006384572849733594,
        "SMAPE": 77.57778592834333
    }
}