{
    "Temperature": {
        "MSE": 2.305504547250876,
        "RMSE": 1.5183887997646968,
        "MAE": 1.2421390321519628,
        "R2": 0.8963646595626265,
        "SMAPE": 5.593713277923683
    },
    "Precipitation_accumulated": {
        "MSE": 0.14295967755408587,
        "RMSE": 0.37810008933361267,
        "MAE": 0.33322217168213647,
        "R2": -7.248916842394843e+29,
        "SMAPE": 11.961761991747418
    },
    "Humidity": {
        "MSE": 26.85223430971517,
        "RMSE": 5.181914154992841,
        "MAE": 4.57370825873481,
        "R2": 0.7822521918309069,
        "SMAPE": 8.108345649114245
    },
    "Wind_Speed_kmh": {
        "MSE": 0.03845106473989877,
        "RMSE": 0.1960894304645173,
        "MAE": 0.13917558206452266,
        "R2": 0.5547765574885553,
        "SMAPE": 19.72543007378646
    },
    "Soil_Moisture": {
        "MSE": 816.9531071980946,
        "RMSE": 28.58239155840698,
        "MAE": 21.791015625000302,
        "R2": -2.4348923790834807,
        "SMAPE": 0.25100269220759935
    },
    "Soil_Temperature": {
        "MSE": 1.6672841089476906,
        "RMSE": 1.2912335609593217,
        "MAE": 1.0920670954386391,
        "R2": 0.9096708439624537,
        "SMAPE": 4.757360852399245
    },
    "Wind_Dir_Sin": {
        "MSE": 0.04767907923680854,
        "RMSE": 0.21835539662854347,
        "MAE": 0.20125513958063113,
        "R2": 0.21507930072394865,
        "SMAPE": 33.20047019677785
    },
    "Wind_Dir_Cos": {
        "MSE": 0.09612091546571704,
        "RMSE": 0.3100337327868002,
        "MAE": 0.27131693095131454,
        "R2": 0.6884659078613062,
        "SMAPE": 77.8565216573944
    }
}