{
    "Temperature": {
        "MSE": 48.21934064482758,
        "RMSE": 6.944014735355015,
        "MAE": 5.747235090226234,
        "R2": 0.043988121956114346,
        "SMAPE": 30.03035263784846
    },
    "Precipitation_accumulated": {
        "MSE": 0.13675369529513975,
        "RMSE": 0.3698022380883325,
        "MAE": 0.36289175817634567,
        "R2": -29.93747192965411,
        "SMAPE": 14.59838799447927
    },
    "Humidity": {
        "MSE": 348.74213876902945,
        "RMSE": 18.67463891937484,
        "MAE": 14.8347511051368,
        "R2": -0.30192262086514265,
        "SMAPE": 23.928929814648775
    },
    "Wind_Speed_kmh": {
        "MSE": 0.4569888112310013,
        "RMSE": 0.6760094756961631,
        "MAE": 0.5229723427449862,
        "R2": -0.025460562716787427,
        "SMAPE": 49.554875783468724
    },
    "Soil_Moisture": {
        "MSE": 941085.9095451888,
        "RMSE": 970.0958249292638,
        "MAE": 604.0407218329465,
        "R2": -0.40606959951617516,
        "SMAPE": 7.657785628852366
    },
    "Soil_Temperature": {
        "MSE": 76.25765208252216,
        "RMSE": 8.732562744264833,
        "MAE": 6.7127416288635935,
        "R2": 0.025589078289221856,
        "SMAPE": 32.53739902511289
    },
    "Wind_Dir_Sin": {
        "MSE": 0.3188062553439822,
        "RMSE": 0.5646293079038514,
        "MAE": 0.5006820106768484,
        "R2": -0.0824665813706682,
        "SMAPE": 131.97885481373694
    },
    "Wind_Dir_Cos": {
        "MSE": 0.4872158406887104,
        "RMSE": 0.6980084818171699,
        "MAE": 0.5314626250311799,
        "R2": -0.06733020464031525,
        "SMAPE": 86.70798284993242
    }
}