{
    "Temperature": {
        "MSE": 2.0654224435260526,
        "RMSE": 1.437157765704953,
        "MAE": 1.0916716512044253,
        "R2": -1.9096561423318068,
        "SMAPE": 4.143053315301945
    },
    "Precipitation_accumulated": {
        "MSE": 0.24495014490483039,
        "RMSE": 0.49492438301707303,
        "MAE": 0.4948915849308344,
        "R2": -Infinity,
        "SMAPE": 17.548907211287574
    },
    "Humidity": {
        "MSE": 31.054669579646816,
        "RMSE": 5.572671673411849,
        "MAE": 5.059279378255208,
        "R2": -9.654122084671169,
        "SMAPE": 9.952100831983833
    },
    "Wind_Speed_kmh": {
        "MSE": 0.07081684923942648,
        "RMSE": 0.266114353689211,
        "MAE": 0.22395544926325486,
        "R2": 0.08992966519071355,
        "SMAPE": 34.519778389637914
    },
    "Soil_Moisture": {
        "MSE": 147.6081098273953,
        "RMSE": 12.149407797394707,
        "MAE": 10.20258246527798,
        "R2": -5.8872447557706025,
        "SMAPE": 0.11758409112664538
    },
    "Soil_Temperature": {
        "MSE": 2.711117030991373,
        "RMSE": 1.6465470023632405,
        "MAE": 1.5139111751980252,
        "R2": -0.18657905967253408,
        "SMAPE": 5.971775912959103
    },
    "Wind_Dir_Sin": {
        "MSE": 0.04505289357428424,
        "RMSE": 0.21225666909259705,
        "MAE": 0.208630967249558,
        "R2": 0.513135835273028,
        "SMAPE": 40.338487726577746
    },
    "Wind_Dir_Cos": {
        "MSE": 0.04795380905090043,
        "RMSE": 0.2189835816925562,
        "MAE": 0.18055625883754134,
        "R2": 0.06139724249460765,
        "SMAPE": 27.22505355341222
    }
}