{
    "Temperature": {
        "MSE": 58.9971542676887,
        "RMSE": 7.680960504239604,
        "MAE": 6.336090766911024,
        "R2": 0.07970422545607003,
        "SMAPE": 33.94169386280529
    },
    "Precipitation_accumulated": {
        "MSE": 0.09008271218766262,
        "RMSE": 0.3001378219879371,
        "MAE": 0.29752372610816064,
        "R2": -521.0814240443034,
        "SMAPE": 12.139028447515642
    },
    "Humidity": {
        "MSE": 254.5811185162774,
        "RMSE": 15.95559834403829,
        "MAE": 12.408579620311652,
        "R2": -0.21164971705494695,
        "SMAPE": 19.525290024728754
    },
    "Wind_Speed_kmh": {
        "MSE": 0.25152041452480073,
        "RMSE": 0.5015181098672318,
        "MAE": 0.39237483543834,
        "R2": 0.005419189392820489,
        "SMAPE": 43.09312775956615
    },
    "Soil_Moisture": {
        "MSE": 28707.011503537713,
        "RMSE": 169.43143599561952,
        "MAE": 136.5513600987639,
        "R2": -0.5618817164808767,
        "SMAPE": 1.5922625853417525
    },
    "Soil_Temperature": {
        "MSE": 87.8228450159256,
        "RMSE": 9.371384370301199,
        "MAE": 7.330016889709617,
        "R2": 0.06381132275441992,
        "SMAPE": 36.14421739980524
    },
    "Wind_Dir_Sin": {
        "MSE": 0.32628287716791715,
        "RMSE": 0.571211762105716,
        "MAE": 0.5118120756796326,
        "R2": -0.32700785215470596,
        "SMAPE": 123.10060152812284
    },
    "Wind_Dir_Cos": {
        "MSE": 0.421229732155531,
        "RMSE": 0.6490221353355607,
        "MAE": 0.4859450849520874,
        "R2": -0.04417570306081253,
        "SMAPE": 84.40702998675559
    }
}