{
    "MSE": {
        "Temperature": 9.565451058021814,
        "Precipitation_accumulated": 0.2624972794520287,
        "Humidity": 122.08333333237364,
        "Wind_Speed_kmh": 0.4955537813283689,
        "Soil_Moisture": 134554.79226320027,
        "Soil_Temperature": 16.571069869470872,
        "Wind_Dir_Sin": 0.3050913726766299,
        "Wind_Dir_Cos": 0.4323358584768443
    },
    "RMSE": {
        "Temperature": 3.092806340206547,
        "Precipitation_accumulated": 0.5123448833081372,
        "Humidity": 11.04913269593472,
        "Wind_Speed_kmh": 0.7039558092155849,
        "Soil_Moisture": 366.8171101014786,
        "Soil_Temperature": 4.070757898656081,
        "Wind_Dir_Sin": 0.5523507695990202,
        "Wind_Dir_Cos": 0.657522515566459
    },
    "MAE": {
        "Temperature": 2.4885987287812092,
        "Precipitation_accumulated": 0.42518188460071715,
        "Humidity": 8.82823657383679,
        "Wind_Speed_kmh": 0.5788172667201769,
        "Soil_Moisture": 237.48317377091888,
        "Soil_Temperature": 3.0805242002989988,
        "Wind_Dir_Sin": 0.44768136543316955,
        "Wind_Dir_Cos": 0.511843149985137
    },
    "R2": {
        "Temperature": 0.8087148737342462,
        "Precipitation_accumulated": 0.5829700688155259,
        "Humidity": 0.6105309916210437,
        "Wind_Speed_kmh": -0.17104204130143397,
        "Soil_Moisture": 0.7828045967217524,
        "Soil_Temperature": 0.7718545764933813,
        "Wind_Dir_Sin": 0.04587963987303989,
        "Wind_Dir_Cos": -0.11816266662063546
    },
    "SMAPE": {
        "Temperature": 15.447515945071293,
        "Precipitation_accumulated": 13.301029934323479,
        "Humidity": 12.725752321905729,
        "Wind_Speed_kmh": 65.29747017609517,
        "Soil_Moisture": 3.111760760740817,
        "Soil_Temperature": 16.92377467567297,
        "Wind_Dir_Sin": 114.5957086267182,
        "Wind_Dir_Cos": 98.75098373614682
    }
}