{
    "MSE": {
        "Temperature": 2.6225183422741605,
        "Precipitation_accumulated": 0.04332320970102063,
        "Humidity": 31.503668966705845,
        "Wind_Speed_kmh": 0.19415431435102257,
        "Soil_Moisture": 34648.670701453346,
        "Soil_Temperature": 2.8298821141491315,
        "Wind_Dir_Sin": 0.1993615367588258,
        "Wind_Dir_Cos": 0.12775893949720135
    },
    "RMSE": {
        "Temperature": 1.6194191373063862,
        "Precipitation_accumulated": 0.20814228234796656,
        "Humidity": 5.612812928176552,
        "Wind_Speed_kmh": 0.44062945243256557,
        "Soil_Moisture": 186.14153405796716,
        "Soil_Temperature": 1.682225345828891,
        "Wind_Dir_Sin": 0.4464992012969629,
        "Wind_Dir_Cos": 0.357433825340022
    },
    "MAE": {
        "Temperature": 1.2765862832268033,
        "Precipitation_accumulated": 0.1326385854222189,
        "Humidity": 4.197814466628959,
        "Wind_Speed_kmh": 0.3455473874602426,
        "Soil_Moisture": 126.99286982515619,
        "Soil_Temperature": 1.2947908329258395,
        "Wind_Dir_Sin": 0.35519088328946247,
        "Wind_Dir_Cos": 0.2573813428224266
    },
    "R2": {
        "Temperature": 0.9270640970604732,
        "Precipitation_accumulated": 0.9613936094228914,
        "Humidity": 0.8971821062886627,
        "Wind_Speed_kmh": 0.5270626319972124,
        "Soil_Moisture": 0.958447806332315,
        "Soil_Temperature": 0.938407820441712,
        "Wind_Dir_Sin": 0.42692438962351953,
        "Wind_Dir_Cos": 0.5882607278163843
    },
    "SMAPE": {
        "Temperature": 9.294836851527988,
        "Precipitation_accumulated": 3.2420650182624766,
        "Humidity": 6.251919742793598,
        "Wind_Speed_kmh": 43.61174877204349,
        "Soil_Moisture": 1.6024141324852315,
        "Soil_Temperature": 9.568893958354664,
        "Wind_Dir_Sin": 101.82201010958337,
        "Wind_Dir_Cos": 49.93265250919693
    }
}