{
    "Temperature": {
        "MSE": 24.231648987580353,
        "RMSE": 4.922565285253244,
        "MAE": 4.521170214325763,
        "R2": 0.5463265730634249,
        "SMAPE": 23.245668236625647
    },
    "Precipitation_accumulated": {
        "MSE": 0.009074264139013757,
        "RMSE": 0.09525893206945875,
        "MAE": 0.08255779819845306,
        "R2": -Infinity,
        "SMAPE": 3.16108745827135
    },
    "Humidity": {
        "MSE": 17.075947858393715,
        "RMSE": 4.1323053926826026,
        "MAE": 3.5943033267039013,
        "R2": 0.8942105203805836,
        "SMAPE": 5.858276552726423
    },
    "Wind_Speed_kmh": {
        "MSE": 0.31140848956333883,
        "RMSE": 0.5580398637761812,
        "MAE": 0.4845693527550789,
        "R2": -0.9784421943152164,
        "SMAPE": 39.72678969669823
    },
    "Soil_Moisture": {
        "MSE": 69948.71105803008,
        "RMSE": 264.4781863557562,
        "MAE": 240.53294811490287,
        "R2": -9.958213363544544,
        "SMAPE": 2.7346546095390507
    },
    "Soil_Temperature": {
        "MSE": 18.288834871134707,
        "RMSE": 4.276544735079327,
        "MAE": 3.858314948138134,
        "R2": 0.8012172169682267,
        "SMAPE": 20.312766819655454
    },
    "Wind_Dir_Sin": {
        "MSE": 1.4632223332562735,
        "RMSE": 1.2096372734238447,
        "MAE": 1.1458311083459398,
        "R2": -22.518565618100013,
        "SMAPE": 189.08210715020655
    },
    "Wind_Dir_Cos": {
        "MSE": 0.4084658186565811,
        "RMSE": 0.6391133065870097,
        "MAE": 0.5206885755981114,
        "R2": 0.07597264550228522,
        "SMAPE": 107.90477376400707
    }
}