{
    "Temperature": {
        "MSE": 19.734079143574835,
        "RMSE": 4.4423056112310455,
        "MAE": 3.9205883288779666,
        "R2": 0.4829036848505156,
        "SMAPE": 22.16535696717145
    },
    "Precipitation_accumulated": {
        "MSE": 0.0025459291202515008,
        "RMSE": 0.050457200876103905,
        "MAE": 0.044639227029812344,
        "R2": -1.2909394309701372e+28,
        "SMAPE": 1.7539701739895583
    },
    "Humidity": {
        "MSE": 23.290214955410665,
        "RMSE": 4.825993675442464,
        "MAE": 4.367475199871747,
        "R2": 0.8068430644958724,
        "SMAPE": 6.926732058546846
    },
    "Wind_Speed_kmh": {
        "MSE": 0.20121186786251455,
        "RMSE": 0.44856645869092193,
        "MAE": 0.39236637690528026,
        "R2": -0.6608068669171272,
        "SMAPE": 36.59282729556643
    },
    "Soil_Moisture": {
        "MSE": 34047.76056993122,
        "RMSE": 184.52035272546826,
        "MAE": 162.6366361154002,
        "R2": -43.88353171396232,
        "SMAPE": 1.8429238367915695
    },
    "Soil_Temperature": {
        "MSE": 12.76216966381085,
        "RMSE": 3.572417901619413,
        "MAE": 3.3844633712890038,
        "R2": 0.588991004481122,
        "SMAPE": 19.318530840667265
    },
    "Wind_Dir_Sin": {
        "MSE": 0.8412747043464405,
        "RMSE": 0.9172102836026428,
        "MAE": 0.8730515983383141,
        "R2": -21.957879736974373,
        "SMAPE": 182.77473796455726
    },
    "Wind_Dir_Cos": {
        "MSE": 0.2902422758076631,
        "RMSE": 0.5387413811910712,
        "MAE": 0.37931400612763433,
        "R2": 0.33066410894414566,
        "SMAPE": 77.47070821952803
    }
}