{
    "Temperature": {
        "MSE": 261.78800389430444,
        "RMSE": 16.179864149439094,
        "MAE": 15.40854199057001,
        "R2": -4.204540407328913,
        "SMAPE": 64.19088312802741
    },
    "Precipitation_accumulated": {
        "MSE": 0.8696993146467585,
        "RMSE": 0.9325767071114089,
        "MAE": 0.729933891532323,
        "R2": -0.4083622515451042,
        "SMAPE": 22.78014445372298
    },
    "Humidity": {
        "MSE": 240.66203112824658,
        "RMSE": 15.513285632909831,
        "MAE": 12.502600510797137,
        "R2": 0.22546495803928934,
        "SMAPE": 18.979123088224238
    },
    "Wind_Speed_kmh": {
        "MSE": 4.487417901791772,
        "RMSE": 2.118352638677463,
        "MAE": 1.9819509945284046,
        "R2": -9.779543456830408,
        "SMAPE": 100.71776497997958
    },
    "Soil_Moisture": {
        "MSE": 1461587.4218237097,
        "RMSE": 1208.961298728669,
        "MAE": 921.6978859025861,
        "R2": -1.4046446742579946,
        "SMAPE": 10.998903636838278
    },
    "Soil_Temperature": {
        "MSE": 240.35024395278157,
        "RMSE": 15.503233338654926,
        "MAE": 14.522952790589157,
        "R2": -2.2831122670248036,
        "SMAPE": 61.48236926309741
    },
    "Wind_Dir_Sin": {
        "MSE": 1.9027908644183498,
        "RMSE": 1.379416856652966,
        "MAE": 1.2587920054000716,
        "R2": -5.013871672875119,
        "SMAPE": 167.07161228911662
    },
    "Wind_Dir_Cos": {
        "MSE": 0.7993826514255691,
        "RMSE": 0.8940820160508594,
        "MAE": 0.8090268592201315,
        "R2": -1.0596841014299865,
        "SMAPE": 161.94603506325754
    }
}