{
    "Temperature": {
        "MSE": 0.6861861528455568,
        "RMSE": 0.8283635390609347,
        "MAE": 0.8200542786354307,
        "R2": 0.03333782361655535,
        "SMAPE": 2.8749976923993645
    },
    "Precipitation_accumulated": {
        "MSE": 0.005404401184472486,
        "RMSE": 0.07351463245145477,
        "MAE": 0.07281202294271975,
        "R2": -Infinity,
        "SMAPE": 2.871733658555366
    },
    "Humidity": {
        "MSE": 28.085012961003013,
        "RMSE": 5.299529503739272,
        "MAE": 5.267835678460233,
        "R2": -8.635303189063949,
        "SMAPE": 10.554881448883359
    },
    "Wind_Speed_kmh": {
        "MSE": 0.47746292446648314,
        "RMSE": 0.6909869206189674,
        "MAE": 0.6393124019964924,
        "R2": -5.135896304269869,
        "SMAPE": 69.59505637710647
    },
    "Soil_Moisture": {
        "MSE": 18670.426782447128,
        "RMSE": 136.63977013463952,
        "MAE": 136.05343286459842,
        "R2": -870.1431851256098,
        "SMAPE": 1.5555187457864648
    },
    "Soil_Temperature": {
        "MSE": 2.7601827734950617,
        "RMSE": 1.6613797800307615,
        "MAE": 1.6502992941098473,
        "R2": -0.20805374406890342,
        "SMAPE": 6.062138385598911
    },
    "Wind_Dir_Sin": {
        "MSE": 0.5473112322108747,
        "RMSE": 0.739804860899734,
        "MAE": 0.6121159280895917,
        "R2": -4.914519685104837,
        "SMAPE": 131.09895185822904
    },
    "Wind_Dir_Cos": {
        "MSE": 0.20046104796920527,
        "RMSE": 0.44772876607294876,
        "MAE": 0.42334248379611833,
        "R2": -2.923636018081526,
        "SMAPE": 96.95171594711867
    }
}