{
    "Temperature": {
        "MSE": 53.54626675789708,
        "RMSE": 7.317531466136451,
        "MAE": 6.60096432781701,
        "R2": 0.026442077848523704,
        "SMAPE": 31.623188401995563
    },
    "Precipitation_accumulated": {
        "MSE": 0.03937524314442781,
        "RMSE": 0.1984319609952686,
        "MAE": 0.16317058342719554,
        "R2": -1.9965620242466554e+29,
        "SMAPE": 6.070526293005183
    },
    "Humidity": {
        "MSE": 13.530445091938498,
        "RMSE": 3.67837533320602,
        "MAE": 2.911464916839646,
        "R2": 0.9113124673156343,
        "SMAPE": 4.773545648319925
    },
    "Wind_Speed_kmh": {
        "MSE": 1.1104201485863974,
        "RMSE": 1.053764750115697,
        "MAE": 0.8975269342337476,
        "R2": -5.509112644805362,
        "SMAPE": 63.28312804444414
    },
    "Soil_Moisture": {
        "MSE": 165023.69744237923,
        "RMSE": 406.2310887196833,
        "MAE": 372.93684498522407,
        "R2": -21.172464790658672,
        "SMAPE": 4.218104580977173
    },
    "Soil_Temperature": {
        "MSE": 42.48126186801692,
        "RMSE": 6.517765097640212,
        "MAE": 5.625706453473639,
        "R2": 0.5446701119046655,
        "SMAPE": 27.976380974652177
    },
    "Wind_Dir_Sin": {
        "MSE": 1.9047498748218505,
        "RMSE": 1.380126760417988,
        "MAE": 1.321782845216786,
        "R2": -27.607923897878763,
        "SMAPE": 193.88736758620163
    },
    "Wind_Dir_Cos": {
        "MSE": 0.36863088865158994,
        "RMSE": 0.6071498074211915,
        "MAE": 0.524583110553838,
        "R2": 0.30777962845543994,
        "SMAPE": 113.45273842444442
    }
}