{
    "MSE": {
        "Temperature": 52.038932524129315,
        "Precipitation_accumulated": 6598.731644433246,
        "Humidity": 403.0449522774175,
        "Wind_Speed_kmh": 0.4442915269461526,
        "Soil_Moisture": 1872106.23707402,
        "Soil_Temperature": 56.78885288005792,
        "Wind_Dir_Sin": 0.11605633167859754,
        "Wind_Dir_Cos": 0.3992913537820141
    },
    "RMSE": {
        "Temperature": 7.213801530686114,
        "Precipitation_accumulated": 81.23257748239463,
        "Humidity": 20.075979484882364,
        "Wind_Speed_kmh": 0.666551968676226,
        "Soil_Moisture": 1368.2493329338845,
        "Soil_Temperature": 7.535837901657514,
        "Wind_Dir_Sin": 0.34067041503276674,
        "Wind_Dir_Cos": 0.6318950496577846
    },
    "MAE": {
        "Temperature": 5.781736219285907,
        "Precipitation_accumulated": 44.023306035641475,
        "Humidity": 17.114779431556588,
        "Wind_Speed_kmh": 0.5170716329626461,
        "Soil_Moisture": 1167.7732387098913,
        "Soil_Temperature": 6.043558990527873,
        "Wind_Dir_Sin": 0.2801376218570963,
        "Wind_Dir_Cos": 0.5076747195624028
    },
    "R2": {
        "Temperature": -0.1453513925148504,
        "Precipitation_accumulated": -16.929390503741242,
        "Humidity": -1.4417010470107643,
        "Wind_Speed_kmh": -1.3572827788339685,
        "Soil_Moisture": -5.062560321177928,
        "Soil_Temperature": -0.2416773915391115,
        "Wind_Dir_Sin": 0.4156376076624487,
        "Wind_Dir_Cos": 0.23862686371402597
    },
    "SMAPE": {
        "Temperature": 48.1964825964082,
        "Precipitation_accumulated": 12.625784859435157,
        "Humidity": 19.083252773193976,
        "Wind_Speed_kmh": 133.478264193962,
        "Soil_Moisture": 15.366307009844832,
        "Soil_Temperature": 54.490362788236624,
        "Wind_Dir_Sin": 121.41527343618502,
        "Wind_Dir_Cos": 119.17820193382394
    }
}