{
    "Temperature": {
        "MSE": 77.93737530176249,
        "RMSE": 8.828214729024351,
        "MAE": 7.94004137467887,
        "R2": -0.3579099877285987,
        "SMAPE": 36.444586615830616
    },
    "Precipitation_accumulated": {
        "MSE": 0.09584589226916251,
        "RMSE": 0.30958987753019723,
        "MAE": 0.25709007586221916,
        "R2": -12907.917862162012,
        "SMAPE": 9.330027058365534
    },
    "Humidity": {
        "MSE": 34.64652245281347,
        "RMSE": 5.886129666666669,
        "MAE": 4.281017934964087,
        "R2": 0.7987296249614197,
        "SMAPE": 7.00419659785455
    },
    "Wind_Speed_kmh": {
        "MSE": 1.8775847859495276,
        "RMSE": 1.3702498990875815,
        "MAE": 1.1937779561394188,
        "R2": -10.902019852204639,
        "SMAPE": 74.52620043822508
    },
    "Soil_Moisture": {
        "MSE": 266024.34622751415,
        "RMSE": 515.7754804442667,
        "MAE": 476.2142776586835,
        "R2": -33.78541826903097,
        "SMAPE": 5.365994351415573
    },
    "Soil_Temperature": {
        "MSE": 64.15308374929944,
        "RMSE": 8.00956201981728,
        "MAE": 6.922781910647853,
        "R2": 0.3157454702675092,
        "SMAPE": 32.90102748469352
    },
    "Wind_Dir_Sin": {
        "MSE": 2.286131619020013,
        "RMSE": 1.5119959057550432,
        "MAE": 1.4499062670836174,
        "R2": -20.655569954060773,
        "SMAPE": 193.76411163974424
    },
    "Wind_Dir_Cos": {
        "MSE": 0.35282231077510356,
        "RMSE": 0.5939884769716527,
        "MAE": 0.5079949814723131,
        "R2": 0.1713347702851873,
        "SMAPE": 122.21811727346166
    }
}