{
    "Temperature": {
        "MSE": 235.257192636596,
        "RMSE": 15.338096121637653,
        "MAE": 14.402428681598293,
        "R2": -3.6642834088601326,
        "SMAPE": 57.49583013844284
    },
    "Precipitation_accumulated": {
        "MSE": 0.5674429395208226,
        "RMSE": 0.7532880853437299,
        "MAE": 0.650694818921269,
        "R2": -127.37130269290631,
        "SMAPE": 21.718221582196687
    },
    "Humidity": {
        "MSE": 137.8078508561427,
        "RMSE": 11.739158864933326,
        "MAE": 9.365638472525067,
        "R2": 0.4855363364011255,
        "SMAPE": 15.465933930400071
    },
    "Wind_Speed_kmh": {
        "MSE": 5.01491938429348,
        "RMSE": 2.239401568342194,
        "MAE": 2.088734759515394,
        "R2": -10.253234056090282,
        "SMAPE": 98.33553707307749
    },
    "Soil_Moisture": {
        "MSE": 1768390.7953569405,
        "RMSE": 1329.8085559045485,
        "MAE": 1032.0289059573518,
        "R2": -1.6421398006238332,
        "SMAPE": 12.400508149113191
    },
    "Soil_Temperature": {
        "MSE": 214.0984113049552,
        "RMSE": 14.632102080868462,
        "MAE": 13.403066330858362,
        "R2": -1.735723230381089,
        "SMAPE": 54.338440237368495
    },
    "Wind_Dir_Sin": {
        "MSE": 2.1896941368318874,
        "RMSE": 1.4797615134986744,
        "MAE": 1.372312199117757,
        "R2": -6.434831302122223,
        "SMAPE": 172.1156372478867
    },
    "Wind_Dir_Cos": {
        "MSE": 0.7518879247707525,
        "RMSE": 0.8671147125788793,
        "MAE": 0.7733038288949766,
        "R2": -0.647139985181407,
        "SMAPE": 152.87965637076135
    }
}