{
    "Temperature": {
        "MSE": 103.88590984029209,
        "RMSE": 10.19244376193914,
        "MAE": 9.35135515250473,
        "R2": -0.9004729846254473,
        "SMAPE": 39.358551242943264
    },
    "Precipitation_accumulated": {
        "MSE": 0.4756057417897302,
        "RMSE": 0.6896417488738121,
        "MAE": 0.5951575963583983,
        "R2": -3594.38380647808,
        "SMAPE": 19.947264669222015
    },
    "Humidity": {
        "MSE": 67.23394485773454,
        "RMSE": 8.199630775695606,
        "MAE": 6.293949847800313,
        "R2": 0.6226645450542783,
        "SMAPE": 10.291601261311495
    },
    "Wind_Speed_kmh": {
        "MSE": 4.17010165270765,
        "RMSE": 2.042082675287083,
        "MAE": 1.8607177512869524,
        "R2": -23.017731575509266,
        "SMAPE": 93.94219293062005
    },
    "Soil_Moisture": {
        "MSE": 424284.31208065915,
        "RMSE": 651.3711016622239,
        "MAE": 623.6694604042948,
        "R2": -85.09742704251731,
        "SMAPE": 6.973883789603176
    },
    "Soil_Temperature": {
        "MSE": 85.46120696390898,
        "RMSE": 9.244523079310742,
        "MAE": 8.13499756685377,
        "R2": 0.0481295302372472,
        "SMAPE": 35.65432305786371
    },
    "Wind_Dir_Sin": {
        "MSE": 2.4551742709620434,
        "RMSE": 1.566899572711041,
        "MAE": 1.4824877918080301,
        "R2": -10.956978315539429,
        "SMAPE": 183.8633616804311
    },
    "Wind_Dir_Cos": {
        "MSE": 0.5750221359689245,
        "RMSE": 0.7583021402903493,
        "MAE": 0.6621824836478654,
        "R2": -0.3672017782019563,
        "SMAPE": 146.2997512048687
    }
}