{
    "Temperature": {
        "MSE": 201.8346578928916,
        "RMSE": 14.20685249775233,
        "MAE": 12.72127021526941,
        "R2": -2.1484159722781278,
        "SMAPE": 54.15409746734531
    },
    "Precipitation_accumulated": {
        "MSE": 0.8880847661580428,
        "RMSE": 0.9423824946156644,
        "MAE": 0.864959395625047,
        "R2": -5145.964918440181,
        "SMAPE": 27.850426667790686
    },
    "Humidity": {
        "MSE": 112.83957360769381,
        "RMSE": 10.622597309871715,
        "MAE": 8.277630629935107,
        "R2": 0.4629529549120065,
        "SMAPE": 13.123934134263756
    },
    "Wind_Speed_kmh": {
        "MSE": 5.6210206710002195,
        "RMSE": 2.370869180490611,
        "MAE": 2.233795900910442,
        "R2": -21.227059803338005,
        "SMAPE": 105.56193523796583
    },
    "Soil_Moisture": {
        "MSE": 414960.2149880704,
        "RMSE": 644.1740564382195,
        "MAE": 613.7103436027455,
        "R2": -21.5770200000432,
        "SMAPE": 6.915758424081518
    },
    "Soil_Temperature": {
        "MSE": 172.13457807998932,
        "RMSE": 13.120006786583204,
        "MAE": 11.397739883620316,
        "R2": -0.8349490150507941,
        "SMAPE": 49.65194882953475
    },
    "Wind_Dir_Sin": {
        "MSE": 2.783492824645483,
        "RMSE": 1.668380299765459,
        "MAE": 1.5880520077989975,
        "R2": -10.320596614758658,
        "SMAPE": 181.73624306027418
    },
    "Wind_Dir_Cos": {
        "MSE": 0.730331985066762,
        "RMSE": 0.8545946320137765,
        "MAE": 0.7454900697103349,
        "R2": -0.8104014407352222,
        "SMAPE": 151.5402123064409
    }
}