{
    "Temperature": {
        "MSE": 11.389062606996946,
        "RMSE": 3.3747685264321383,
        "MAE": 2.592428634642067,
        "R2": 0.48804725544952354,
        "SMAPE": 11.874438849373986
    },
    "Precipitation_accumulated": {
        "MSE": 0.00425890696520735,
        "RMSE": 0.06526030160217887,
        "MAE": 0.06428154647779534,
        "R2": -2.1595223883045135e+28,
        "SMAPE": 2.5313139083816467
    },
    "Humidity": {
        "MSE": 26.929005241483825,
        "RMSE": 5.1893164522395265,
        "MAE": 4.923302009232583,
        "R2": 0.7816296476533569,
        "SMAPE": 8.686409568180652
    },
    "Wind_Speed_kmh": {
        "MSE": 0.30751286106189063,
        "RMSE": 0.5545384216281958,
        "MAE": 0.49161571476419713,
        "R2": -2.5606799329135836,
        "SMAPE": 49.90593478903448
    },
    "Soil_Moisture": {
        "MSE": 10191.391698070376,
        "RMSE": 100.95242294303974,
        "MAE": 87.33499437264102,
        "R2": -41.849869065334566,
        "SMAPE": 0.9992811803332818
    },
    "Soil_Temperature": {
        "MSE": 9.068281172884934,
        "RMSE": 3.0113586921662012,
        "MAE": 2.735109127810474,
        "R2": 0.5087038971571187,
        "SMAPE": 12.477150933496581
    },
    "Wind_Dir_Sin": {
        "MSE": 0.7404782311524906,
        "RMSE": 0.8605104480205285,
        "MAE": 0.7859312724265602,
        "R2": -11.190182786629899,
        "SMAPE": 165.54947592911452
    },
    "Wind_Dir_Cos": {
        "MSE": 0.209407298049906,
        "RMSE": 0.45761042170158883,
        "MAE": 0.4031873619041771,
        "R2": 0.3212974286698065,
        "SMAPE": 101.8654555867178
    }
}