{
    "average": {
        "MSE": {
            "Temperature": 21.159920892542335,
            "Precipitation_accumulated": 12251.125509851852,
            "Humidity": 337.7969135103925,
            "Wind_Speed_kmh": 0.5749109913203237,
            "Soil_Moisture": 463633.6997923662,
            "Soil_Temperature": 33.21262024635595,
            "Wind_Dir_Sin": 0.3202060558668053,
            "Wind_Dir_Cos": 0.33316284200057866
        },
        "RMSE": {
            "Temperature": 4.285161255631809,
            "Precipitation_accumulated": 58.62810227586507,
            "Humidity": 14.868722841040375,
            "Wind_Speed_kmh": 0.6414095113544063,
            "Soil_Moisture": 592.4951105518489,
            "Soil_Temperature": 5.2904430647102405,
            "Wind_Dir_Sin": 0.47866207087162727,
            "Wind_Dir_Cos": 0.4965030893502818
        },
        "MAE": {
            "Temperature": 3.5280284306527676,
            "Precipitation_accumulated": 35.39618906701845,
            "Humidity": 11.521195319539268,
            "Wind_Speed_kmh": 0.4601730026745964,
            "Soil_Moisture": 469.3870247452322,
            "Soil_Temperature": 4.3427299027172035,
            "Wind_Dir_Sin": 0.37043627017709657,
            "Wind_Dir_Cos": 0.38381507982952384
        },
        "R2": {
            "Temperature": -1.6319585010090207,
            "Precipitation_accumulated": -23306.545132507137,
            "Humidity": -1.5658937832361421,
            "Wind_Speed_kmh": -Infinity,
            "Soil_Moisture": -8.549775737509062,
            "Soil_Temperature": -3.5692453320117137,
            "Wind_Dir_Sin": -Infinity,
            "Wind_Dir_Cos": -Infinity
        },
        "SMAPE": {
            "Temperature": 38.177820273087264,
            "Precipitation_accumulated": 18.474539064274857,
            "Humidity": 16.371130799743604,
            "Wind_Speed_kmh": 146.3792558059732,
            "Soil_Moisture": 6.5033462971444775,
            "Soil_Temperature": 49.23301143352599,
            "Wind_Dir_Sin": 166.79271935173037,
            "Wind_Dir_Cos": 74.30094571945676
        },
        "WMAPE": {
            "Temperature": 35.076882377633716,
            "Precipitation_accumulated": 21.338322224307223,
            "Humidity": 14.191928093076488,
            "Wind_Speed_kmh": Infinity,
            "Soil_Moisture": 6.622761275928188,
            "Soil_Temperature": 44.50230030257038,
            "Wind_Dir_Sin": Infinity,
            "Wind_Dir_Cos": 54.0562342035128
        }
    },
    "best_fold": {
        "MSE": {
            "Temperature": 15.539636207082177,
            "Precipitation_accumulated": 267.86134924915734,
            "Humidity": 78.94555379904034,
            "Wind_Speed_kmh": 0.08674919479624281,
            "Soil_Moisture": 25833.764683806596,
            "Soil_Temperature": 27.142069918432462,
            "Wind_Dir_Sin": 0.05692709699621876,
            "Wind_Dir_Cos": 0.06120062937945678
        },
        "RMSE": {
            "Temperature": 3.9420345263686083,
            "Precipitation_accumulated": 16.366470274593645,
            "Humidity": 8.885131051314907,
            "Wind_Speed_kmh": 0.2945321625837199,
            "Soil_Moisture": 160.72885454642733,
            "Soil_Temperature": 5.209805170870832,
            "Wind_Dir_Sin": 0.23859400033575603,
            "Wind_Dir_Cos": 0.24738760959162198
        },
        "MAE": {
            "Temperature": 3.1899276602820916,
            "Precipitation_accumulated": 13.49205581810864,
            "Humidity": 7.079021506585378,
            "Wind_Speed_kmh": 0.23312843096579514,
            "Soil_Moisture": 128.31467703836034,
            "Soil_Temperature": 4.193397235354251,
            "Wind_Dir_Sin": 0.14999422620250435,
            "Wind_Dir_Cos": 0.16697378589861525
        },
        "R2": {
            "Temperature": -0.9976928568273797,
            "Precipitation_accumulated": -108989.24477949551,
            "Humidity": -2.773419101825214,
            "Wind_Speed_kmh": -9570782.738923531,
            "Soil_Moisture": -3.822997698456594,
            "Soil_Temperature": -2.213577673738219,
            "Wind_Dir_Sin": -Infinity,
            "Wind_Dir_Cos": -Infinity
        },
        "SMAPE": {
            "Temperature": 23.555521985436123,
            "Precipitation_accumulated": 3.010268080520938,
            "Humidity": 8.507588373420974,
            "Wind_Speed_kmh": 199.94026257035304,
            "Soil_Moisture": 1.9876319037059362,
            "Soil_Temperature": 33.944315962712075,
            "Wind_Dir_Sin": 200.0,
            "Wind_Dir_Cos": 20.91027062578091
        },
        "WMAPE": {
            "Temperature": 20.62775118649244,
            "Precipitation_accumulated": 2.945052749688433,
            "Humidity": 8.232364609387336,
            "Wind_Speed_kmh": 7279202.128476095,
            "Soil_Moisture": 2.010481323856576,
            "Soil_Temperature": 27.093276258555584,
            "Wind_Dir_Sin": Infinity,
            "Wind_Dir_Cos": 16.697378589861525
        }
    },
    "all_folds": {
        "fold_1": {
            "MSE": {
                "Temperature": 23.376493515125098,
                "Precipitation_accumulated": 60591.59903316296,
                "Humidity": 1267.2022987919943,
                "Wind_Speed_kmh": 0.6016563235341877,
                "Soil_Moisture": 572194.8123841904,
                "Soil_Temperature": 70.69894905373015,
                "Wind_Dir_Sin": 0.6566806579953145,
                "Wind_Dir_Cos": 0.5392168174403895
            },
            "RMSE": {
                "Temperature": 4.834924354643524,
                "Precipitation_accumulated": 246.15360861292072,
                "Humidity": 35.59778502648717,
                "Wind_Speed_kmh": 0.7756650846429712,
                "Soil_Moisture": 756.4355969837686,
                "Soil_Temperature": 8.40826670924098,
                "Wind_Dir_Sin": 0.8103583515922536,
                "Wind_Dir_Cos": 0.7343138412425504
            },
            "MAE": {
                "Temperature": 3.852907864330428,
                "Precipitation_accumulated": 135.89733104719596,
                "Humidity": 25.936138920211437,
                "Wind_Speed_kmh": 0.6495981787500641,
                "Soil_Moisture": 611.9914763151776,
                "Soil_Temperature": 6.158116751928139,
                "Wind_Dir_Sin": 0.6417904940484204,
                "Wind_Dir_Cos": 0.6525425001097772
            },
            "R2": {
                "Temperature": 0.5006217337692307,
                "Precipitation_accumulated": -0.43533057631258987,
                "Humidity": -3.131276402382107,
                "Wind_Speed_kmh": -0.24120050156148953,
                "Soil_Moisture": 0.537325349679644,
                "Soil_Temperature": -0.23145155625336278,
                "Wind_Dir_Sin": -0.8171618274623256,
                "Wind_Dir_Cos": 0.05135267348356998
            },
            "SMAPE": {
                "Temperature": 25.967514691660632,
                "Precipitation_accumulated": 83.27650610815863,
                "Humidity": 44.67828489458643,
                "Wind_Speed_kmh": 100.3603186087677,
                "Soil_Moisture": 7.82514745173447,
                "Soil_Temperature": 35.112573356093165,
                "Wind_Dir_Sin": 124.93718908069941,
                "Wind_Dir_Cos": 139.61536213834387
            },
            "WMAPE": {
                "Temperature": 23.277729189811303,
                "Precipitation_accumulated": 97.74572698364392,
                "Humidity": 34.12929100826591,
                "Wind_Speed_kmh": 70.2176204814505,
                "Soil_Moisture": 7.665524263116213,
                "Soil_Temperature": 37.527912229133186,
                "Wind_Dir_Sin": 128.13645455203502,
                "Wind_Dir_Cos": 87.75752657196267
            }
        },
        "fold_2": {
            "MSE": {
                "Temperature": 15.539636207082177,