{
    "average": {
        "MSE": {
            "Temperature": 21.59937844441467,
            "Precipitation_accumulated": 13.54984438529713,
            "Humidity": 185.15105303332618,
            "Wind_Speed_kmh": 0.9343307007278302,
            "Soil_Moisture": 163367.3843339022,
            "Soil_Temperature": 17.869604557628755,
            "Wind_Dir_Sin": 0.36124904665027985,
            "Wind_Dir_Cos": 0.6185720829513024
        },
        "RMSE": {
            "Temperature": 4.376484737583422,
            "Precipitation_accumulated": 3.5944268772086416,
            "Humidity": 11.963932140551284,
            "Wind_Speed_kmh": 0.9590456981826775,
            "Soil_Moisture": 352.5383206181216,
            "Soil_Temperature": 3.939103754333743,
            "Wind_Dir_Sin": 0.5988901830288672,
            "Wind_Dir_Cos": 0.7799350429273773
        },
        "MAE": {
            "Temperature": 3.6138960019145006,
            "Precipitation_accumulated": 3.218651265974007,
            "Humidity": 9.8666814741054,
            "Wind_Speed_kmh": 0.7132923266720326,
            "Soil_Moisture": 313.76866395760084,
            "Soil_Temperature": 3.292204675784596,
            "Wind_Dir_Sin": 0.4769752791450113,
            "Wind_Dir_Cos": 0.5992739106549614
        },
        "R2": {
            "Temperature": -1.159638295022716,
            "Precipitation_accumulated": -1.0582750549592538e+28,
            "Humidity": -0.019275348552283595,
            "Wind_Speed_kmh": -0.13049194273863005,
            "Soil_Moisture": 0.023630263489526387,
            "Soil_Temperature": -30.804883900699792,
            "Wind_Dir_Sin": -0.05402980059009036,
            "Wind_Dir_Cos": -0.04505740470957272
        },
        "SMAPE": {
            "Temperature": 98.78175508728823,
            "Precipitation_accumulated": 4.363287849938965,
            "Humidity": 12.753025268428503,
            "Wind_Speed_kmh": 96.79887626385387,
            "Soil_Moisture": 3.6360836359059507,
            "Soil_Temperature": 116.60782527082227,
            "Wind_Dir_Sin": 128.99032865003224,
            "Wind_Dir_Cos": 103.60976050983447
        },
        "WMAPE": {
            "Temperature": 115.82390082257204,
            "Precipitation_accumulated": 4.308962083881927,
            "Humidity": 11.912285618856814,
            "Wind_Speed_kmh": 83.57344451917946,
            "Soil_Moisture": 3.614699645132847,
            "Soil_Temperature": 389.2504653152159,
            "Wind_Dir_Sin": 93.25059003671409,
            "Wind_Dir_Cos": 79.49395659737513
        }
    },
    "best_fold": {
        "MSE": {
            "Temperature": 38.82946448386408,
            "Precipitation_accumulated": 14.529415340829832,
            "Humidity": 118.97559579973863,
            "Wind_Speed_kmh": 1.0819988530474882,
            "Soil_Moisture": 39710.49213435436,
            "Soil_Temperature": 33.37735168367806,
            "Wind_Dir_Sin": 0.32946915991114234,
            "Wind_Dir_Cos": 0.5497552449951639
        },
        "RMSE": {
            "Temperature": 6.231329271019473,
            "Precipitation_accumulated": 3.811747019521342,
            "Humidity": 10.907593492596735,
            "Wind_Speed_kmh": 1.04019173859798,
            "Soil_Moisture": 199.27491596875498,
            "Soil_Temperature": 5.777313535171694,
            "Wind_Dir_Sin": 0.5739940417035201,
            "Wind_Dir_Cos": 0.7414548165567231
        },
        "MAE": {
            "Temperature": 5.628514840854797,
            "Precipitation_accumulated": 3.65127013458313,
            "Humidity": 8.37850722090072,
            "Wind_Speed_kmh": 0.7822279346867167,
            "Soil_Moisture": 161.68968205161727,
            "Soil_Temperature": 5.2518112807108075,
            "Wind_Dir_Sin": 0.45154373020605004,
            "Wind_Dir_Cos": 0.5747897214410878
        },
        "R2": {
            "Temperature": -3.743479501213436,
            "Precipitation_accumulated": -9.03931250917377,
            "Humidity": 0.24244209556949514,
            "Wind_Speed_kmh": -0.006749698745517563,
            "Soil_Moisture": -0.711954032546023,
            "Soil_Temperature": -4.8611079119514535,
            "Wind_Dir_Sin": -0.028503604922603953,
            "Wind_Dir_Cos": 0.03492149801144506
        },
        "SMAPE": {
            "Temperature": 157.7868046696191,
            "Precipitation_accumulated": 4.868423460944942,
            "Humidity": 10.319907037709354,
            "Wind_Speed_kmh": 95.84573937276058,
            "Soil_Moisture": 1.814662690120032,
            "Soil_Temperature": 159.17386289134117,
            "Wind_Dir_Sin": 116.11786096572789,
            "Wind_Dir_Cos": 105.10034176200479
        },
        "WMAPE": {
            "Temperature": 234.0901658521146,
            "Precipitation_accumulated": 4.746318079393997,
            "Humidity": 9.732822826867196,
            "Wind_Speed_kmh": 82.71542382842107,
            "Soil_Moisture": 1.822282244019888,
            "Soil_Temperature": 268.6898812162939,
            "Wind_Dir_Sin": 87.56555244699167,
            "Wind_Dir_Cos": 75.85163600392121
        }
    },
    "all_folds": {
        "fold_1": {
            "MSE": {
                "Temperature": 20.18058254237889,
                "Precipitation_accumulated": 19.708609454142724,
                "Humidity": 415.2597493102422,
                "Wind_Speed_kmh": 1.0993317668151155,
                "Soil_Moisture": 399015.3522211335,
                "Soil_Temperature": 16.14163260581086,
                "Wind_Dir_Sin": 0.30579783694448165,
                "Wind_Dir_Cos": 0.4618484658266697
            },
            "RMSE": {
                "Temperature": 4.492280327670891,
                "Precipitation_accumulated": 4.43943796602033,
                "Humidity": 20.37792308627752,
                "Wind_Speed_kmh": 1.048490232102863,
                "Soil_Moisture": 631.6766199734905,
                "Soil_Temperature": 4.017665068893979,
                "Wind_Dir_Sin": 0.5529899067293016,
                "Wind_Dir_Cos": 0.6795943391661453
            },
            "MAE": {
                "Temperature": 3.5640910171405027,
                "Precipitation_accumulated": 3.720592009424178,
                "Humidity": 17.74882206327741,
                "Wind_Speed_kmh": 0.8606734528241106,
                "Soil_Moisture": 570.6584927620221,
                "Soil_Temperature": 3.1108601966065192,
                "Wind_Dir_Sin": 0.4189138196947577,
                "Wind_Dir_Cos": 0.5343639529592249
            },
            "R2": {
                "Temperature": 0.03922487011653775,
                "Precipitation_accumulated": -2.564947533644549,
                "Humidity": -0.0817642342778282,
                "Wind_Speed_kmh": -0.35977489232630266,
                "Soil_Moisture": 0.11290294779046273,
                "Soil_Temperature": 0.2830573232849547,
                "Wind_Dir_Sin": 0.0873281196658725,
                "Wind_Dir_Cos": 0.23847359312599792
            },
            "SMAPE": {
                "Temperature": 34.737820911580144,
                "Precipitation_accumulated": 5.330929618579659,
                "Humidity": 24.27913780500792,
                "Wind_Speed_kmh": 71.2501088477915,
                "Soil_Moisture": 6.759245563362505,
                "Soil_Temperature": 30.363082281888808,
                "Wind_Dir_Sin": 105.69752486629318,
                "Wind_Dir_Cos": 103.49133020238054
            },
            "WMAPE": {
                "Temperature": 35.835764285440675,
                "Precipitation_accumulated": 5.240231000648023,
                "Humidity": 22.445709640434927,
                "Wind_Speed_kmh": 67.92884721604841,
                "Soil_Moisture": 6.703755318335204,
                "Soil_Temperature": 30.98852514005476,
                "Wind_Dir_Sin": 80.0385880947747,
                "Wind_Dir_Cos": 71.19436544874566
            }
        },