{
    "MSE": {
        "Temperature": 21.59937844441467,
        "Precipitation_accumulated": 13.54984438529713,
        "Humidity": 185.15105303332618,
        "Wind_Speed_kmh": 0.9343307007278302,
        "Soil_Moisture": 163367.3843339022,
        "Soil_Temperature": 17.869604557628755,
        "Wind_Dir_Sin": 0.36124904665027985,
        "Wind_Dir_Cos": 0.6185720829513024
    },
    "RMSE": {
        "Temperature": 4.376484737583422,
        "Precipitation_accumulated": 3.5944268772086416,
        "Humidity": 11.963932140551284,
        "Wind_Speed_kmh": 0.9590456981826775,
        "Soil_Moisture": 352.5383206181216,
        "Soil_Temperature": 3.939103754333743,
        "Wind_Dir_Sin": 0.5988901830288672,
        "Wind_Dir_Cos": 0.7799350429273773
    },
    "MAE": {
        "Temperature": 3.6138960019145006,
        "Precipitation_accumulated": 3.218651265974007,
        "Humidity": 9.8666814741054,
        "Wind_Speed_kmh": 0.7132923266720326,
        "Soil_Moisture": 313.76866395760084,
        "Soil_Temperature": 3.292204675784596,
        "Wind_Dir_Sin": 0.4769752791450113,
        "Wind_Dir_Cos": 0.5992739106549614
    },
    "R2": {
        "Temperature": -1.159638295022716,
        "Precipitation_accumulated": -1.0582750549592538e+28,
        "Humidity": -0.019275348552283595,
        "Wind_Speed_kmh": -0.13049194273863005,
        "Soil_Moisture": 0.023630263489526387,
        "Soil_Temperature": -30.804883900699792,
        "Wind_Dir_Sin": -0.05402980059009036,
        "Wind_Dir_Cos": -0.04505740470957272
    },
    "SMAPE": {
        "Temperature": 98.78175508728823,
        "Precipitation_accumulated": 4.363287849938965,
        "Humidity": 12.753025268428503,
        "Wind_Speed_kmh": 96.79887626385387,
        "Soil_Moisture": 3.6360836359059507,
        "Soil_Temperature": 116.60782527082227,
        "Wind_Dir_Sin": 128.99032865003224,
        "Wind_Dir_Cos": 103.60976050983447
    },
    "WMAPE": {
        "Temperature": 115.82390082257204,
        "Precipitation_accumulated": 4.308962083881927,
        "Humidity": 11.912285618856814,
        "Wind_Speed_kmh": 83.57344451917946,
        "Soil_Moisture": 3.614699645132847,
        "Soil_Temperature": 389.2504653152159,
        "Wind_Dir_Sin": 93.25059003671409,
        "Wind_Dir_Cos": 79.49395659737513
    }
}