{
    "MSE": {
        "Temperature": 7.973641577179611,
        "Precipitation_accumulated": 2.284037280921333,
        "Humidity": 44.90736687096981,
        "Wind_Speed_kmh": 0.0024913008578590196,
        "Soil_Moisture": 219401.29175529192,
        "Soil_Temperature": 5.065839423770148,
        "Wind_Dir_Sin": 0.030349310311637574,
        "Wind_Dir_Cos": 0.04606528800364982
    },
    "RMSE": {
        "Temperature": 2.8237637254521863,
        "Precipitation_accumulated": 1.5113031730666528,
        "Humidity": 6.701295909819966,
        "Wind_Speed_kmh": 0.049912932771567525,
        "Soil_Moisture": 468.4029160405515,
        "Soil_Temperature": 2.2507419718328774,
        "Wind_Dir_Sin": 0.17421053444507187,
        "Wind_Dir_Cos": 0.21462825537111796
    },
    "MAE": {
        "Temperature": 2.3883778216883744,
        "Precipitation_accumulated": 0.9466268259786548,
        "Humidity": 5.002104407096821,
        "Wind_Speed_kmh": 0.032114639385922246,
        "Soil_Moisture": 430.0821074364909,
        "Soil_Temperature": 1.859129586687583,
        "Wind_Dir_Sin": 0.045222681071017054,
        "Wind_Dir_Cos": 0.04455361485417775
    },
    "R2": {
        "Temperature": -1.9979570141297005,
        "Precipitation_accumulated": -8.842265242106402,
        "Humidity": -0.20191450472049466,
        "Wind_Speed_kmh": -1.3531950930320544,
        "Soil_Moisture": -5.6407073336329985,
        "Soil_Temperature": -1.9218265574622881,
        "Wind_Dir_Sin": 0.0008246489759259346,
        "Wind_Dir_Cos": -0.004444593703690547
    },
    "SMAPE": {
        "Temperature": 26.769778938980906,
        "Precipitation_accumulated": 0.20668623606617276,
        "Humidity": 5.783447815406772,
        "Wind_Speed_kmh": 193.98998169351776,
        "Soil_Moisture": 7.126574839423083,
        "Soil_Temperature": 19.723490380702806,
        "Wind_Dir_Sin": 196.53746496344257,
        "Wind_Dir_Cos": 7.046755578327112
    },
    "WMAPE": {
        "Temperature": 28.731604808336225,
        "Precipitation_accumulated": 0.20639996932667695,
        "Humidity": 5.71768631337367,
        "Wind_Speed_kmh": 386.5462468835,
        "Soil_Moisture": 7.34151172027359,
        "Soil_Temperature": 20.793013839396664,
        "Wind_Dir_Sin": 114.3173921003912,
        "Wind_Dir_Cos": 4.576732540311062
    }
}