{
    "MSE": {
        "Temperature": 9.212911448683236,
        "Precipitation_accumulated": 0.29839766031708514,
        "Humidity": 53.97042106024048,
        "Wind_Speed_kmh": 0.34999351927754335,
        "Soil_Moisture": 97141.37198009322,
        "Soil_Temperature": 14.141854002741116,
        "Wind_Dir_Sin": 0.2623034326333117,
        "Wind_Dir_Cos": 0.31527805186369606
    },
    "RMSE": {
        "Temperature": 3.0352778206752733,
        "Precipitation_accumulated": 0.5462578697987656,
        "Humidity": 7.346456360738862,
        "Wind_Speed_kmh": 0.5916025010744489,
        "Soil_Moisture": 311.6751064491568,
        "Soil_Temperature": 3.7605656493061144,
        "Wind_Dir_Sin": 0.5121556722650953,
        "Wind_Dir_Cos": 0.561496261664934
    },
    "MAE": {
        "Temperature": 2.3664052104117945,
        "Precipitation_accumulated": 0.28313184504026745,
        "Humidity": 5.588902191484537,
        "Wind_Speed_kmh": 0.4755917586761929,
        "Soil_Moisture": 245.80226674077187,
        "Soil_Temperature": 2.952131674438966,
        "Wind_Dir_Sin": 0.4090773395432101,
        "Wind_Dir_Cos": 0.43219684045421247
    },
    "R2": {
        "Temperature": 0.8156030203078874,
        "Precipitation_accumulated": 0.5387225761086898,
        "Humidity": 0.8307767544631457,
        "Wind_Speed_kmh": 0.1908049470678912,
        "Soil_Moisture": 0.8478405481160673,
        "Soil_Temperature": 0.8049113454277608,
        "Wind_Dir_Sin": 0.18250813383102793,
        "Wind_Dir_Cos": 0.1643874545274765
    },
    "SMAPE": {
        "Temperature": 15.22419923485928,
        "Precipitation_accumulated": 8.05523837290138,
        "Humidity": 8.766377285986703,
        "Wind_Speed_kmh": 53.36303404347933,
        "Soil_Moisture": 3.122978600837712,
        "Soil_Temperature": 17.26028970989987,
        "Wind_Dir_Sin": 107.86421660963349,
        "Wind_Dir_Cos": 88.98865855046337
    }
}