{
    "MSE": {
        "Temperature": 3.199571995125757,
        "Precipitation_accumulated": 159.5590498312206,
        "Humidity": 14.271218344640452,
        "Wind_Speed_kmh": 0.04372123971147179,
        "Soil_Moisture": 34258.138218418746,
        "Soil_Temperature": 6.273288813117432,
        "Wind_Dir_Sin": 0.04949895947648261,
        "Wind_Dir_Cos": 0.08525599497965904
    },
    "RMSE": {
        "Temperature": 1.7887347470001687,
        "Precipitation_accumulated": 12.631668529185706,
        "Humidity": 3.7777266106271443,
        "Wind_Speed_kmh": 0.20909624509175623,
        "Soil_Moisture": 185.0895410832788,
        "Soil_Temperature": 2.504653431738098,
        "Wind_Dir_Sin": 0.22248361619787335,
        "Wind_Dir_Cos": 0.29198629245164753
    },
    "MAE": {
        "Temperature": 1.2592440167218095,
        "Precipitation_accumulated": 7.708723414097239,
        "Humidity": 2.8654782449105154,
        "Wind_Speed_kmh": 0.1563045369145554,
        "Soil_Moisture": 112.85331648430616,
        "Soil_Temperature": 1.5842152762524269,
        "Wind_Dir_Sin": 0.14908183448668777,
        "Wind_Dir_Cos": 0.18176704521204537
    },
    "R2": {
        "Temperature": 0.9291431549854449,
        "Precipitation_accumulated": 0.9961588056892734,
        "Humidity": 0.924776161516591,
        "Wind_Speed_kmh": 0.8556812698632291,
        "Soil_Moisture": 0.9739123990637368,
        "Soil_Temperature": 0.8639255105682464,
        "Wind_Dir_Sin": 0.8554340487815334,
        "Wind_Dir_Cos": 0.8655838045103421
    },
    "SMAPE": {
        "Temperature": 8.072171998426187,
        "Precipitation_accumulated": 31.75197582752693,
        "Humidity": 3.7654928569970867,
        "Wind_Speed_kmh": 88.04967103311887,
        "Soil_Moisture": 1.512843913816337,
        "Soil_Temperature": 10.084068819878423,
        "Wind_Dir_Sin": 93.25636853114985,
        "Wind_Dir_Cos": 43.18008516836084
    }
}