{
    "best_value": 68.0697360044159,
    "best_params": {
        "input_chunk_length": 60,
        "hidden_size": 152,
        "layer_size": 1,
        "dropout": 0.1,
        "batch_size": 168,
        "lr": 0.00044033332793109764,
        "weight_decay": 0.0008873088827014805
    }
}