{
    "best_value": 42.73588590851553,
    "best_params": {
        "input_chunk_length": 30,
        "hidden_size": 173,
        "layer_size": 1,
        "dropout": 0.24962139482829848,
        "batch_size": 21,
        "lr": 0.0012420237064857016
    }
}