{
    "best_value": 0.09531845089539022,
    "best_params": {
        "input_chunk_length": 65,
        "output_chunk_length": 1,
        "hidden_size": 122,
        "layer_size": 1,
        "dropout": 0.12887879111838008,
        "batch_size": 106,
        "lr": 0.0016408452237179332,
        "weight_decay": 9.711713443577775e-05,
        "loss_fn": "smoothl1",
        "optimizer": "Adam"
    }
}