{
    "MSE": {
        "Temperature": 8.234485044891564,
        "Precipitation_accumulated": 0.32698265561661943,
        "Humidity": 61.27760881515944,
        "Wind_Speed_kmh": 0.40138367687949333,
        "Soil_Moisture": 113153.72675501395,
        "Soil_Temperature": 14.295857971437105,
        "Wind_Dir_Sin": 0.2567142597474597,
        "Wind_Dir_Cos": 0.25742230517917014
    },
    "RMSE": {
        "Temperature": 2.8695792452712583,
        "Precipitation_accumulated": 0.5718239725795163,
        "Humidity": 7.828001585025353,
        "Wind_Speed_kmh": 0.6335484802913612,
        "Soil_Moisture": 336.3833033237737,
        "Soil_Temperature": 3.7809863754630357,
        "Wind_Dir_Sin": 0.506669773864062,
        "Wind_Dir_Cos": 0.5073680174973292
    },
    "MAE": {
        "Temperature": 2.2383448838423403,
        "Precipitation_accumulated": 0.3298093698597994,
        "Humidity": 5.898458283773151,
        "Wind_Speed_kmh": 0.5120676199117625,
        "Soil_Moisture": 259.1180878617756,
        "Soil_Temperature": 2.77829851068175,
        "Wind_Dir_Sin": 0.40572745791626225,
        "Wind_Dir_Cos": 0.3915453929014809
    },
    "R2": {
        "Temperature": 0.8351862839390587,
        "Precipitation_accumulated": 0.4945345185357751,
        "Humidity": 0.8078652039630239,
        "Wind_Speed_kmh": 0.07198942903561922,
        "Soil_Moisture": 0.822759256013025,
        "Soil_Temperature": 0.8027868413107008,
        "Wind_Dir_Sin": 0.1999272858677591,
        "Wind_Dir_Cos": 0.3177282515524822
    },
    "SMAPE": {
        "Temperature": 14.122973951908127,
        "Precipitation_accumulated": 9.669820127955546,
        "Humidity": 9.343872812967538,
        "Wind_Speed_kmh": 51.02767534593324,
        "Soil_Moisture": 3.305068259511118,
        "Soil_Temperature": 16.0905657462619,
        "Wind_Dir_Sin": 106.73942735105778,
        "Wind_Dir_Cos": 81.43890790226929
    }
}