{
    "best_value": 34.944167075127105,
    "best_params": {
        "input_chunk_length": 96,
        "hidden_size": 104,
        "layer_size": 1,
        "dropout": 0.45000000000000007,
        "batch_size": 152,
        "lr": 0.0015125015132363018,
        "weight_decay": 5.394185287056243e-06
    }
}