{
    "MSE": {
        "Temperature": 38.82946448386408,
        "Precipitation_accumulated": 14.529415340829832,
        "Humidity": 118.97559579973863,
        "Wind_Speed_kmh": 1.0819988530474882,
        "Soil_Moisture": 39710.49213435436,
        "Soil_Temperature": 33.37735168367806,
        "Wind_Dir_Sin": 0.32946915991114234,
        "Wind_Dir_Cos": 0.5497552449951639
    },
    "RMSE": {
        "Temperature": 6.231329271019473,
        "Precipitation_accumulated": 3.811747019521342,
        "Humidity": 10.907593492596735,
        "Wind_Speed_kmh": 1.04019173859798,
        "Soil_Moisture": 199.27491596875498,
        "Soil_Temperature": 5.777313535171694,
        "Wind_Dir_Sin": 0.5739940417035201,
        "Wind_Dir_Cos": 0.7414548165567231
    },
    "MAE": {
        "Temperature": 5.628514840854797,
        "Precipitation_accumulated": 3.65127013458313,
        "Humidity": 8.37850722090072,
        "Wind_Speed_kmh": 0.7822279346867167,
        "Soil_Moisture": 161.68968205161727,
        "Soil_Temperature": 5.2518112807108075,
        "Wind_Dir_Sin": 0.45154373020605004,
        "Wind_Dir_Cos": 0.5747897214410878
    },
    "R2": {
        "Temperature": -3.743479501213436,
        "Precipitation_accumulated": -9.03931250917377,
        "Humidity": 0.24244209556949514,
        "Wind_Speed_kmh": -0.006749698745517563,
        "Soil_Moisture": -0.711954032546023,
        "Soil_Temperature": -4.8611079119514535,
        "Wind_Dir_Sin": -0.028503604922603953,
        "Wind_Dir_Cos": 0.03492149801144506
    },
    "SMAPE": {
        "Temperature": 157.7868046696191,
        "Precipitation_accumulated": 4.868423460944942,
        "Humidity": 10.319907037709354,
        "Wind_Speed_kmh": 95.84573937276058,
        "Soil_Moisture": 1.814662690120032,
        "Soil_Temperature": 159.17386289134117,
        "Wind_Dir_Sin": 116.11786096572789,
        "Wind_Dir_Cos": 105.10034176200479
    },
    "WMAPE": {
        "Temperature": 234.0901658521146,
        "Precipitation_accumulated": 4.746318079393997,
        "Humidity": 9.732822826867196,
        "Wind_Speed_kmh": 82.71542382842107,
        "Soil_Moisture": 1.822282244019888,
        "Soil_Temperature": 268.6898812162939,
        "Wind_Dir_Sin": 87.56555244699167,
        "Wind_Dir_Cos": 75.85163600392121
    }
}