{
    "Temperature": {
        "MSE": 22.433322932179,
        "RMSE": 4.736382895436031,
        "MAE": 4.103922716782593,
        "R2": 0.554008839464152,
        "SMAPE": 24.34547343435913
    },
    "Precipitation_accumulated": {
        "MSE": 9.16747943035506,
        "RMSE": 3.027784574627967,
        "MAE": 2.8930979914983874,
        "R2": -13.845512413416506,
        "SMAPE": 186.77502031934063
    },
    "Humidity": {
        "MSE": 115.88048190895992,
        "RMSE": 10.764779696257603,
        "MAE": 8.745320322232434,
        "R2": 0.6270558612963968,
        "SMAPE": 13.434285572449966
    },
    "Wind_Speed_kmh": {
        "MSE": 0.4820314357227486,
        "RMSE": 0.6942848376010732,
        "MAE": 0.5589068529149416,
        "R2": -0.15792175425805377,
        "SMAPE": 53.309312558964805
    },
    "Soil_Moisture": {
        "MSE": 1236187.074111288,
        "RMSE": 1111.8395001578635,
        "MAE": 933.3760950814285,
        "R2": -1.0338096919575315,
        "SMAPE": 11.098448037975514
    },
    "Soil_Temperature": {
        "MSE": 26.80731732002171,
        "RMSE": 5.1775783258219965,
        "MAE": 4.396187260300421,
        "R2": 0.6338200831754504,
        "SMAPE": 24.44892054161212
    },
    "Wind_Dir_Sin": {
        "MSE": 0.33287837352674277,
        "RMSE": 0.5769561279046638,
        "MAE": 0.46023129943172464,
        "R2": -0.052079794211732144,
        "SMAPE": 105.0081606230272
    },
    "Wind_Dir_Cos": {
        "MSE": 0.32385759582371,
        "RMSE": 0.5690848757643362,
        "MAE": 0.40782972698959463,
        "R2": 0.16555064079027892,
        "SMAPE": 74.20320971026217
    }
}