{
    "Temperature": {
        "MSE": 21.529358194311584,
        "RMSE": 4.6399739432793785,
        "MAE": 3.8691139368168654,
        "R2": 0.6641638461921715,
        "SMAPE": 22.434396000759175
    },
    "Precipitation_accumulated": {
        "MSE": 5.947641620386386,
        "RMSE": 2.438778714928106,
        "MAE": 2.3568851274699045,
        "R2": -34469.02350914744,
        "SMAPE": 171.4526220029385
    },
    "Humidity": {
        "MSE": 101.20237155901582,
        "RMSE": 10.059938944099802,
        "MAE": 8.71148909199196,
        "R2": 0.5183388871121999,
        "SMAPE": 13.603506921849641
    },
    "Wind_Speed_kmh": {
        "MSE": 0.5931954495367745,
        "RMSE": 0.7701918264541467,
        "MAE": 0.6437264240938502,
        "R2": -1.3456577557071472,
        "SMAPE": 55.60877112197572
    },
    "Soil_Moisture": {
        "MSE": 636010.781027926,
        "RMSE": 797.5028407648,
        "MAE": 757.6962962588232,
        "R2": -33.603867081386085,
        "SMAPE": 8.461583291452431
    },
    "Soil_Temperature": {
        "MSE": 24.840648389634485,
        "RMSE": 4.984039364775772,
        "MAE": 3.9227639676540376,
        "R2": 0.7351994944641413,
        "SMAPE": 20.75643098200457
    },
    "Wind_Dir_Sin": {
        "MSE": 0.3228588205954913,
        "RMSE": 0.5682066706714127,
        "MAE": 0.4808843572845282,
        "R2": -0.3130820525624318,
        "SMAPE": 102.83250119395998
    },
    "Wind_Dir_Cos": {
        "MSE": 0.5012489049907602,
        "RMSE": 0.7079893396024832,
        "MAE": 0.5255943961901031,
        "R2": -0.24253320177298665,
        "SMAPE": 86.0092949651573
    }
}