{
    "Temperature": {
        "MSE": 18.300277357799004,
        "RMSE": 4.277882345015931,
        "MAE": 3.627003707434324,
        "R2": 0.6371729208323358,
        "SMAPE": 19.999238678247973
    },
    "Precipitation_accumulated": {
        "MSE": 6.758337916164953,
        "RMSE": 2.599680348843864,
        "MAE": 2.5563361049823294,
        "R2": -1527.9231425975313,
        "SMAPE": 183.94217361462117
    },
    "Humidity": {
        "MSE": 93.04398260186696,
        "RMSE": 9.645930883116826,
        "MAE": 8.044970017068733,
        "R2": 0.6526486127763835,
        "SMAPE": 13.276523996861563
    },
    "Wind_Speed_kmh": {
        "MSE": 0.5663708381213886,
        "RMSE": 0.7525761344351737,
        "MAE": 0.6105828278769633,
        "R2": -0.27090848636282305,
        "SMAPE": 52.6549645609759
    },
    "Soil_Moisture": {
        "MSE": 1552297.0246744566,
        "RMSE": 1245.9121255828825,
        "MAE": 1087.5436746579355,
        "R2": -1.3192756725780712,
        "SMAPE": 12.977942211377645
    },
    "Soil_Temperature": {
        "MSE": 22.689691509780637,
        "RMSE": 4.76336976412504,
        "MAE": 3.870291281065934,
        "R2": 0.7100739058494321,
        "SMAPE": 19.646140841791446
    },
    "Wind_Dir_Sin": {
        "MSE": 0.2987147910447279,
        "RMSE": 0.54654806837526,
        "MAE": 0.44547211010250926,
        "R2": -0.014248538875614836,
        "SMAPE": 102.96312760833118
    },
    "Wind_Dir_Cos": {
        "MSE": 0.40377984958540625,
        "RMSE": 0.6354367392474299,
        "MAE": 0.4646379916214152,
        "R2": 0.11545070275541724,
        "SMAPE": 82.39052073887405
    }
}