{
    "MSE": {
        "Temperature": 27.65641270727464,
        "Precipitation_accumulated": 1507.3781825796577,
        "Humidity": 61.823622282740466,
        "Wind_Speed_kmh": 0.11881132575105062,
        "Soil_Moisture": 175892.24743437578,
        "Soil_Temperature": 26.878681457265188,
        "Wind_Dir_Sin": 0.08350634554107263,
        "Wind_Dir_Cos": 0.17756413942426205
    },
    "RMSE": {
        "Temperature": 5.258936461612238,
        "Precipitation_accumulated": 38.82496854576521,
        "Humidity": 7.8627999009729646,
        "Wind_Speed_kmh": 0.34469018806901164,
        "Soil_Moisture": 419.3950970557188,
        "Soil_Temperature": 5.184465397441205,
        "Wind_Dir_Sin": 0.2889746451526027,
        "Wind_Dir_Cos": 0.42138360127591823
    },
    "MAE": {
        "Temperature": 4.474708834199706,
        "Precipitation_accumulated": 25.114948636606666,
        "Humidity": 6.457949031348867,
        "Wind_Speed_kmh": 0.29211529034192096,
        "Soil_Moisture": 323.3663360585833,
        "Soil_Temperature": 4.327670955053724,
        "Wind_Dir_Sin": 0.19738567679373462,
        "Wind_Dir_Cos": 0.28202912617745607
    },
    "R2": {
        "Temperature": 0.3852839969491213,
        "Precipitation_accumulated": 0.9633479137940536,
        "Humidity": 0.6714932011544159,
        "Wind_Speed_kmh": 0.6094776249374828,
        "Soil_Moisture": 0.8646140129724533,
        "Soil_Temperature": 0.4149583963047452,
        "Wind_Dir_Sin": 0.7564828936172252,
        "Wind_Dir_Cos": 0.7193002592153596
    },
    "SMAPE": {
        "Temperature": 29.754068466595072,
        "Precipitation_accumulated": 38.579251098198306,
        "Humidity": 8.25711434223644,
        "Wind_Speed_kmh": 98.23883578072163,
        "Soil_Moisture": 4.466769464325557,
        "Soil_Temperature": 30.06055705672872,
        "Wind_Dir_Sin": 105.92489501936117,
        "Wind_Dir_Cos": 67.36243004047424
    }
}