{
    "Temperature": {
        "MSE": 7.4974243926145485,
        "RMSE": 2.7381425077257298,
        "MAE": 2.3222774309546192,
        "R2": 0.8636846720582043,
        "SMAPE": 13.434257478642479
    },
    "Precipitation_accumulated": {
        "MSE": 0.9940189239885203,
        "RMSE": 0.9970049769126131,
        "MAE": 0.9379492360052682,
        "R2": -5.040274742529066e+30,
        "SMAPE": 46.19759807981359
    },
    "Humidity": {
        "MSE": 55.71509165237067,
        "RMSE": 7.464254259627727,
        "MAE": 6.807654095411166,
        "R2": 0.6348062478095371,
        "SMAPE": 10.69552396204837
    },
    "Wind_Speed_kmh": {
        "MSE": 0.7918601377296867,
        "RMSE": 0.8898652357125132,
        "MAE": 0.7874871801533424,
        "R2": -3.6417627075438315,
        "SMAPE": 60.13679282136766
    },
    "Soil_Moisture": {
        "MSE": 95332.25770325765,
        "RMSE": 308.759222863476,
        "MAE": 273.3174870381541,
        "R2": -11.808773285894473,
        "SMAPE": 3.108760236661695
    },
    "Soil_Temperature": {
        "MSE": 16.657769170787198,
        "RMSE": 4.081393042918949,
        "MAE": 3.1659267179117236,
        "R2": 0.8214558645640695,
        "SMAPE": 15.154231501347427
    },
    "Wind_Dir_Sin": {
        "MSE": 0.6113931481099545,
        "RMSE": 0.7819163306326032,
        "MAE": 0.7221161799563859,
        "R2": -8.182669537883541,
        "SMAPE": 164.0799750185718
    },
    "Wind_Dir_Cos": {
        "MSE": 0.3696205846202587,
        "RMSE": 0.607964295514349,
        "MAE": 0.5117920951478294,
        "R2": 0.30592116316607143,
        "SMAPE": 120.86992745769483
    }
}