{
    "MSE": {
        "Temperature": 44.91016228378417,
        "Precipitation_accumulated": 4155.533066738587,
        "Humidity": 70.9015208800355,
        "Wind_Speed_kmh": 0.11190233685137542,
        "Soil_Moisture": 327670.50902799796,
        "Soil_Temperature": 43.46216427268966,
        "Wind_Dir_Sin": 0.15677100339383987,
        "Wind_Dir_Cos": 0.329818036630882
    },
    "RMSE": {
        "Temperature": 6.701504479128859,
        "Precipitation_accumulated": 64.46342425545348,
        "Humidity": 8.420304084772445,
        "Wind_Speed_kmh": 0.3345180665545217,
        "Soil_Moisture": 572.4251121570384,
        "Soil_Temperature": 6.5925840360733865,
        "Wind_Dir_Sin": 0.3959431820272195,
        "Wind_Dir_Cos": 0.5742978640312726
    },
    "MAE": {
        "Temperature": 5.52762830668264,
        "Precipitation_accumulated": 49.496051830422424,
        "Humidity": 7.034259325485357,
        "Wind_Speed_kmh": 0.2818179437862062,
        "Soil_Moisture": 494.644647348095,
        "Soil_Temperature": 5.486395131335579,
        "Wind_Dir_Sin": 0.27199981467508433,
        "Wind_Dir_Cos": 0.4042940813243152
    },
    "R2": {
        "Temperature": 0.011289309680774351,
        "Precipitation_accumulated": 0.8835128144876907,
        "Humidity": 0.6178965355036031,
        "Wind_Speed_kmh": 0.6050610873341936,
        "Soil_Moisture": 0.7100016988189315,
        "Soil_Temperature": 0.06269126081983645,
        "Wind_Dir_Sin": 0.5292110468200334,
        "Wind_Dir_Cos": 0.46187907966886665
    },
    "SMAPE": {
        "Temperature": 35.45250489917543,
        "Precipitation_accumulated": 43.550632543773126,
        "Humidity": 8.753766595111543,
        "Wind_Speed_kmh": 101.6856383823438,
        "Soil_Moisture": 6.679408401332259,
        "Soil_Temperature": 36.823979930055806,
        "Wind_Dir_Sin": 114.26593588628631,
        "Wind_Dir_Cos": 91.45407665015239
    }
}