{
    "MSE": {
        "Temperature": 44.17009948870226,
        "Precipitation_accumulated": 4163.640596255178,
        "Humidity": 67.22500567350137,
        "Wind_Speed_kmh": 0.10732978098319558,
        "Soil_Moisture": 265496.92922009976,
        "Soil_Temperature": 42.30634475377753,
        "Wind_Dir_Sin": 0.10202086946550606,
        "Wind_Dir_Cos": 0.24553416905095415
    },
    "RMSE": {
        "Temperature": 6.646058944118858,
        "Precipitation_accumulated": 64.52627833879139,
        "Humidity": 8.19908566082227,
        "Wind_Speed_kmh": 0.32761224180911735,
        "Soil_Moisture": 515.2639413156132,
        "Soil_Temperature": 6.504332767761619,
        "Wind_Dir_Sin": 0.3194070591979865,
        "Wind_Dir_Cos": 0.4955140452610341
    },
    "MAE": {
        "Temperature": 5.450058653272499,
        "Precipitation_accumulated": 42.93169975219449,
        "Humidity": 6.8356658961128804,
        "Wind_Speed_kmh": 0.27351034312122413,
        "Soil_Moisture": 427.8531979385115,
        "Soil_Temperature": 5.350354952747851,
        "Wind_Dir_Sin": 0.21169145078356408,
        "Wind_Dir_Cos": 0.33647693491455427
    },
    "R2": {
        "Temperature": 0.025474141065132794,
        "Precipitation_accumulated": 0.8933982989236767,
        "Humidity": 0.6463472619889779,
        "Wind_Speed_kmh": 0.6342808634193207,
        "Soil_Moisture": 0.7846946225868309,
        "Soil_Temperature": 0.08495155746504346,
        "Wind_Dir_Sin": 0.7000890051964714,
        "Wind_Dir_Cos": 0.6079630483209948
    },
    "SMAPE": {
        "Temperature": 34.78465002015607,
        "Precipitation_accumulated": 44.69873300325581,
        "Humidity": 8.6128398394225,
        "Wind_Speed_kmh": 98.92932877572647,
        "Soil_Moisture": 5.827033518931131,
        "Soil_Temperature": 35.79157927003105,
        "Wind_Dir_Sin": 106.901728389167,
        "Wind_Dir_Cos": 77.85722229751823
    }
}