{
    "Temperature": {
        "MSE": 7.758754772115369,
        "RMSE": 2.785454141089989,
        "MAE": 2.427661554767627,
        "R2": 0.8648185090067546,
        "SMAPE": 13.695060195064245
    },
    "Precipitation_accumulated": {
        "MSE": 1.9308192795004946,
        "RMSE": 1.3895392328036278,
        "MAE": 1.2708127088397747,
        "R2": -260049.6594038984,
        "SMAPE": 71.56678340375068
    },
    "Humidity": {
        "MSE": 64.9779755451986,
        "RMSE": 8.060891733871545,
        "MAE": 7.283830139322806,
        "R2": 0.6225265746355502,
        "SMAPE": 11.618927596185031
    },
    "Wind_Speed_kmh": {
        "MSE": 0.8834739778259291,
        "RMSE": 0.9399329645383915,
        "MAE": 0.8480864788587437,
        "R2": -4.6003462009694145,
        "SMAPE": 63.40205202373542
    },
    "Soil_Moisture": {
        "MSE": 200751.49517463625,
        "RMSE": 448.0530048717855,
        "MAE": 393.9606036420064,
        "R2": -25.250321922831663,
        "SMAPE": 4.454581066655699
    },
    "Soil_Temperature": {
        "MSE": 15.681568449444221,
        "RMSE": 3.9599960163419636,
        "MAE": 2.997175524672449,
        "R2": 0.8327409437280636,
        "SMAPE": 14.376284668643807
    },
    "Wind_Dir_Sin": {
        "MSE": 0.5533650583600471,
        "RMSE": 0.7438851109950024,
        "MAE": 0.687105685698813,
        "R2": -4.241796067973467,
        "SMAPE": 154.0903051115999
    },
    "Wind_Dir_Cos": {
        "MSE": 0.2835769508712255,
        "RMSE": 0.5325194370830284,
        "MAE": 0.43649003754938437,
        "R2": 0.3339696726681265,
        "SMAPE": 111.64965588332191
    }
}