{
    "Temperature": {
        "MSE": 9.100623166919938,
        "RMSE": 3.0167239129426373,
        "MAE": 2.505667901788808,
        "R2": 0.8296149427754143,
        "SMAPE": 14.566533036997763
    },
    "Precipitation_accumulated": {
        "MSE": 0.45899394231687535,
        "RMSE": 0.6774909167781331,
        "MAE": 0.6570395430577711,
        "R2": -Infinity,
        "SMAPE": 29.578737839369023
    },
    "Humidity": {
        "MSE": 46.18391851024089,
        "RMSE": 6.795875109964933,
        "MAE": 6.068880996033331,
        "R2": 0.7138798533176414,
        "SMAPE": 9.84622389885722
    },
    "Wind_Speed_kmh": {
        "MSE": 0.35266144106902636,
        "RMSE": 0.5938530466950779,
        "MAE": 0.5159921487987383,
        "R2": -1.240530681412455,
        "SMAPE": 41.66550720070247
    },
    "Soil_Moisture": {
        "MSE": 27820.63560974052,
        "RMSE": 166.79519060734492,
        "MAE": 153.81716054533408,
        "R2": -3.358399980637863,
        "SMAPE": 1.759067874868436
    },
    "Soil_Temperature": {
        "MSE": 19.069256074486027,
        "RMSE": 4.366835934001417,
        "MAE": 3.63149486442115,
        "R2": 0.7927347575971254,
        "SMAPE": 17.616438718341495
    },
    "Wind_Dir_Sin": {
        "MSE": 0.6749114320894263,
        "RMSE": 0.8215299337756514,
        "MAE": 0.7678237747533855,
        "R2": -9.847940494919293,
        "SMAPE": 161.41900263948165
    },
    "Wind_Dir_Cos": {
        "MSE": 0.31220896082299393,
        "RMSE": 0.5587566203840397,
        "MAE": 0.4935485214541046,
        "R2": 0.29372396185174976,
        "SMAPE": 121.6145922546906
    }
}