{
    "Temperature": {
        "MSE": 0.6858567873360752,
        "RMSE": 0.8281647102696874,
        "MAE": 0.7226973744581228,
        "R2": 0.03380181604616184,
        "SMAPE": 2.6379416303339744
    },
    "Precipitation_accumulated": {
        "MSE": 0.10669015113162429,
        "RMSE": 0.32663458348990587,
        "MAE": 0.32434337559390825,
        "R2": -Infinity,
        "SMAPE": 13.469570354489827
    },
    "Humidity": {
        "MSE": 52.255757870961155,
        "RMSE": 7.228814416691105,
        "MAE": 6.908606393624827,
        "R2": -16.927713658532127,
        "SMAPE": 13.467551731645687
    },
    "Wind_Speed_kmh": {
        "MSE": 0.38573178192470303,
        "RMSE": 0.621073089035987,
        "MAE": 0.5858228109374565,
        "R2": -3.957055498698436,
        "SMAPE": 66.26574506150912
    },
    "Soil_Moisture": {
        "MSE": 2336.1820766474934,
        "RMSE": 48.3340674539966,
        "MAE": 42.22550094081695,
        "R2": -108.00388721683589,
        "SMAPE": 0.48798999158191947
    },
    "Soil_Temperature": {
        "MSE": 1.9139435971681327,
        "RMSE": 1.383453503796977,
        "MAE": 1.2277752223662357,
        "R2": 0.16232115108524903,
        "SMAPE": 4.385397277182122
    },
    "Wind_Dir_Sin": {
        "MSE": 0.35214696920640787,
        "RMSE": 0.5934197243152673,
        "MAE": 0.497863080175908,
        "R2": -2.805476772343724,
        "SMAPE": 101.96869129696091
    },
    "Wind_Dir_Cos": {
        "MSE": 0.06386790725883726,
        "RMSE": 0.252721006762076,
        "MAE": 0.1822162088100657,
        "R2": -0.25009034851878353,
        "SMAPE": 27.517969656795497
    }
}