{
    "Temperature": {
        "MSE": 4.669925780145076,
        "RMSE": 2.1610011060027423,
        "MAE": 1.5427062358641688,
        "R2": 0.7900809397146079,
        "SMAPE": 7.462834543746291
    },
    "Precipitation_accumulated": {
        "MSE": 0.1654976022094926,
        "RMSE": 0.40681396511119505,
        "MAE": 0.3980702754655614,
        "R2": -8.391725391087842e+29,
        "SMAPE": 16.83880788482279
    },
    "Humidity": {
        "MSE": 34.98191503400539,
        "RMSE": 5.914551127009165,
        "MAE": 5.4923495015806365,
        "R2": 0.7163276904128535,
        "SMAPE": 9.858997683678231
    },
    "Wind_Speed_kmh": {
        "MSE": 0.22088263876063785,
        "RMSE": 0.4699815302335166,
        "MAE": 0.3915838655866708,
        "R2": -1.5575918244463676,
        "SMAPE": 42.663054990994105
    },
    "Soil_Moisture": {
        "MSE": 5334.234233568909,
        "RMSE": 73.03584211583316,
        "MAE": 65.57088248157409,
        "R2": -21.42787297789078,
        "SMAPE": 0.7524688448629478
    },
    "Soil_Temperature": {
        "MSE": 5.120250140540683,
        "RMSE": 2.2627969728945376,
        "MAE": 1.9517490965431772,
        "R2": 0.7225980434803759,
        "SMAPE": 9.089919246007861
    },
    "Wind_Dir_Sin": {
        "MSE": 0.43517554867444663,
        "RMSE": 0.6596783675962451,
        "MAE": 0.6031577789602494,
        "R2": -6.164112676691237,
        "SMAPE": 126.79010349143863
    },
    "Wind_Dir_Cos": {
        "MSE": 0.21137603085941667,
        "RMSE": 0.4597564908290221,
        "MAE": 0.36267428972118604,
        "R2": 0.31491663854205,
        "SMAPE": 91.78753224670054
    }
}