{
    "MSE": {
        "Temperature": 40.630854403288076,
        "Precipitation_accumulated": 2635.512013135637,
        "Humidity": 70.9922307514051,
        "Wind_Speed_kmh": 0.10372207974701982,
        "Soil_Moisture": 229088.3095086095,
        "Soil_Temperature": 38.70152874752053,
        "Wind_Dir_Sin": 0.08257646664991503,
        "Wind_Dir_Cos": 0.1982429610982938
    },
    "RMSE": {
        "Temperature": 6.374233632625029,
        "Precipitation_accumulated": 51.337238074672825,
        "Humidity": 8.42568874047725,
        "Wind_Speed_kmh": 0.32205912461381964,
        "Soil_Moisture": 478.6317054987159,
        "Soil_Temperature": 6.221055276038023,
        "Wind_Dir_Sin": 0.28736121284876814,
        "Wind_Dir_Cos": 0.4452448327586675
    },
    "MAE": {
        "Temperature": 5.257155927031035,
        "Precipitation_accumulated": 32.72822144368427,
        "Humidity": 7.074050686142587,
        "Wind_Speed_kmh": 0.26986309262670066,
        "Soil_Moisture": 384.0163093818586,
        "Soil_Temperature": 5.130912681632411,
        "Wind_Dir_Sin": 0.19572326250169214,
        "Wind_Dir_Cos": 0.29605225531135076
    },
    "R2": {
        "Temperature": 0.10476834088456233,
        "Precipitation_accumulated": 0.9348887922091436,
        "Humidity": 0.6268293279984105,
        "Wind_Speed_kmh": 0.6492648155527022,
        "Soil_Moisture": 0.8206114452157725,
        "Soil_Temperature": 0.16550638841923782,
        "Wind_Dir_Sin": 0.7598886139659848,
        "Wind_Dir_Cos": 0.6851661879931109
    },
    "SMAPE": {
        "Temperature": 33.90700566377712,
        "Precipitation_accumulated": 40.17527083754306,
        "Humidity": 8.952715237752582,
        "Wind_Speed_kmh": 97.11586476789046,
        "Soil_Moisture": 5.261654945264075,
        "Soil_Temperature": 34.71273627388753,
        "Wind_Dir_Sin": 104.42980828330353,
        "Wind_Dir_Cos": 70.19633752041128
    }
}