{
    "Temperature": {
        "MSE": 9.993710173813373,
        "RMSE": 3.1612829948951697,
        "MAE": 2.7054419832315237,
        "R2": 0.817176590832124,
        "SMAPE": 13.323256310366233
    },
    "Precipitation_accumulated": {
        "MSE": 4.888674330984957,
        "RMSE": 2.211034674306343,
        "MAE": 2.066965787865394,
        "R2": -36955.36738662247,
        "SMAPE": 143.17317109666504
    },
    "Humidity": {
        "MSE": 74.36637240435974,
        "RMSE": 8.623593937817326,
        "MAE": 7.670801496995328,
        "R2": 0.5826353931300831,
        "SMAPE": 12.24042013349009
    },
    "Wind_Speed_kmh": {
        "MSE": 0.7244059322016936,
        "RMSE": 0.8511203981821218,
        "MAE": 0.7215933748484112,
        "R2": -3.172221370198476,
        "SMAPE": 56.735210782610096
    },
    "Soil_Moisture": {
        "MSE": 411836.1515724581,
        "RMSE": 641.7446155383449,
        "MAE": 599.0939469003058,
        "R2": -82.57139777239752,
        "SMAPE": 6.698815512640641
    },
    "Soil_Temperature": {
        "MSE": 16.87930890359757,
        "RMSE": 4.108443610857714,
        "MAE": 2.9492884649722884,
        "R2": 0.8119975569485787,
        "SMAPE": 12.72131169866774
    },
    "Wind_Dir_Sin": {
        "MSE": 0.3872761900088892,
        "RMSE": 0.6223151854236639,
        "MAE": 0.5421231305830733,
        "R2": -0.8860791516223103,
        "SMAPE": 119.51119655577997
    },
    "Wind_Dir_Cos": {
        "MSE": 0.40184611461088504,
        "RMSE": 0.6339133336749473,
        "MAE": 0.4831005412220585,
        "R2": 0.04455030842631724,
        "SMAPE": 90.98400000845467
    }
}