{
    "Temperature": {
        "MSE": 8.954508611210832,
        "RMSE": 2.9924084967147837,
        "MAE": 2.5543125233950863,
        "R2": 0.7653630872186388,
        "SMAPE": 15.405527130269354
    },
    "Precipitation_accumulated": {
        "MSE": 0.3075175336425572,
        "RMSE": 0.5545426346481911,
        "MAE": 0.53301298594063,
        "R2": -1.5592991444107694e+30,
        "SMAPE": 23.357580679429123
    },
    "Humidity": {
        "MSE": 38.25824720415893,
        "RMSE": 6.185325149429004,
        "MAE": 5.692284426460611,
        "R2": 0.6827059861034935,
        "SMAPE": 8.842072960314377
    },
    "Wind_Speed_kmh": {
        "MSE": 0.20060104836638026,
        "RMSE": 0.4478850838846727,
        "MAE": 0.39272737601004076,
        "R2": -0.6557651503205701,
        "SMAPE": 36.33447946830289
    },
    "Soil_Moisture": {
        "MSE": 19634.069610744027,
        "RMSE": 140.12162435093316,
        "MAE": 123.97436849415863,
        "R2": -24.88265340500054,
        "SMAPE": 1.409207688168813
    },
    "Soil_Temperature": {
        "MSE": 8.518639300764981,
        "RMSE": 2.918670810619961,
        "MAE": 2.696466625305382,
        "R2": 0.7256550042487395,
        "SMAPE": 15.89962875323966
    },
    "Wind_Dir_Sin": {
        "MSE": 0.3925834588696046,
        "RMSE": 0.6265648081959316,
        "MAE": 0.5914050254907725,
        "R2": -9.713366025257624,
        "SMAPE": 131.1801969713829
    },
    "Wind_Dir_Cos": {
        "MSE": 0.3685210721144365,
        "RMSE": 0.6070593645718979,
        "MAE": 0.5333449429375343,
        "R2": 0.15014317094166552,
        "SMAPE": 142.3778952877544
    }
}