{
    "MSE": {
        "Temperature": 5.558872872550369,
        "Precipitation_accumulated": 379.36822723687504,
        "Humidity": 17.00811643325497,
        "Wind_Speed_kmh": 0.06123156052234603,
        "Soil_Moisture": 50637.253909950115,
        "Soil_Temperature": 8.839292423684247,
        "Wind_Dir_Sin": 0.0722995500711231,
        "Wind_Dir_Cos": 0.12115579224342968
    },
    "RMSE": {
        "Temperature": 2.357726208140031,
        "Precipitation_accumulated": 19.477377319261315,
        "Humidity": 4.124089770271128,
        "Wind_Speed_kmh": 0.24745011724051785,
        "Soil_Moisture": 225.02722926337185,
        "Soil_Temperature": 2.973094755248182,
        "Wind_Dir_Sin": 0.2688857565419245,
        "Wind_Dir_Cos": 0.34807440618843216
    },
    "MAE": {
        "Temperature": 1.8385695268526638,
        "Precipitation_accumulated": 12.893661278753147,
        "Humidity": 2.827907156590981,
        "Wind_Speed_kmh": 0.19939961907547418,
        "Soil_Moisture": 144.08312289151868,
        "Soil_Temperature": 1.985988473905348,
        "Wind_Dir_Sin": 0.166876579028549,
        "Wind_Dir_Cos": 0.21451775075786728
    },
    "R2": {
        "Temperature": 0.8768947239862203,
        "Precipitation_accumulated": 0.9908671612316936,
        "Humidity": 0.9103499244013269,
        "Wind_Speed_kmh": 0.7978817362637787,
        "Soil_Moisture": 0.9614396887510724,
        "Soil_Temperature": 0.8082660882796044,
        "Wind_Dir_Sin": 0.7888429708575,
        "Wind_Dir_Cos": 0.8089835130211936
    },
    "SMAPE": {
        "Temperature": 12.899317936572688,
        "Precipitation_accumulated": 26.10991192222051,
        "Humidity": 3.8040623812628724,
        "Wind_Speed_kmh": 92.04670221516935,
        "Soil_Moisture": 2.0163442554382898,
        "Soil_Temperature": 13.171509209813427,
        "Wind_Dir_Sin": 101.57140984699168,
        "Wind_Dir_Cos": 53.09113172963068
    }
}