{
    "MSE": {
        "Temperature": 6.256695070855607,
        "Precipitation_accumulated": 0.5992380311923278,
        "Humidity": 88.25629137625664,
        "Wind_Speed_kmh": 0.2624648918413295,
        "Soil_Moisture": 102864.52685545545,
        "Soil_Temperature": 8.82310331881622,
        "Wind_Dir_Sin": 0.3072408269131883,
        "Wind_Dir_Cos": 0.18225595797828031
    },
    "RMSE": {
        "Temperature": 2.5013386557712667,
        "Precipitation_accumulated": 0.7741046642362567,
        "Humidity": 9.394481964230739,
        "Wind_Speed_kmh": 0.5123132750976979,
        "Soil_Moisture": 320.7250019182406,
        "Soil_Temperature": 2.970370905933503,
        "Wind_Dir_Sin": 0.554293087556744,
        "Wind_Dir_Cos": 0.42691446213296674
    },
    "MAE": {
        "Temperature": 2.035206558716097,
        "Precipitation_accumulated": 0.43695826221745454,
        "Humidity": 7.42506801303235,
        "Wind_Speed_kmh": 0.4027653794003469,
        "Soil_Moisture": 228.21157261247438,
        "Soil_Temperature": 2.365446962245876,
        "Wind_Dir_Sin": 0.4486377207903964,
        "Wind_Dir_Cos": 0.3040845819593053
    },
    "R2": {
        "Temperature": 0.8259925594974412,
        "Precipitation_accumulated": 0.4660040740166217,
        "Humidity": 0.7119597087034266,
        "Wind_Speed_kmh": 0.3606659962438227,
        "Soil_Moisture": 0.876640383169061,
        "Soil_Temperature": 0.8079657943499703,
        "Wind_Dir_Sin": 0.1168194864546499,
        "Wind_Dir_Cos": 0.41262869131166646
    },
    "SMAPE": {
        "Temperature": 14.426868044691586,
        "Precipitation_accumulated": 10.28337268408006,
        "Humidity": 10.702161666477052,
        "Wind_Speed_kmh": 49.35806451930698,
        "Soil_Moisture": 2.8095043693595376,
        "Soil_Temperature": 15.471263649691792,
        "Wind_Dir_Sin": 127.15729298136029,
        "Wind_Dir_Cos": 58.683385173112384
    }
}