{
    "trial_number": 36,
    "input_chunk_length": 38,
    "num_blocks": 2,
    "hidden_size": 32,
    "ff_size": 53,
    "norm_type": "TimeBatchNorm2d",
    "normalize_before": false,
    "activation": "GELU",
    "dropout": 0.1,
    "batch_size": 31,
    "lr": 0.0015224915588128482,
    "overall_smape_val": 44.46637773278708,
    "metrics": {
        "MSE": {
            "Temperature": 0.5484707054009845,
            "Precipitation_accumulated": 85.51283468704204,
            "Humidity": 8.34319965386652,
            "Wind_Speed_kmh": 0.07202313008027998,
            "Soil_Moisture": 21491.28737162265,
            "Soil_Temperature": 0.9918020215393603,
            "Wind_Dir_Sin": 0.05137347326436016,
            "Wind_Dir_Cos": 0.044673375335494314
        },
        "RMSE": {
            "Temperature": 0.7405880807851181,
            "Precipitation_accumulated": 9.247314998800572,
            "Humidity": 2.888459737276343,
            "Wind_Speed_kmh": 0.2683712541988802,
            "Soil_Moisture": 146.5990701594749,
            "Soil_Temperature": 0.9958925753008505,
            "Wind_Dir_Sin": 0.22665717121759055,
            "Wind_Dir_Cos": 0.2113607705689358
        },
        "MAE": {
            "Temperature": 0.5062740291441743,
            "Precipitation_accumulated": 7.234150782160331,
            "Humidity": 2.4763489052044507,
            "Wind_Speed_kmh": 0.10547156694984391,
            "Soil_Moisture": 83.50043801490847,
            "Soil_Temperature": 0.8935495387984086,
            "Wind_Dir_Sin": 0.14058857500468,
            "Wind_Dir_Cos": 0.1077610926960081
        },
        "R2": {
            "Temperature": 0.8388911148381537,
            "Precipitation_accumulated": -89.09473075795484,
            "Humidity": 0.8716996268603673,
            "Wind_Speed_kmh": 0.7883590264426719,
            "Soil_Moisture": 0.970956548890127,
            "Soil_Temperature": 0.8232777488941411,
            "Wind_Dir_Sin": 0.6801531724452589,
            "Wind_Dir_Cos": 0.8443940439337805
        },
        "SMAPE": {
            "Temperature": 8.578375941452531,
            "Precipitation_accumulated": 1.5549592139048105,
            "Humidity": 2.958549823883332,
            "Wind_Speed_kmh": 149.23316139249206,
            "Soil_Moisture": 1.3132261661893914,
            "Soil_Temperature": 20.354676169742223,
            "Wind_Dir_Sin": 142.5844715709535,
            "Wind_Dir_Cos": 29.153601583679006
        }
    }
}