{
    "trial_number": 15,
    "fold_smape": [
        59.0461004186638,
        3.2859107635528546,
        2.617556616015265,
        14.94593168422217,
        16.71780936611831
    ],
    "mean_smape": 19.322661769714482,
    "hyperparameters": {
        "input_chunk_length": 108,
        "hidden_size": 72,
        "dropout": 0.45000000000000007,
        "batch_size": 96,
        "lr": 0.0017061122572827325,
        "weight_decay": 3.4957037880910154e-06,
        "ff_size": 143,
        "num_blocks": 2,
        "activation": "GELU",
        "norm_type": "LayerNorm",
        "normalize_before": false
    },
    "metrics_per_fold": [
        {
            "Temperature": {
                "MSE": 203.9643373434224,
                "RMSE": 14.281608359824967,
                "MAE": 12.377416075706806,
                "R2": -3.419077618637826,
                "SMAPE": 59.70786556946401,
                "WAPE": 75.4586309377024
            },
            "Precipitation_accumulated": {
                "MSE": 62518.81114523458,
                "RMSE": 250.0376194600216,
                "MAE": 140.59399038792432,
                "R2": -0.4508023574251552,
                "SMAPE": 85.35499773293682,
                "WAPE": 97.46351154123074
            },
            "Humidity": {
                "MSE": 2978.7797045651037,
                "RMSE": 54.578198069972075,
                "MAE": 44.6320907894879,
                "R2": -8.601166372591855,
                "SMAPE": 87.51379360920096,
                "WAPE": 58.566335465446045
            },
            "Soil_Moisture": {
                "MSE": 977831.6405287455,
                "RMSE": 988.853700265487,
                "MAE": 781.132353561185,
                "R2": 0.22019847349612742,
                "SMAPE": 9.951207838306566,
                "WAPE": 9.82497955816646
            },
            "Soil_Temperature": {
                "MSE": 127.24141195420381,
                "RMSE": 11.280133507818238,
                "MAE": 9.698811205620714,
                "R2": -1.2627117639287575,
                "SMAPE": 52.70263734341039,
                "WAPE": 59.68389125180161
            }
        },
        {
            "Temperature": {
                "MSE": 1.44344266159479,
                "RMSE": 1.201433586010808,
                "MAE": 0.924429121293256,
                "R2": 0.7981726800729463,
                "SMAPE": 6.381589474670061,
                "WAPE": 6.049304784804167
            },
            "Precipitation_accumulated": {
                "MSE": 1.6395362463398944,
                "RMSE": 1.2804437693002744,
                "MAE": 1.0266734879797825,
                "R2": -1084.4583619452474,
                "SMAPE": 0.22448192071971126,
                "WAPE": 0.22410026620716605
            },
            "Humidity": {
                "MSE": 9.223635242980961,
                "RMSE": 3.0370438329041223,
                "MAE": 2.472485950750432,
                "R2": 0.5503620922921884,
                "SMAPE": 2.871208491518633,
                "WAPE": 2.868581190703444
            },
            "Soil_Moisture": {
                "MSE": 3879.209984731427,
                "RMSE": 62.2833042213676,
                "MAE": 52.20499106019109,
                "R2": 0.1161290137430907,
                "SMAPE": 0.8176615108329192,
                "WAPE": 0.8186476887102647
            },
            "Soil_Temperature": {
                "MSE": 1.5055388270428132,
                "RMSE": 1.2270040044933892,
                "MAE": 0.9144305430724682,
                "R2": 0.8087435443616272,
                "SMAPE": 6.134612420022958,
                "WAPE": 5.977727260712543
            }
        },
        {
            "Temperature": {
                "MSE": 0.4871835371070879,
                "RMSE": 0.6979853416133378,
                "MAE": 0.5737433010205034,
                "R2": 0.024856161893868967,
                "SMAPE": 6.1294434282279795,
                "WAPE": 6.226600474829144
            },
            "Precipitation_accumulated": {
                "MSE": 37.849821454695956,
                "RMSE": 6.15222085548755,
                "MAE": 5.562529205743262,
                "R2": -961.5601698962442,
                "SMAPE": 1.2222623519915212,
                "WAPE": 1.2133616908034988
            },
            "Humidity": {
                "MSE": 4.552185815101702,
                "RMSE": 2.1335852022128625,
                "MAE": 1.7577581708802839,
                "R2": 0.5410946725383485,
                "SMAPE": 1.9406788723629225,
                "WAPE": 1.9316349965241035
            },
            "Soil_Moisture": {
                "MSE": 10403.261258003515,
                "RMSE": 101.99637865141838,
                "MAE": 68.2877218371083,
                "R2": 0.668126547051407,
                "SMAPE": 1.164042588533779,
                "WAPE": 1.153798336626364
            },
            "Soil_Temperature": {
                "MSE": 0.11009706128982447,
                "RMSE": 0.33180877217129817,
                "MAE": 0.2595367066139754,
                "R2": 0.3168854612894759,
                "SMAPE": 2.631355838960126,
                "WAPE": 2.664097449324611
            }
        },
        {
            "Temperature": {
                "MSE": 2.8311136560576764,
                "RMSE": 1.682591351474765,
                "MAE": 1.1799004472689187,
                "R2": 0.46948475476836715,
                "SMAPE": 27.542654839156473,
                "WAPE": 21.320426896814194
            },
            "Precipitation_accumulated": {
                "MSE": 401.29141584850004,
                "RMSE": 20.03225937952332,
                "MAE": 17.37379891029493,
                "R2": -356.90088335877346,
                "SMAPE": 3.8694436421355918,
                "WAPE": 3.775831841083314
            },
            "Humidity": {
                "MSE": 40.50894800447989,
                "RMSE": 6.364664013479414,
                "MAE": 4.627285609952989,
                "R2": 0.5414851798496261,
                "SMAPE": 5.376040340133318,
                "WAPE": 5.486505740338946
            },
            "Soil_Moisture": {
                "MSE": 304293.5343306365,
                "RMSE": 551.6280760898927,
                "MAE": 266.3069770095089,
                "R2": 0.7849096839992682,
                "SMAPE": 3.7078120149472173,
                "WAPE": 4.043069897316176
            },
            "Soil_Temperature": {
                "MSE": 3.1859815027713263,
                "RMSE": 1.784931792190202,
                "MAE": 1.3674860735652135,
                "R2": 0.4466923355737251,
                "SMAPE": 34.23370758473824,
                "WAPE": 25.83266444942083
            }
        },
        {
            "Temperature": {
                "MSE": 19.13747189144473,
                "RMSE": 4.3746396298946415,
                "MAE": 3.5270021312433473,
                "R2": 0.29207236614053234,
                "SMAPE": 37.112913196739036,
                "WAPE": 34.12142188480586
            },
            "Precipitation_accumulated": {
                "MSE": 174.54587453052207,
                "RMSE": 13.211581076105997,
                "MAE": 11.810256962172357,
                "R2": -150.96656983196274,
                "SMAPE": 2.5002292374800112,
                "WAPE": 2.53798314145065
            },
            "Humidity": {
                "MSE": 187.79841389846126,
                "RMSE": 13.70395614041658,
                "MAE": 10.581844997120319,
                "R2": -0.18782104405426625,
                "SMAPE": 12.578629219296799,
                "WAPE": 12.320445594732188
            },
            "Soil_Moisture": {
                "MSE": 80606.27800001607,
                "RMSE": 283.9124477722244,
                "MAE": 273.71081951003526,
                "R2": -12.569895050684163,
                "SMAPE": 3.204202776082034,