{
    "trial_number": 2,
    "input_chunk_length": 43,
    "num_blocks": 4,
    "hidden_size": 32,
    "ff_size": 125,
    "norm_type": "TimeBatchNorm2d",
    "normalize_before": false,
    "activation": "ReLU",
    "dropout": 0.1,
    "batch_size": 35,
    "lr": 0.0011212269095120227,
    "overall_smape_val": 42.6963707984341,
    "metrics": {
        "MSE": {
            "Temperature": 0.5667434491879756,
            "Precipitation_accumulated": 21.308349645347565,
            "Humidity": 2.2549958112683264,
            "Wind_Speed_kmh": 0.06484208586217646,
            "Soil_Moisture": 12687.052505836575,
            "Soil_Temperature": 0.34144937695582905,
            "Wind_Dir_Sin": 0.03770681581976878,
            "Wind_Dir_Cos": 0.03509479850955271
        },
        "RMSE": {
            "Temperature": 0.7528236507894631,
            "Precipitation_accumulated": 4.616096797657905,
            "Humidity": 1.501664347072383,
            "Wind_Speed_kmh": 0.2546410922498104,
            "Soil_Moisture": 112.6368168310725,
            "Soil_Temperature": 0.5843366982791933,
            "Wind_Dir_Sin": 0.1941824292251201,
            "Wind_Dir_Cos": 0.18733605768658823
        },
        "MAE": {
            "Temperature": 0.4802335601731393,
            "Precipitation_accumulated": 3.6126436739080043,
            "Humidity": 0.9656520959720961,
            "Wind_Speed_kmh": 0.11297526454207701,
            "Soil_Moisture": 52.34346238363557,
            "Soil_Temperature": 0.3683294699253767,
            "Wind_Dir_Sin": 0.07819105210023912,
            "Wind_Dir_Cos": 0.07131981226711535
        },
        "R2": {
            "Temperature": 0.8335236424255335,
            "Precipitation_accumulated": -21.450080519724114,
            "Humidity": 0.9653230395990876,
            "Wind_Speed_kmh": 0.809460625162189,
            "Soil_Moisture": 0.9828546432416982,
            "Soil_Temperature": 0.9391595285915311,
            "Wind_Dir_Sin": 0.7652406066632299,
            "Wind_Dir_Cos": 0.8777580687821592
        },
        "SMAPE": {
            "Temperature": 8.848658782440188,
            "Precipitation_accumulated": 0.7902565339510622,
            "Humidity": 1.1352755380516768,
            "Wind_Speed_kmh": 156.53557568484985,
            "Soil_Moisture": 0.8498942718316658,
            "Soil_Temperature": 13.36764863676441,
            "Wind_Dir_Sin": 139.22430889246425,
            "Wind_Dir_Cos": 20.819348047119774
        }
    }
}