{
    "trial_number": 1,
    "fold_smape": [
        46.216128737637504,
        5.239715434119007,
        2.401357174933019,
        44.54187028217709,
        21.144930282032348
    ],
    "mean_smape": 23.908800382179795,
    "hyperparameters": {
        "input_chunk_length": 168,
        "hidden_size": 128,
        "dropout": 0.5,
        "batch_size": 96,
        "lr": 0.0017022214514041277,
        "weight_decay": 1.7105519298901376e-06,
        "ff_size": 503,
        "num_blocks": 3,
        "activation": "GELU",
        "norm_type": "LayerNorm",
        "normalize_before": false
    },
    "metrics_per_fold": [
        {
            "Temperature": {
                "MSE": 89.8885171877714,
                "RMSE": 9.4809554997253,
                "MAE": 7.897590239778154,
                "R2": -1.0467787278706147,
                "SMAPE": 44.968900122629854,
                "WAPE": 49.208378813273285
            },
            "Precipitation_accumulated": {
                "MSE": 65761.91386944252,
                "RMSE": 256.44085842439875,
                "MAE": 147.6515210792122,
                "R2": -0.4877633681483471,
                "SMAPE": 86.61179745787281,
                "WAPE": 97.5430331693115
            },
            "Humidity": {
                "MSE": 1296.1557860037278,
                "RMSE": 36.00216362947827,
                "MAE": 30.512161144453696,
                "R2": -3.37372197856092,
                "SMAPE": 46.8253645786929,
                "WAPE": 39.555399860042826
            },
            "Soil_Moisture": {
                "MSE": 1280647.6959571315,
                "RMSE": 1131.6570575740388,
                "MAE": 958.6056941470736,
                "R2": 0.004927449498834613,
                "SMAPE": 12.012024512815518,
                "WAPE": 12.080068975032372
            },
            "Soil_Temperature": {
                "MSE": 57.683179609389036,
                "RMSE": 7.594944345377986,
                "MAE": 6.329770196689378,
                "R2": -0.1007436555597061,
                "SMAPE": 40.66255701617639,
                "WAPE": 39.93219565002734
            }
        },
        {
            "Temperature": {
                "MSE": 1.4453239369124151,
                "RMSE": 1.2022162604591635,
                "MAE": 0.8935210216732314,
                "R2": 0.7847265177633505,
                "SMAPE": 5.857006140150728,
                "WAPE": 5.922120460177933
            },
            "Precipitation_accumulated": {
                "MSE": 252.6187542428597,
                "RMSE": 15.893984844678181,
                "MAE": 15.734160326220358,
                "R2": -238790.56662250106,
                "SMAPE": 3.37523971773001,
                "WAPE": 3.4343838038681755
            },
            "Humidity": {
                "MSE": 11.198374898027929,
                "RMSE": 3.346397301282071,
                "MAE": 2.7528455796650375,
                "R2": 0.41653247656717596,
                "SMAPE": 3.170180111490271,
                "WAPE": 3.181725817893841
            },
            "Soil_Moisture": {
                "MSE": 2278.3027367866844,
                "RMSE": 47.73156960321632,
                "MAE": 38.26032922831253,
                "R2": 0.28822245716156825,
                "SMAPE": 0.6001329369223356,
                "WAPE": 0.6007480534156403
            },
            "Soil_Temperature": {
                "MSE": 4.883170184362934,
                "RMSE": 2.2097896244581596,
                "MAE": 1.9343993761916358,
                "R2": 0.34745097526398894,
                "SMAPE": 13.196018264301678,
                "WAPE": 12.806404089394107
            }
        },
        {
            "Temperature": {
                "MSE": 0.36614022164458043,
                "RMSE": 0.6050952170068612,
                "MAE": 0.44607640230833395,
                "R2": 0.25473386414910415,
                "SMAPE": 4.864019030674792,
                "WAPE": 4.861412535554421
            },
            "Precipitation_accumulated": {
                "MSE": 28.49165568359311,
                "RMSE": 5.337757551968158,
                "MAE": 4.911386768585792,
                "R2": -746.3596031058458,
                "SMAPE": 1.0646752402098703,
                "WAPE": 1.0712983277664236
            },
            "Humidity": {
                "MSE": 7.197393833722467,
                "RMSE": 2.6827958986330787,
                "MAE": 2.1669725267913065,
                "R2": 0.2904463617467037,
                "SMAPE": 2.385128936202098,
                "WAPE": 2.3785381448966363
            },
            "Soil_Moisture": {
                "MSE": 9999.806053870094,
                "RMSE": 99.99903026464854,
                "MAE": 76.74319167357562,
                "R2": 0.6720808361938361,
                "SMAPE": 1.2999593728512495,
                "WAPE": 1.2990294779878824
            },
            "Soil_Temperature": {
                "MSE": 0.10157872139069557,
                "RMSE": 0.31871416879501224,
                "MAE": 0.23368341805990983,
                "R2": 0.36754406005792395,
                "SMAPE": 2.393003294727091,
                "WAPE": 2.4031000505743023
            }
        },
        {
            "Temperature": {
                "MSE": 49.81701411880438,
                "RMSE": 7.058116896085271,
                "MAE": 6.616744941143399,
                "R2": -8.170455915761208,
                "SMAPE": 80.44864304570078,
                "WAPE": 121.48223113112817
            },
            "Precipitation_accumulated": {
                "MSE": 9917.267267063826,
                "RMSE": 99.58547718951708,
                "MAE": 97.5414088896421,
                "R2": -9358.795817577997,
                "SMAPE": 19.09674441428722,
                "WAPE": 21.195121742005256
            },
            "Humidity": {
                "MSE": 226.7094104931097,
                "RMSE": 15.05687253360105,
                "MAE": 13.279524798251002,
                "R2": -1.4501469380097012,
                "SMAPE": 15.191226499903044,
                "WAPE": 15.763939693460308
            },
            "Soil_Moisture": {
                "MSE": 1897360.378427989,
                "RMSE": 1377.4470510433384,
                "MAE": 918.2226881477511,
                "R2": -0.3110807421135182,
                "SMAPE": 13.309549943828983,
                "WAPE": 13.84992716352139
            },
            "Soil_Temperature": {
                "MSE": 76.12555393270824,
                "RMSE": 8.72499592737488,
                "MAE": 8.351951339878001,
                "R2": -12.645471972007591,
                "SMAPE": 94.66318750716535,
                "WAPE": 162.36544283584087
            }
        },
        {
            "Temperature": {
                "MSE": 22.465246408195924,
                "RMSE": 4.7397517243201595,
                "MAE": 3.7637053634970825,
                "R2": 0.14546864738452647,
                "SMAPE": 38.619648217242336,
                "WAPE": 35.52469733938996
            },
            "Precipitation_accumulated": {
                "MSE": 1439.1854479304395,
                "RMSE": 37.93659773794218,
                "MAE": 36.79862461869755,
                "R2": -1816.5076084070288,
                "SMAPE": 7.589065044630526,
                "WAPE": 7.905512570763253
            },
            "Humidity": {
                "MSE": 249.28878011483337,
                "RMSE": 15.788881534638017,
                "MAE": 11.951072059985975,
                "R2": -0.5628347515868914,
                "SMAPE": 14.066575266416724,
                "WAPE": 13.945182800370485
            },
            "Soil_Moisture": {
                "MSE": 2084345.1588620483,
                "RMSE": 1443.7261370710335,
                "MAE": 1442.5757913855625,
                "R2": -360.52990434504795,
                "SMAPE": 18.14646522385139,