{
    "trial_number": 3,
    "fold_smape": [
        92.4070003407893,
        4.73399986718547,
        3.706928009890562,
        34.93615987194081,
        24.4209741847884
    ],
    "mean_smape": 32.04101245491891,
    "hyperparameters": {
        "input_chunk_length": 156,
        "hidden_size": 184,
        "dropout": 0.4,
        "batch_size": 144,
        "lr": 0.00029559730559276364,
        "weight_decay": 0.00038072695837872215,
        "ff_size": 324,
        "num_blocks": 2,
        "activation": "GELU",
        "norm_type": "LayerNormNoBias",
        "normalize_before": true
    },
    "metrics_per_fold": [
        {
            "Temperature": {
                "MSE": 9851.35101676843,
                "RMSE": 99.25397229717524,
                "MAE": 55.70331568820984,
                "R2": -219.4742093026313,
                "SMAPE": 92.8391193764972,
                "WAPE": 344.9082804003437
            },
            "Precipitation_accumulated": {
                "MSE": 72637.60723923794,
                "RMSE": 269.51364944885063,
                "MAE": 155.34142703252616,
                "R2": -0.6516237038399126,
                "SMAPE": 125.00773343247411,
                "WAPE": 103.636673255083
            },
            "Humidity": {
                "MSE": 740206.8650642156,
                "RMSE": 860.3527561786593,
                "MAE": 465.02720607427875,
                "R2": -2410.717817580544,
                "SMAPE": 97.43955472391181,
                "WAPE": 605.6622230004355
            },
            "Soil_Moisture": {
                "MSE": 616834112.7254978,
                "RMSE": 24836.145287171636,
                "MAE": 13195.364316000605,
                "R2": -479.8346484083338,
                "SMAPE": 51.14591372611993,
                "WAPE": 166.47581152065024
            },
            "Soil_Temperature": {
                "MSE": 17584.32949557144,
                "RMSE": 132.60591802620064,
                "MAE": 75.01068928124633,
                "R2": -327.35696842768704,
                "SMAPE": 95.6026804449435,
                "WAPE": 469.9144114135259
            }
        },
        {
            "Temperature": {
                "MSE": 0.9593344799781063,
                "RMSE": 0.9794562164681514,
                "MAE": 0.6830665873180589,
                "R2": 0.8583203202654591,
                "SMAPE": 4.57360858869177,
                "WAPE": 4.516684420489753
            },
            "Precipitation_accumulated": {
                "MSE": 556.5467692319368,
                "RMSE": 23.591243486343334,
                "MAE": 23.530993364138972,
                "R2": -481362.1616758373,
                "SMAPE": 5.007025585637061,
                "WAPE": 5.136254199469387
            },
            "Humidity": {
                "MSE": 10.404660738681217,
                "RMSE": 3.2256256352343833,
                "MAE": 2.5521058958880714,
                "R2": 0.4607774137687045,
                "SMAPE": 2.9596583521455004,
                "WAPE": 2.9515608781313323
            },
            "Soil_Moisture": {
                "MSE": 17119.025616056286,
                "RMSE": 130.8396943440953,
                "MAE": 108.74389555736757,
                "R2": -4.002429061311777,
                "SMAPE": 1.7195001581200888,
                "WAPE": 1.707024554350999
            },
            "Soil_Temperature": {
                "MSE": 3.2606022292062593,
                "RMSE": 1.8057137727796893,
                "MAE": 1.4325142598557565,
                "R2": 0.5671757047082089,
                "SMAPE": 9.410206651332922,
                "WAPE": 9.461573301296008
            }
        },
        {
            "Temperature": {
                "MSE": 0.5566213211796761,
                "RMSE": 0.7460705872634814,
                "MAE": 0.5758650516238145,
                "R2": -0.13449273207644707,
                "SMAPE": 6.226282763990702,
                "WAPE": 6.271412193339113
            },
            "Precipitation_accumulated": {
                "MSE": 76.60924024065807,
                "RMSE": 8.75267046338762,
                "MAE": 8.559507137416317,
                "R2": -1994.1630530221278,
                "SMAPE": 1.885381490080245,
                "WAPE": 1.8670565805130703
            },
            "Humidity": {
                "MSE": 12.967033758089212,
                "RMSE": 3.6009767783324027,
                "MAE": 3.080722148413131,
                "R2": -0.2810844864090405,
                "SMAPE": 3.4005834523715905,
                "WAPE": 3.382545052788348
            },
            "Soil_Moisture": {
                "MSE": 40515.85352570245,
                "RMSE": 201.28550252241826,
                "MAE": 158.1081698414744,
                "R2": -0.3209889119250324,
                "SMAPE": 2.6787695541634715,
                "WAPE": 2.675296947205668
            },
            "Soil_Temperature": {
                "MSE": 0.2759520363403883,
                "RMSE": 0.5253113708462709,
                "MAE": 0.4289588319593057,
                "R2": -0.7314405193848745,
                "SMAPE": 4.343622788846807,
                "WAPE": 4.410371497639477
            }
        },
        {
            "Temperature": {
                "MSE": 37.46905699956971,
                "RMSE": 6.121197350157051,
                "MAE": 4.877004669176186,
                "R2": -5.8940331741810175,
                "SMAPE": 63.43219070189806,
                "WAPE": 89.17114095912379
            },
            "Precipitation_accumulated": {
                "MSE": 5713.104011673431,
                "RMSE": 75.58507796961932,
                "MAE": 60.21520803902716,
                "R2": -5321.843685998005,
                "SMAPE": 14.613316068043321,
                "WAPE": 13.084822608750507
            },
            "Humidity": {
                "MSE": 129.72005535024383,
                "RMSE": 11.389471249809793,
                "MAE": 10.443206652778668,
                "R2": -0.4155389328912005,
                "SMAPE": 12.187786897272058,
                "WAPE": 12.394661144125921
            },
            "Soil_Moisture": {
                "MSE": 1034894.9005984445,
                "RMSE": 1017.2978426195764,
                "MAE": 679.2455030792629,
                "R2": 0.2816978768589794,
                "SMAPE": 9.66660735576463,
                "WAPE": 10.25920979933946
            },
            "Soil_Temperature": {
                "MSE": 56.510657265457795,
                "RMSE": 7.517357066513323,
                "MAE": 5.9843554575309925,
                "R2": -9.052949539279092,
                "SMAPE": 74.780898336726,
                "WAPE": 115.63299109603378
            }
        },
        {
            "Temperature": {
                "MSE": 26.63581162324747,
                "RMSE": 5.160989403520169,
                "MAE": 4.164323040961685,
                "R2": 0.010608230747752412,
                "SMAPE": 42.21937277271939,
                "WAPE": 39.659645689760715
            },
            "Precipitation_accumulated": {
                "MSE": 5320.072790090913,
                "RMSE": 72.93882909733959,
                "MAE": 72.25698383067727,
                "R2": -6280.672909447228,
                "SMAPE": 16.856822422225285,
                "WAPE": 15.523926084681305
            },
            "Humidity": {
                "MSE": 163.58274049447706,
                "RMSE": 12.789946852683832,
                "MAE": 11.215817169832716,
                "R2": -0.02278723609524036,
                "SMAPE": 13.317173095365888,
                "WAPE": 13.06553585614301
            },
            "Soil_Moisture": {
                "MSE": 2145427.1719831666,
                "RMSE": 1464.727678438271,
                "MAE": 1458.4147449120815,
                "R2": -369.0692938607087,
                "SMAPE": 18.35964192593418,