{
    "trial_number": 21,
    "input_chunk_length": 37,
    "num_blocks": 3,
    "hidden_size": 32,
    "ff_size": 56,
    "norm_type": "TimeBatchNorm2d",
    "normalize_before": true,
    "activation": "ReLU",
    "dropout": 0.15000000000000002,
    "batch_size": 34,
    "lr": 0.0015541339368344753,
    "overall_smape_val": 43.32846021417911,
    "metrics": {
        "MSE": {
            "Temperature": 0.47640950505221563,
            "Precipitation_accumulated": 22.30645418150615,
            "Humidity": 5.013962201780352,
            "Wind_Speed_kmh": 0.06743743811518237,
            "Soil_Moisture": 12600.537007835437,
            "Soil_Temperature": 0.7091659385109553,
            "Wind_Dir_Sin": 0.045612268283445084,
            "Wind_Dir_Cos": 0.040977156712892385
        },
        "RMSE": {
            "Temperature": 0.6902242425851295,
            "Precipitation_accumulated": 4.722970906273524,
            "Humidity": 2.239187844237359,
            "Wind_Speed_kmh": 0.2596871928208674,
            "Soil_Moisture": 112.2521136007489,
            "Soil_Temperature": 0.8421199074424944,
            "Wind_Dir_Sin": 0.21357028885930057,
            "Wind_Dir_Cos": 0.20242815197717037
        },
        "MAE": {
            "Temperature": 0.4602031385328095,
            "Precipitation_accumulated": 3.78926016657662,
            "Humidity": 1.7773875908480743,
            "Wind_Speed_kmh": 0.11059552177911301,
            "Soil_Moisture": 49.49121306148614,
            "Soil_Temperature": 0.7283931245771897,
            "Wind_Dir_Sin": 0.11377033442915058,
            "Wind_Dir_Cos": 0.09113655214135875
        },
        "R2": {
            "Temperature": 0.8600585163735316,
            "Precipitation_accumulated": -22.501664878757502,
            "Humidity": 0.9228961012459639,
            "Wind_Speed_kmh": 0.8018341463221536,
            "Soil_Moisture": 0.9829715607903305,
            "Soil_Temperature": 0.8736386916546716,
            "Wind_Dir_Sin": 0.7160219393194779,
            "Wind_Dir_Cos": 0.857268684103241
        },
        "SMAPE": {
            "Temperature": 8.560318322199823,
            "Precipitation_accumulated": 0.8199214367884335,
            "Humidity": 2.15865624254816,
            "Wind_Speed_kmh": 149.54428415916266,
            "Soil_Moisture": 0.7962869263018728,
            "Soil_Temperature": 18.267673273948756,
            "Wind_Dir_Sin": 140.68495891687297,
            "Wind_Dir_Cos": 25.795582435610243
        }
    }
}