{
    "trial_number": 11,
    "input_chunk_length": 40,
    "num_blocks": 2,
    "hidden_size": 32,
    "ff_size": 61,
    "norm_type": "TimeBatchNorm2d",
    "normalize_before": true,
    "activation": "ReLU",
    "dropout": 0.1,
    "batch_size": 38,
    "lr": 0.0009671983012441362,
    "overall_smape_val": 42.38228746402899,
    "metrics": {
        "MSE": {
            "Temperature": 0.3794952650086149,
            "Precipitation_accumulated": 14.03320976886575,
            "Humidity": 2.2182546421853835,
            "Wind_Speed_kmh": 0.06623866280075393,
            "Soil_Moisture": 11896.276298576571,
            "Soil_Temperature": 0.26387474433767577,
            "Wind_Dir_Sin": 0.045327190965114006,
            "Wind_Dir_Cos": 0.04356451913336358
        },
        "RMSE": {
            "Temperature": 0.6160318701241153,
            "Precipitation_accumulated": 3.7460926001456167,
            "Humidity": 1.4893806236773002,
            "Wind_Speed_kmh": 0.2573687292597023,
            "Soil_Moisture": 109.07005225347869,
            "Soil_Temperature": 0.513687399434399,
            "Wind_Dir_Sin": 0.21290183410462674,
            "Wind_Dir_Cos": 0.20872115161948387
        },
        "MAE": {
            "Temperature": 0.37590038110926477,
            "Precipitation_accumulated": 2.7973969431122487,
            "Humidity": 0.9727467334746669,
            "Wind_Speed_kmh": 0.09926714062154587,
            "Soil_Moisture": 38.64106738770896,
            "Soil_Temperature": 0.3485727284216783,
            "Wind_Dir_Sin": 0.10849990186916114,
            "Wind_Dir_Cos": 0.1234547661699019
        },
        "R2": {
            "Temperature": 0.8885262996406743,
            "Precipitation_accumulated": -13.78512857658134,
            "Humidity": 0.965888039347205,
            "Wind_Speed_kmh": 0.805356764324722,
            "Soil_Moisture": 0.9839233028206833,
            "Soil_Temperature": 0.9529820086906463,
            "Wind_Dir_Sin": 0.7177968061930258,
            "Wind_Dir_Cos": 0.8482564032960788
        },
        "SMAPE": {
            "Temperature": 6.821066088123553,
            "Precipitation_accumulated": 0.6096427069968766,
            "Humidity": 1.1560801311696358,
            "Wind_Speed_kmh": 147.24162634129118,
            "Soil_Moisture": 0.6101020207002177,
            "Soil_Temperature": 12.403782272928584,
            "Wind_Dir_Sin": 142.73798505932825,
            "Wind_Dir_Cos": 27.478015091693813
        }
    }
}