{
    "trial_number": 0,
    "fold_smape": [
        36.03377412547277,
        3.8335692068780296,
        3.775418551414689,
        29.37910270628483,
        14.959929606739951
    ],
    "mean_smape": 17.596358839358054,
    "hyperparameters": {
        "input_chunk_length": 96,
        "hidden_size": 40,
        "dropout": 0.45000000000000007,
        "batch_size": 72,
        "lr": 0.004631076157876628,
        "weight_decay": 5.055631463203692e-06,
        "ff_size": 147,
        "num_blocks": 3,
        "activation": "GELU",
        "norm_type": "LayerNormNoBias",
        "normalize_before": false
    },
    "metrics_per_fold": [
        {
            "Temperature": {
                "MSE": 36.72711045969616,
                "RMSE": 6.060289634967636,
                "MAE": 4.951009422334038,
                "R2": 0.2059731058087093,
                "SMAPE": 31.853048041359965,
                "WAPE": 30.137386922416248
            },
            "Precipitation_accumulated": {
                "MSE": 62028.91035907827,
                "RMSE": 249.05603859187647,
                "MAE": 139.31887694136552,
                "R2": -0.44684006983221036,
                "SMAPE": 82.82232891533499,
                "WAPE": 97.4868476918467
            },
            "Humidity": {
                "MSE": 314.50955740283416,
                "RMSE": 17.73441731218802,
                "MAE": 13.980601069881802,
                "R2": -0.01767850758795575,
                "SMAPE": 19.466346903205203,
                "WAPE": 18.35370913383943
            },
            "Soil_Moisture": {
                "MSE": 959871.6611424612,
                "RMSE": 979.7304022752694,
                "MAE": 845.2496584939927,
                "R2": 0.23131740557695246,
                "SMAPE": 10.786585714253514,
                "WAPE": 10.620788571373597
            },
            "Soil_Temperature": {
                "MSE": 46.12428413949553,
                "RMSE": 6.791486151019932,
                "MAE": 5.627904836620373,
                "R2": 0.18139202266479593,
                "SMAPE": 35.240561053210214,
                "WAPE": 34.575467758937215
            }
        },
        {
            "Temperature": {
                "MSE": 2.451237056175427,
                "RMSE": 1.5656426974809505,
                "MAE": 1.2422626262455618,
                "R2": 0.6649685662239061,
                "SMAPE": 8.635113218936134,
                "WAPE": 8.104168124148815
            },
            "Precipitation_accumulated": {
                "MSE": 17.060898846069776,
                "RMSE": 4.130484093428974,
                "MAE": 3.6132357658888976,
                "R2": -10728.181364051077,
                "SMAPE": 0.7849999977733374,
                "WAPE": 0.7886916177192841
            },
            "Humidity": {
                "MSE": 8.154818398961272,
                "RMSE": 2.8556642657989877,
                "MAE": 2.2516997749154792,
                "R2": 0.6023292958232664,
                "SMAPE": 2.606888980744359,
                "WAPE": 2.613671996241614
            },
            "Soil_Moisture": {
                "MSE": 6218.646578127333,
                "RMSE": 78.85839573645492,
                "MAE": 68.60010625593596,
                "R2": -0.3379546213988145,
                "SMAPE": 1.0779231547184196,
                "WAPE": 1.075460110339974
            },
            "Soil_Temperature": {
                "MSE": 1.4495884271447936,
                "RMSE": 1.2039885494242848,
                "MAE": 0.8876783320606693,
                "R2": 0.819170035565788,
                "SMAPE": 6.062920682217901,
                "WAPE": 5.785536987637958
            }
        },
        {
            "Temperature": {
                "MSE": 0.42374897091735964,
                "RMSE": 0.6509600378804828,
                "MAE": 0.5247495236046122,
                "R2": 0.1635526683272317,
                "SMAPE": 5.647644942321019,
                "WAPE": 5.688360404880104
            },
            "Precipitation_accumulated": {
                "MSE": 117.8947133392691,
                "RMSE": 10.857933198324123,
                "MAE": 9.985203739925339,
                "R2": -2982.6135006441514,
                "SMAPE": 2.15070216326951,
                "WAPE": 2.1780964600547095
            },
            "Humidity": {
                "MSE": 9.748416160956763,
                "RMSE": 3.12224537167673,
                "MAE": 2.584501214101848,
                "R2": 0.00819292259516724,
                "SMAPE": 2.839991540480696,
                "WAPE": 2.84000369978797
            },
            "Soil_Moisture": {
                "MSE": 25015.499791222715,
                "RMSE": 158.1628900571266,
                "MAE": 136.54170614415315,
                "R2": 0.2049214898447096,
                "SMAPE": 2.301444203001553,
                "WAPE": 2.3062514656956035
            },
            "Soil_Temperature": {
                "MSE": 0.40375869805976916,
                "RMSE": 0.6354200957317679,
                "MAE": 0.5627412608422712,
                "R2": -1.4570087216871377,
                "SMAPE": 5.937309908000668,
                "WAPE": 5.772484108416694
            }
        },
        {
            "Temperature": {
                "MSE": 10.693401106341621,
                "RMSE": 3.270076620867105,
                "MAE": 2.9114607510487094,
                "R2": -1.014919841892684,
                "SMAPE": 49.788760539436524,
                "WAPE": 52.47674077794387
            },
            "Precipitation_accumulated": {
                "MSE": 1895.5120572710455,
                "RMSE": 43.53747876566862,
                "MAE": 42.61941933387755,
                "R2": -1674.0698861691628,
                "SMAPE": 9.051901572773733,
                "WAPE": 9.262724954634445
            },
            "Humidity": {
                "MSE": 170.5126870356743,
                "RMSE": 13.058050659867815,
                "MAE": 11.417050813682083,
                "R2": -0.9476717240540493,
                "SMAPE": 13.20072467406272,
                "WAPE": 13.536585833692648
            },
            "Soil_Moisture": {
                "MSE": 773339.3012485309,
                "RMSE": 879.3971237436082,
                "MAE": 652.5138902294008,
                "R2": 0.4508283253197761,
                "SMAPE": 9.413227144584498,
                "WAPE": 9.918690022601767
            },
            "Soil_Temperature": {
                "MSE": 20.609358410605054,
                "RMSE": 4.539753122208856,
                "MAE": 4.164259577387076,
                "R2": -2.5605756387387433,
                "SMAPE": 65.44089960056662,
                "WAPE": 78.24462548383092
            }
        },
        {
            "Temperature": {
                "MSE": 14.78953611153023,
                "RMSE": 3.8457165927210797,
                "MAE": 3.120941404658234,
                "R2": 0.45127694441664046,
                "SMAPE": 33.07102340709481,
                "WAPE": 30.31116590869665
            },
            "Precipitation_accumulated": {
                "MSE": 105.08637907838735,
                "RMSE": 10.251164766912458,
                "MAE": 8.550052554145637,
                "R2": -84.6718914773791,
                "SMAPE": 1.8517731777880608,
                "WAPE": 1.83749179128261
            },
            "Humidity": {
                "MSE": 120.6083702803574,
                "RMSE": 10.982184221745573,
                "MAE": 8.653894498471372,
                "R2": 0.23416628696219677,
                "SMAPE": 10.395276772519086,
                "WAPE": 10.073884319328537
            },
            "Soil_Moisture": {
                "MSE": 19107.50255688699,
                "RMSE": 138.22989024406766,
                "MAE": 107.3179863212837,
                "R2": -2.205070082892295,