{
    "trial_number": 17,
    "input_chunk_length": 3,
    "num_blocks": 3,
    "hidden_size": 32,
    "ff_size": 87,
    "norm_type": "TimeBatchNorm2d",
    "normalize_before": true,
    "activation": "ReLU",
    "dropout": 0.05,
    "batch_size": 22,
    "lr": 0.009857996862558747,
    "overall_smape_val": 47.99428413581636,
    "metrics": {
        "MSE": {
            "Temperature": 1.1448662695394367,
            "Precipitation_accumulated": 262.03652001338406,
            "Humidity": 8.541980789437934,
            "Wind_Speed_kmh": 0.08700719054881621,
            "Soil_Moisture": 61215.250303949135,
            "Soil_Temperature": 0.9222010849461639,
            "Wind_Dir_Sin": 0.059679043378818866,
            "Wind_Dir_Cos": 0.056063439434762614
        },
        "RMSE": {
            "Temperature": 1.0699842379864466,
            "Precipitation_accumulated": 16.187542123910724,
            "Humidity": 2.922666725686994,
            "Wind_Speed_kmh": 0.29496981294501345,
            "Soil_Moisture": 247.41715846713043,
            "Soil_Temperature": 0.9603130140460265,
            "Wind_Dir_Sin": 0.24429294582287647,
            "Wind_Dir_Cos": 0.23677719365420863
        },
        "MAE": {
            "Temperature": 0.8481022470047825,
            "Precipitation_accumulated": 12.33320756592644,
            "Humidity": 2.328130267225558,
            "Wind_Speed_kmh": 0.19881527204335864,
            "Soil_Moisture": 200.93068323846325,
            "Soil_Temperature": 0.7051422974734721,
            "Wind_Dir_Sin": 0.1557363816562737,
            "Wind_Dir_Cos": 0.16293076871280665
        },
        "R2": {
            "Temperature": 0.6637046855400395,
            "Precipitation_accumulated": -275.0767995325814,
            "Humidity": 0.8686428027491148,
            "Wind_Speed_kmh": 0.744328155500683,
            "Soil_Moisture": 0.9172733536787122,
            "Soil_Temperature": 0.8356794519827626,
            "Wind_Dir_Sin": 0.6284434070090563,
            "Wind_Dir_Cos": 0.804720260600602
        },
        "SMAPE": {
            "Temperature": 13.652127831980268,
            "Precipitation_accumulated": 2.738104568676173,
            "Humidity": 2.78390959052987,
            "Wind_Speed_kmh": 157.30459863091116,
            "Soil_Moisture": 3.4579972689167833,
            "Soil_Temperature": 18.540476649818462,
            "Wind_Dir_Sin": 147.47827116223093,
            "Wind_Dir_Cos": 37.99878738346725
        }
    }
}