{
    "trial_number": 4,
    "fold_smape": [
        112.02762833420365,
        34.80447454416064,
        18.17810663561503,
        39.37161992872204,
        93.41871819229394
    ],
    "mean_smape": 59.56010952699906,
    "hyperparameters": {
        "input_chunk_length": 132,
        "hidden_size": 88,
        "dropout": 0.5,
        "batch_size": 240,
        "lr": 1.4680426967592999e-05,
        "weight_decay": 4.383151287720948e-05,
        "ff_size": 352,
        "num_blocks": 1,
        "activation": "ReLU",
        "norm_type": "LayerNorm",
        "normalize_before": true
    },
    "metrics_per_fold": [
        {
            "Temperature": {
                "MSE": 104895.55260288015,
                "RMSE": 323.87582898833335,
                "MAE": 173.57739129495806,
                "R2": -2302.9341045330634,
                "SMAPE": 88.63849468225548,
                "WAPE": 1065.4514335866386
            },
            "Precipitation_accumulated": {
                "MSE": 63988.22575644099,
                "RMSE": 252.958940850963,
                "MAE": 144.66135356776078,
                "R2": -0.46980004824203236,
                "SMAPE": 125.51454270698082,
                "WAPE": 98.39795099030478
            },
            "Humidity": {
                "MSE": 629571.4442672993,
                "RMSE": 793.4553826569578,
                "MAE": 444.4625550856905,
                "R2": -2024.3777199519295,
                "SMAPE": 120.37688946187006,
                "WAPE": 581.8055236821822
            },
            "Soil_Moisture": {
                "MSE": 339469684.0770051,
                "RMSE": 18424.70309332026,
                "MAE": 10188.558097751962,
                "R2": -267.29954003258905,
                "SMAPE": 66.0105503805265,
                "WAPE": 128.40635339472436
            },
            "Soil_Temperature": {
                "MSE": 19527.659493371746,
                "RMSE": 139.74140221627857,
                "MAE": 83.18250412336289,
                "R2": -352.3859307799816,
                "SMAPE": 159.59766443938514,
                "WAPE": 515.694562625596
            }
        },
        {
            "Temperature": {
                "MSE": 5.83017196051522,
                "RMSE": 2.414574902651649,
                "MAE": 2.056318686992129,
                "R2": 0.15971692158688977,
                "SMAPE": 13.669580498155142,
                "WAPE": 13.528741928017533
            },
            "Precipitation_accumulated": {
                "MSE": 104351.06527488718,
                "RMSE": 323.03415496644806,
                "MAE": 322.9331756410303,
                "R2": -77830443.27216758,
                "SMAPE": 108.91195806219905,
                "WAPE": 70.48891679250806
            },
            "Humidity": {
                "MSE": 130.23251160138824,
                "RMSE": 11.411946004139182,
                "MAE": 10.056088413478978,
                "R2": -5.502976848038088,
                "SMAPE": 12.242214169137595,
                "WAPE": 11.649886583837446
            },
            "Soil_Moisture": {
                "MSE": 1591381.5421028794,
                "RMSE": 1261.4997194224338,
                "MAE": 1259.7214510188296,
                "R2": -408.6330968463921,
                "SMAPE": 17.983887884724915,
                "WAPE": 19.764609006482956
            },
            "Soil_Temperature": {
                "MSE": 15.731448719423204,
                "RMSE": 3.966289036293649,
                "MAE": 3.3610454928333464,
                "R2": -1.0482212878515003,
                "SMAPE": 21.2147321065865,
                "WAPE": 22.088489125648163
            }
        },
        {
            "Temperature": {
                "MSE": 21.068563855521184,
                "RMSE": 4.590050528645756,
                "MAE": 4.53598541739582,
                "R2": -41.776781554683375,
                "SMAPE": 39.777897404477166,
                "WAPE": 49.31818711572669
            },
            "Precipitation_accumulated": {
                "MSE": 1201.2240312556662,
                "RMSE": 34.65867901775349,
                "MAE": 34.523942919646196,
                "R2": -30884.64581983415,
                "SMAPE": 7.827794461953728,
                "WAPE": 7.530673661122891
            },
            "Humidity": {
                "MSE": 479.45748562499466,
                "RMSE": 21.896517659778567,
                "MAE": 21.62196427528165,
                "R2": -46.665571356288126,
                "SMAPE": 26.89000430185916,
                "WAPE": 23.7534498501039
            },
            "Soil_Moisture": {
                "MSE": 44498.52184972075,
                "RMSE": 210.94672751602656,
                "MAE": 166.84810153719016,
                "R2": -0.4351215586256838,
                "SMAPE": 2.8208593454644735,
                "WAPE": 2.8211227569869886
            },
            "Soil_Temperature": {
                "MSE": 2.146023718963527,
                "RMSE": 1.4649313017897894,
                "MAE": 1.41214142144526,
                "R2": -12.519066890796154,
                "SMAPE": 13.573977664320667,
                "WAPE": 14.508785405369851
            }
        },
        {
            "Temperature": {
                "MSE": 72.76996193515292,
                "RMSE": 8.530531163717352,
                "MAE": 7.855623628033011,
                "R2": -12.497299605370296,
                "SMAPE": 85.83328861752281,
                "WAPE": 142.72422848310248
            },
            "Precipitation_accumulated": {
                "MSE": 1705.2982891976749,
                "RMSE": 41.29525746617491,
                "MAE": 25.517340209906287,
                "R2": -1551.2025593385993,
                "SMAPE": 5.966890954076982,
                "WAPE": 5.545308381517339
            },
            "Humidity": {
                "MSE": 136.04248335995695,
                "RMSE": 11.663725106498221,
                "MAE": 8.23293944291496,
                "R2": -0.5109781490142038,
                "SMAPE": 9.691755215570673,
                "WAPE": 9.764338287783119
            },
            "Soil_Moisture": {
                "MSE": 1017547.8064719382,
                "RMSE": 1008.7357466016251,
                "MAE": 792.2458712701563,
                "R2": 0.28731456490378293,
                "SMAPE": 11.534953508799921,
                "WAPE": 11.997424527694932
            },
            "Soil_Temperature": {
                "MSE": 56.754702565060256,
                "RMSE": 7.533571700399503,
                "MAE": 6.812507835558691,
                "R2": -8.962042389737432,
                "SMAPE": 83.83121134763965,
                "WAPE": 130.10772096596685
            }
        },
        {
            "Temperature": {
                "MSE": 124.95543754482853,
                "RMSE": 11.178346816270667,
                "MAE": 10.008990060390571,
                "R2": -3.636504537936082,
                "SMAPE": 71.97226373636661,
                "WAPE": 96.11870401690886
            },
            "Precipitation_accumulated": {
                "MSE": 43212.178091830945,
                "RMSE": 207.8753907797432,
                "MAE": 206.6955647391943,
                "R2": -43086.475447091994,
                "SMAPE": 57.322678718873526,
                "WAPE": 44.412742333878676
            },
            "Humidity": {
                "MSE": 3822.2819333475272,
                "RMSE": 61.82460621263614,
                "MAE": 60.38525148593063,
                "R2": -23.066350797576526,
                "SMAPE": 107.59612743290756,
                "WAPE": 70.35452408982977
            },
            "Soil_Moisture": {
                "MSE": 5226062.581529135,
                "RMSE": 2286.058306677486,
                "MAE": 2280.7577208219927,
                "R2": -887.6132448062691,
                "SMAPE": 30.31113771965405,