{
    "trial_number": 2,
    "fold_smape": [
        63.79461142738908,
        5.883160390182965,
        5.610921650830577,
        32.137209589736834,
        32.30770720510645
    ],
    "mean_smape": 27.946722052649182,
    "hyperparameters": {
        "input_chunk_length": 72,
        "hidden_size": 168,
        "dropout": 0.5,
        "batch_size": 104,
        "lr": 0.0003451393929026156,
        "weight_decay": 0.0001168827192487528,
        "ff_size": 380,
        "num_blocks": 3,
        "activation": "ReLU",
        "norm_type": "LayerNorm",
        "normalize_before": true
    },
    "metrics_per_fold": [
        {
            "Temperature": {
                "MSE": 27572.099748216777,
                "RMSE": 166.04848613647997,
                "MAE": 91.09414131423763,
                "R2": -588.3350291711345,
                "SMAPE": 74.91032640401417,
                "WAPE": 551.8591051368786
            },
            "Precipitation_accumulated": {
                "MSE": 38288.42896813659,
                "RMSE": 195.67429306921386,
                "MAE": 108.57743864590796,
                "R2": 0.0976694127005433,
                "SMAPE": 60.241751547989274,
                "WAPE": 77.389263249056
            },
            "Humidity": {
                "MSE": 62124.00168737259,
                "RMSE": 249.24686896202445,
                "MAE": 139.48301223926555,
                "R2": -200.42962923057175,
                "SMAPE": 68.76918018732637,
                "WAPE": 183.40525409873212
            },
            "Soil_Moisture": {
                "MSE": 193844097.6507892,
                "RMSE": 13922.790584174898,
                "MAE": 7720.556193549532,
                "R2": -155.33761388587578,
                "SMAPE": 41.560852921343454,
                "WAPE": 96.81020411198948
            },
            "Soil_Temperature": {
                "MSE": 176022.86930721576,
                "RMSE": 419.55079466879306,
                "MAE": 223.75679995231468,
                "R2": -3070.5707076532717,
                "SMAPE": 73.49094607627211,
                "WAPE": 1367.4022348392293
            }
        },
        {
            "Temperature": {
                "MSE": 1.7885302068811326,
                "RMSE": 1.3373594157447475,
                "MAE": 1.0357830666185712,
                "R2": 0.7648544588413504,
                "SMAPE": 6.622255428672516,
                "WAPE": 6.718252817537579
            },
            "Precipitation_accumulated": {
                "MSE": 295.87195497880475,
                "RMSE": 17.200928898719532,
                "MAE": 17.13604557667408,
                "R2": -170049.67558443447,
                "SMAPE": 3.8122976428592374,
                "WAPE": 3.7404450758334247
            },
            "Humidity": {
                "MSE": 40.0410143848946,
                "RMSE": 6.327796961415134,
                "MAE": 5.721150902616752,
                "R2": -0.9124697001339992,
                "SMAPE": 6.879663739208848,
                "WAPE": 6.650293863570422
            },
            "Soil_Moisture": {
                "MSE": 12244.238877825414,
                "RMSE": 110.65368894811151,
                "MAE": 87.4980501299964,
                "R2": -1.3752170191402469,
                "SMAPE": 1.3706745085498364,
                "WAPE": 1.3710071187298507
            },
            "Soil_Temperature": {
                "MSE": 3.656058394534276,
                "RMSE": 1.9120822143763265,
                "MAE": 1.6270468242573106,
                "R2": 0.5582558852178727,
                "SMAPE": 10.730910631624427,
                "WAPE": 10.544529173707968
            }
        },
        {
            "Temperature": {
                "MSE": 0.6564308380053838,
                "RMSE": 0.8102041952528904,
                "MAE": 0.6525899297606629,
                "R2": -0.2528325941099028,
                "SMAPE": 7.03030132732203,
                "WAPE": 7.059630750112833
            },
            "Precipitation_accumulated": {
                "MSE": 323.4806735912125,
                "RMSE": 17.985568481179918,
                "MAE": 17.761487964898375,
                "R2": -8115.1444842347455,
                "SMAPE": 3.9527058291647545,
                "WAPE": 3.8743942259607755
            },
            "Humidity": {
                "MSE": 23.95863545173875,
                "RMSE": 4.894755913397393,
                "MAE": 4.205644769482962,
                "R2": -1.4718461606348354,
                "SMAPE": 4.675970464438148,
                "WAPE": 4.620466670693558
            },
            "Soil_Moisture": {
                "MSE": 56111.420073176654,
                "RMSE": 236.87849221315273,
                "MAE": 192.6727137236738,
                "R2": -0.7685320029816018,
                "SMAPE": 3.2421497041486647,
                "WAPE": 3.2521251491675494
            },
            "Soil_Temperature": {
                "MSE": 1.0320271217948807,
                "RMSE": 1.0158873568437008,
                "MAE": 0.9290028646228803,
                "R2": -4.885298289443781,
                "SMAPE": 9.153480929079294,
                "WAPE": 9.518430360952975
            }
        },
        {
            "Temperature": {
                "MSE": 10.086563187220376,
                "RMSE": 3.175935009917611,
                "MAE": 2.5773062685249464,
                "R2": -0.8943881362669472,
                "SMAPE": 45.19848831489862,
                "WAPE": 46.134496296061705
            },
            "Precipitation_accumulated": {
                "MSE": 5186.931759990691,
                "RMSE": 72.0203565666728,
                "MAE": 69.60113628163865,
                "R2": -4507.012740734232,
                "SMAPE": 15.240141647854639,
                "WAPE": 15.127724105116991
            },
            "Humidity": {
                "MSE": 164.09831044308018,
                "RMSE": 12.810086277737561,
                "MAE": 9.732556248131873,
                "R2": -0.9044125760945683,
                "SMAPE": 11.606744437909493,
                "WAPE": 11.547071610913106
            },
            "Soil_Moisture": {
                "MSE": 1882912.183859329,
                "RMSE": 1372.192473328479,
                "MAE": 1036.6641841063285,
                "R2": -0.3495997549929517,
                "SMAPE": 15.74581889571052,
                "WAPE": 15.79604043444225
            },
            "Soil_Temperature": {
                "MSE": 31.544844562990992,
                "RMSE": 5.616479730488751,
                "MAE": 5.219095857139703,
                "R2": -4.391389564130507,
                "SMAPE": 72.89485465231083,
                "WAPE": 97.02899856712335
            }
        },
        {
            "Temperature": {
                "MSE": 30.81306006414291,
                "RMSE": 5.550951275605192,
                "MAE": 4.217760693650526,
                "R2": -0.12936488733850293,
                "SMAPE": 44.97651729595135,
                "WAPE": 41.376063013728476
            },
            "Precipitation_accumulated": {
                "MSE": 14733.194684637629,
                "RMSE": 121.38037190846644,
                "MAE": 121.08111006434073,
                "R2": -10726.156870635617,
                "SMAPE": 29.941828194659738,
                "WAPE": 26.02471459927902
            },
            "Humidity": {
                "MSE": 381.26382980078387,
                "RMSE": 19.525978331463545,
                "MAE": 16.603740043032847,
                "R2": -1.420418447846036,
                "SMAPE": 20.287217689835156,
                "WAPE": 19.292554747961212
            },
            "Soil_Moisture": {
                "MSE": 6924529.376351264,
                "RMSE": 2631.4500520342895,
                "MAE": 2630.284118244301,
                "R2": -1130.5336466594792,
                "SMAPE": 35.77756395020637,