{
    "average": {
        "MSE": {
            "Temperature": 52.85694270822343,
            "Humidity": 726.6452392178974,
            "Wind_Speed_kmh": 1.1341671568569245,
            "Soil_Moisture": 1064788.6467215181,
            "Soil_Temperature": 51.388046401050666,
            "Wind_Dir_Sin": 0.4349155005197033,
            "Wind_Dir_Cos": 0.48401978030859805,
            "Precipitation_accumulated": 35052.11186544201
        },
        "RMSE": {
            "Temperature": 6.958057744796539,
            "Humidity": 17.84344999935575,
            "Wind_Speed_kmh": 0.9837247137223027,
            "Soil_Moisture": 975.1430339280736,
            "Soil_Temperature": 6.756883831255649,
            "Wind_Dir_Sin": 0.5354197118454964,
            "Wind_Dir_Cos": 0.6513935293222913,
            "Precipitation_accumulated": 161.71366375021972
        },
        "MAE": {
            "Temperature": 6.123405345382712,
            "Humidity": 13.933849668033801,
            "Wind_Speed_kmh": 0.8039263300935412,
            "Soil_Moisture": 897.4522139215826,
            "Soil_Temperature": 5.973359655115724,
            "Wind_Dir_Sin": 0.4360748616161856,
            "Wind_Dir_Cos": 0.5555482180110698,
            "Precipitation_accumulated": 134.50805793729123
        },
        "R2": {
            "Temperature": -22.395169586008027,
            "Humidity": -2.198750585654542,
            "Wind_Speed_kmh": -Infinity,
            "Soil_Moisture": -96.0378176391035,
            "Soil_Temperature": -46.68215359940548,
            "Wind_Dir_Sin": -Infinity,
            "Wind_Dir_Cos": -Infinity,
            "Precipitation_accumulated": -1716035.4925647161
        },
        "SMAPE": {
            "Temperature": 53.42632836411142,
            "Humidity": 21.901035330953054,
            "Wind_Speed_kmh": 150.86622841307798,
            "Soil_Moisture": 12.610077662428996,
            "Soil_Temperature": 52.03562556160737,
            "Wind_Dir_Sin": 176.72258679069367,
            "Wind_Dir_Cos": 103.33674282139376,
            "Precipitation_accumulated": 48.026258878709
        },
        "WMAPE": {
            "Temperature": 69.42477336231921,
            "Humidity": 17.483089009335934,
            "Wind_Speed_kmh": Infinity,
            "Soil_Moisture": 13.234617035778395,
            "Soil_Temperature": 70.07864630017248,
            "Wind_Dir_Sin": Infinity,
            "Wind_Dir_Cos": 71.03895697467257,
            "Precipitation_accumulated": 42.995065364342565
        }
    },
    "best_fold": {
        "MSE": {
            "Temperature": 28.172966004951327,
            "Humidity": 182.99138908691182,
            "Wind_Speed_kmh": 1.335733035934047,
            "Soil_Moisture": 256375.29384968677,
            "Soil_Temperature": 21.152187326109562,
            "Wind_Dir_Sin": 0.5861595782525414,
            "Wind_Dir_Cos": 0.3557159895236834,
            "Precipitation_accumulated": 68506.16533520422
        },
        "RMSE": {
            "Temperature": 5.307821210718323,
            "Humidity": 13.527430986218773,
            "Wind_Speed_kmh": 1.1557391729685582,
            "Soil_Moisture": 506.33515960249764,
            "Soil_Temperature": 4.599150717916251,
            "Wind_Dir_Sin": 0.7656105917844537,
            "Wind_Dir_Cos": 0.5964193067999085,
            "Precipitation_accumulated": 261.73682456850474
        },
        "MAE": {
            "Temperature": 4.445536950712046,
            "Humidity": 11.732048423572346,
            "Wind_Speed_kmh": 0.9334629740074789,
            "Soil_Moisture": 497.40102306355135,
            "Soil_Temperature": 3.9409938593688647,
            "Wind_Dir_Sin": 0.7097873953055392,
            "Wind_Dir_Cos": 0.5078348520950472,
            "Precipitation_accumulated": 259.5834081854425
        },
        "R2": {
            "Temperature": -0.005684199207100837,
            "Humidity": -0.1715261292664625,
            "Wind_Speed_kmh": -0.04704758914780349,
            "Soil_Moisture": -40.193822174621005,
            "Soil_Temperature": -0.5970572268528582,
            "Wind_Dir_Sin": -0.06495764484191802,
            "Wind_Dir_Cos": -0.008517900007293466,
            "Precipitation_accumulated": -43563.37947891801
        },
        "SMAPE": {
            "Temperature": 46.874639509437216,
            "Humidity": 13.925794949785248,
            "Wind_Speed_kmh": 75.37018193905354,
            "Soil_Moisture": 5.919518330676657,
            "Soil_Temperature": 43.475544205529076,
            "Wind_Dir_Sin": 186.99090276682196,
            "Wind_Dir_Cos": 126.88184221950443,
            "Precipitation_accumulated": 78.04013078156729
        },
        "WMAPE": {
            "Temperature": 44.36349355806948,
            "Humidity": 13.645983373628761,
            "Wind_Speed_kmh": 62.601372144041655,
            "Soil_Moisture": 5.741305913141196,
            "Soil_Temperature": 45.29678830004878,
            "Wind_Dir_Sin": 99.7028134996951,
            "Wind_Dir_Cos": 90.3590517247068,
            "Precipitation_accumulated": 55.80361905663829
        }
    },
    "all_folds": {
        "fold_1": {
            "MSE": {
                "Temperature": 69.94926163024651,
                "Humidity": 3314.4599121516067,
                "Wind_Speed_kmh": 2.3341332662192555,
                "Soil_Moisture": 1190891.5918527048,
                "Soil_Temperature": 67.065673033874,
                "Wind_Dir_Sin": 1.2746706753425885,
                "Wind_Dir_Cos": 0.7135792732994533,
                "Precipitation_accumulated": 60201.91493318462
            },
            "RMSE": {
                "Temperature": 8.363567518125654,
                "Humidity": 57.571346277046594,
                "Wind_Speed_kmh": 1.5277870487143344,
                "Soil_Moisture": 1091.2797954020339,
                "Soil_Temperature": 8.189363408340968,
                "Wind_Dir_Sin": 1.129013142236435,
                "Wind_Dir_Cos": 0.8447362152171843,
                "Precipitation_accumulated": 245.36078523917513
            },
            "MAE": {
                "Temperature": 6.355926379763533,
                "Humidity": 42.32579395384603,
                "Wind_Speed_kmh": 1.2498833245198944,
                "Soil_Moisture": 887.7636632173613,
                "Soil_Temperature": 6.376319216749035,
                "Wind_Dir_Sin": 0.8510813286583305,
                "Wind_Dir_Cos": 0.710252825310305,
                "Precipitation_accumulated": 134.3866464597079
            },
            "R2": {
                "Temperature": -0.5106520859649011,
                "Humidity": -9.953927719579047,
                "Wind_Speed_kmh": -3.8593323355850124,
                "Soil_Moisture": 0.032028905794210694,
                "Soil_Temperature": -0.17491700556102296,
                "Wind_Dir_Sin": -2.5466038690161064,
                "Wind_Dir_Cos": -0.2626119626163661,
                "Precipitation_accumulated": -0.44092095232005035
            },
            "SMAPE": {
                "Temperature": 50.6089943699533,
                "Humidity": 77.54692255379226,
                "Wind_Speed_kmh": 127.8945357598738,
                "Soil_Moisture": 11.428077206476559,
                "Soil_Temperature": 49.42147397153472,
                "Wind_Dir_Sin": 135.9898253058162,
                "Wind_Dir_Cos": 131.2112073066387,
                "Precipitation_accumulated": 87.15754134532091
            },
            "WMAPE": {
                "Temperature": 38.40579491013873,
                "Humidity": 55.635934832153666,
                "Wind_Speed_kmh": 135.46696571831956,
                "Soil_Moisture": 11.09594911121382,
                "Soil_Temperature": 38.83035426567392,
                "Wind_Dir_Sin": 170.52511638314076,
                "Wind_Dir_Cos": 95.30377626836602,
                "Precipitation_accumulated": 98.40661734884132
            }
        },