{
    "features_X": [
        "Temperature",
        "Precipitation",
        "Humidity",
        "Wind_Speed_kmh",
        "Soil_Moisture",
        "Soil_Temperature",
        "Wind_Dir_Sin",
        "Wind_Dir_Cos"
    ],
    "features_y": [
        "Temperature",
        "Precipitation",
        "Humidity",
        "Wind_Speed_kmh",
        "Soil_Moisture",
        "Soil_Temperature",
        "Wind_Dir_Sin",
        "Wind_Dir_Cos"
    ],
    "train_size": 31458,
    "window_size": 12,
    "input_size": 8,
    "output_size": 8,
    "hidden_size": 64,
    "num_layers": 1,
    "learning_rate": 0.0005,
    "batch_size": 32,
    "epochs": 100,
    "final_train_loss": 0.010239449815332119,
    "train_losses": [
        0.025169398106086562,
        0.01197401173523892,
        0.011358229628769648,
        0.011120481846880012,
        0.010955014337913299,
        0.010696270182788016,
        0.01056226539512574,
        0.01053466614776441,
        0.010506393050934164,
        0.010515191677076442,
        0.010502199030983045,
        0.01047152732841478,
        0.010475736746849644,
        0.010399952240540066,
        0.010396553329738305,
        0.010389671549867564,
        0.010384687166253686,
        0.010392628377581212,
        0.010382218886292715,
        0.010340108598025134,
        0.010343791725147315,
        0.010337057612673426,
        0.010340792033265883,
        0.010339933463092707,
        0.010335954828983984,
        0.010330947588529312,
        0.010327683023508512,
        0.010320980203287975,
        0.010322973819423622,
        0.01031680061865161,
        0.010324334106398802,
        0.01031670427583084,
        0.010314128828784876,
        0.01031759734900583,
        0.010308357860307926,
        0.01031114390160644,
        0.010313503982621442,
        0.010299478158739878,
        0.010301019629800533,
        0.010303338053849179,
        0.01029487228609814,
        0.010297830629108795,
        0.010291736872929702,
        0.0102735293532905,
        0.01027293074561309,
        0.01027300007878312,
        0.010269398999143073,
        0.010270968432840012,
        0.010269536580112771,
        0.010271398641843031,
        0.010266501685719248,
        0.010257693168672012,
        0.010259417309120267,
        0.010259558904960485,
        0.010255077060971179,
        0.010256377274677838,
        0.010259967684286608,
        0.01025244213499973,
        0.010256392466530173,
        0.0102542608454231,
        0.010255436719974751,
        0.01025171136265069,
        0.010252602517634452,
        0.010253715496991667,
        0.010253204501957946,
        0.010250225549315659,
        0.010259164209157288,
        0.010251767315696296,
        0.01024883941452854,
        0.01025157617979033,
        0.010253625262017634,
        0.01025061546778584,
        0.01024903852499977,
        0.010247375760560718,
        0.010246624381727656,
        0.010244732436022275,
        0.010245290308613072,
        0.01024476269530373,
        0.01024057510425568,
        0.010244609441822969,
        0.010242950202523181,
        0.010241542829137673,
        0.010239532912079668,
        0.010240356420827788,
        0.010239916517738083,
        0.010239803953981304,
        0.010238644725108005,
        0.010239449815332119
    ],
    "lstm_mse": 885.4701189511377,
    "lstm_rmse": 29.756849950072635
}