{
    "average": {
        "MSE": {
            "Temperature": 17.204193017807523,
            "Precipitation_accumulated": 22703.525453033275,
            "Humidity": 360.6315201380189,
            "Wind_Speed_kmh": 0.6790311743254229,
            "Soil_Moisture": 305526.8156665008,
            "Soil_Temperature": 17.67236207877003,
            "Wind_Dir_Sin": 0.43690042374760035,
            "Wind_Dir_Cos": 0.2853889052392546
        },
        "RMSE": {
            "Temperature": 3.645512908926,
            "Precipitation_accumulated": 98.05038479309924,
            "Humidity": 14.910202553631425,
            "Wind_Speed_kmh": 0.6903701540447077,
            "Soil_Moisture": 497.2800250832236,
            "Soil_Temperature": 3.687920451714182,
            "Wind_Dir_Sin": 0.5510423131798718,
            "Wind_Dir_Cos": 0.4654608311858581
        },
        "MAE": {
            "Temperature": 2.8948430984253966,
            "Precipitation_accumulated": 55.1951078858253,
            "Humidity": 12.674480279246529,
            "Wind_Speed_kmh": 0.521473796473156,
            "Soil_Moisture": 395.7170635088272,
            "Soil_Temperature": 3.0012937463478884,
            "Wind_Dir_Sin": 0.43796527077947367,
            "Wind_Dir_Cos": 0.3556307014097152
        },
        "R2": {
            "Temperature": -0.25113923227001284,
            "Precipitation_accumulated": -10409.740502224766,
            "Humidity": -1.522472936116382,
            "Wind_Speed_kmh": -Infinity,
            "Soil_Moisture": -6.587587611088573,
            "Soil_Temperature": -0.508414382494471,
            "Wind_Dir_Sin": -Infinity,
            "Wind_Dir_Cos": -Infinity
        },
        "SMAPE": {
            "Temperature": 27.492087837192194,
            "Precipitation_accumulated": 27.573023664358903,
            "Humidity": 17.891826098026996,
            "Wind_Speed_kmh": 155.96262743840276,
            "Soil_Moisture": 5.355501353365943,
            "Soil_Temperature": 30.805092448691063,
            "Wind_Dir_Sin": 164.4861772960062,
            "Wind_Dir_Cos": 75.59141311390081
        },
        "WMAPE": {
            "Temperature": 25.986828529317414,
            "Precipitation_accumulated": 25.743250992129184,
            "Humidity": 15.717478959135809,
            "Wind_Speed_kmh": Infinity,
            "Soil_Moisture": 5.513909258856206,
            "Soil_Temperature": 28.651672697711415,
            "Wind_Dir_Sin": Infinity,
            "Wind_Dir_Cos": 50.639343976671114
        }
    },
    "best_fold": {
        "MSE": {
            "Temperature": 12.72746462394174,
            "Precipitation_accumulated": 47.1740980590716,
            "Humidity": 98.6352459856729,
            "Wind_Speed_kmh": 1.5664239344302933,
            "Soil_Moisture": 88128.57452717432,
            "Soil_Temperature": 8.752228299231263,
            "Wind_Dir_Sin": 0.6183544897287347,
            "Wind_Dir_Cos": 0.41739929630856576
        },
        "RMSE": {
            "Temperature": 3.5675572348515643,
            "Precipitation_accumulated": 6.868340269604557,
            "Humidity": 9.93152787770708,
            "Wind_Speed_kmh": 1.2515685895828057,
            "Soil_Moisture": 296.86457270475086,
            "Soil_Temperature": 2.958416518888316,
            "Wind_Dir_Sin": 0.7863551931085181,
            "Wind_Dir_Cos": 0.6460644676102887
        },
        "MAE": {
            "Temperature": 2.800852389069958,
            "Precipitation_accumulated": 6.149617176171057,
            "Humidity": 7.845272619516979,
            "Wind_Speed_kmh": 0.9712396882953431,
            "Soil_Moisture": 272.77585074171145,
            "Soil_Temperature": 2.4505837146228595,
            "Wind_Dir_Sin": 0.6641119594003759,
            "Wind_Dir_Cos": 0.5668691679019779
        },
        "R2": {
            "Temperature": 0.5456704819075131,
            "Precipitation_accumulated": -28.99891030778505,
            "Humidity": 0.36852893179602875,
            "Wind_Speed_kmh": -0.2278803922684729,
            "Soil_Moisture": -13.160306841827493,
            "Soil_Temperature": 0.3391790058941261,
            "Wind_Dir_Sin": -0.12345061906541344,
            "Wind_Dir_Cos": -0.18340101141168952
        },
        "SMAPE": {
            "Temperature": 33.16973455469585,
            "Precipitation_accumulated": 1.3320886158153291,
            "Humidity": 9.431494617406607,
            "Wind_Speed_kmh": 81.49695703312484,
            "Soil_Moisture": 3.198022499724833,
            "Soil_Temperature": 38.52942563677815,
            "Wind_Dir_Sin": 121.10651123504,
            "Wind_Dir_Cos": 169.55270455674562
        },
        "WMAPE": {
            "Temperature": 27.950638651132223,
            "Precipitation_accumulated": 1.322006273983633,
            "Humidity": 9.12512937744213,
            "Wind_Speed_kmh": 65.13481397876275,
            "Soil_Moisture": 3.148545202379719,
            "Soil_Temperature": 28.166390431929177,
            "Wind_Dir_Sin": 93.28685077946469,
            "Wind_Dir_Cos": 100.86302712837359
        }
    },
    "all_folds": {
        "fold_1": {
            "MSE": {
                "Temperature": 46.360758811043844,
                "Precipitation_accumulated": 59492.94987476843,
                "Humidity": 1360.729930604784,
                "Wind_Speed_kmh": 1.1429785730598754,
                "Soil_Moisture": 810881.0286928922,
                "Soil_Temperature": 43.07998113222056,
                "Wind_Dir_Sin": 1.1809243945423804,
                "Wind_Dir_Cos": 0.5380981664995883
            },
            "RMSE": {
                "Temperature": 6.808873534663707,
                "Precipitation_accumulated": 243.91176657711375,
                "Humidity": 36.88807301289651,
                "Wind_Speed_kmh": 1.0691017599180517,
                "Soil_Moisture": 900.4893273620139,
                "Soil_Temperature": 6.563534195250343,
                "Wind_Dir_Sin": 1.0867034528988948,
                "Wind_Dir_Cos": 0.7335517476630999
            },
            "MAE": {
                "Temperature": 5.009194189133962,
                "Precipitation_accumulated": 133.49775074873025,
                "Humidity": 30.96225465943786,
                "Wind_Speed_kmh": 0.8584199939947547,
                "Soil_Moisture": 783.2753973889643,
                "Soil_Temperature": 5.0103023651526675,
                "Wind_Dir_Sin": 0.8976390002743297,
                "Wind_Dir_Cos": 0.6134269449986628
            },
            "R2": {
                "Temperature": -0.0012253935577708486,
                "Precipitation_accumulated": -0.4239520135700374,
                "Humidity": -3.4970636848151546,
                "Wind_Speed_kmh": -1.3795182645877877,
                "Soil_Moisture": 0.34090608919870824,
                "Soil_Temperature": 0.24528599890544966,
                "Wind_Dir_Sin": -2.2857671457561723,
                "Wind_Dir_Cos": 0.04788548728040265
            },
            "SMAPE": {
                "Temperature": 30.854723546338963,
                "Precipitation_accumulated": 83.49996818150296,
                "Humidity": 51.53812748186887,
                "Wind_Speed_kmh": 150.65128383182162,
                "Soil_Moisture": 9.934291622958177,
                "Soil_Temperature": 31.270095014341816,
                "Wind_Dir_Sin": 130.94480438942077,
                "Wind_Dir_Cos": 116.57034898947573
            },
            "WMAPE": {
                "Temperature": 30.26814239155725,
                "Precipitation_accumulated": 97.75571026545467,
                "Humidity": 40.6989171748898,
                "Wind_Speed_kmh": 93.0387257891259,
                "Soil_Moisture": 9.78997486560313,
                "Soil_Temperature": 30.51161794189693,
                "Wind_Dir_Sin": 179.85354611542257,
                "Wind_Dir_Cos": 82.31139988439776
            }
        },