{
    "MSE": {
        "Temperature": 17.204193017807523,
        "Precipitation_accumulated": 22703.525453033275,
        "Humidity": 360.6315201380189,
        "Wind_Speed_kmh": 0.6790311743254229,
        "Soil_Moisture": 305526.8156665008,
        "Soil_Temperature": 17.67236207877003,
        "Wind_Dir_Sin": 0.43690042374760035,
        "Wind_Dir_Cos": 0.2853889052392546
    },
    "RMSE": {
        "Temperature": 3.645512908926,
        "Precipitation_accumulated": 98.05038479309924,
        "Humidity": 14.910202553631425,
        "Wind_Speed_kmh": 0.6903701540447077,
        "Soil_Moisture": 497.2800250832236,
        "Soil_Temperature": 3.687920451714182,
        "Wind_Dir_Sin": 0.5510423131798718,
        "Wind_Dir_Cos": 0.4654608311858581
    },
    "MAE": {
        "Temperature": 2.8948430984253966,
        "Precipitation_accumulated": 55.1951078858253,
        "Humidity": 12.674480279246529,
        "Wind_Speed_kmh": 0.521473796473156,
        "Soil_Moisture": 395.7170635088272,
        "Soil_Temperature": 3.0012937463478884,
        "Wind_Dir_Sin": 0.43796527077947367,
        "Wind_Dir_Cos": 0.3556307014097152
    },
    "R2": {
        "Temperature": -0.25113923227001284,
        "Precipitation_accumulated": -10409.740502224766,
        "Humidity": -1.522472936116382,
        "Wind_Speed_kmh": -Infinity,
        "Soil_Moisture": -6.587587611088573,
        "Soil_Temperature": -0.508414382494471,
        "Wind_Dir_Sin": -Infinity,
        "Wind_Dir_Cos": -Infinity
    },
    "SMAPE": {
        "Temperature": 27.492087837192194,
        "Precipitation_accumulated": 27.573023664358903,
        "Humidity": 17.891826098026996,
        "Wind_Speed_kmh": 155.96262743840276,
        "Soil_Moisture": 5.355501353365943,
        "Soil_Temperature": 30.805092448691063,
        "Wind_Dir_Sin": 164.4861772960062,
        "Wind_Dir_Cos": 75.59141311390081
    },
    "WMAPE": {
        "Temperature": 25.986828529317414,
        "Precipitation_accumulated": 25.743250992129184,
        "Humidity": 15.717478959135809,
        "Wind_Speed_kmh": Infinity,
        "Soil_Moisture": 5.513909258856206,
        "Soil_Temperature": 28.651672697711415,
        "Wind_Dir_Sin": Infinity,
        "Wind_Dir_Cos": 50.639343976671114
    }
}