{
    "best_value": 62.55172746051961,
    "best_params": {
        "input_chunk_length": 28,
        "training_length": 30,
        "hidden_size": 127,
        "layer_size": 1,
        "dropout": 0.22594620241564983,
        "batch_size": 32,
        "lr": 0.00021909136989533098,
        "forecast_horizon": 1
    }
}