{
    "best_value": 0.08685611509641744,
    "best_params": {
        "input_chunk_length": 24,
        "output_chunk_length": 1,
        "hidden_size": 188,
        "layer_size": 1,
        "dropout": 0.463770421977072,
        "batch_size": 172,
        "lr": 0.0020101615632169517,
        "weight_decay": 4.080126913056516e-06,
        "loss_fn": "smoothl1",
        "optimizer": "AdamW"
    }
}