{
    "best_value": 43.28550537729951,
    "best_params": {
        "input_chunk_length": 49,
        "hidden_size": 216,
        "layer_size": 3,
        "dropout": 0.27524990279731704,
        "batch_size": 45,
        "lr": 0.0023425422126866643
    }
}