{
    "MSE": {
        "Temperature": 5.0344432137990704,
        "Precipitation_accumulated": 0.1872568983825396,
        "Humidity": 33.92594770824314,
        "Wind_Speed_kmh": 0.3010242762911829,
        "Soil_Moisture": 54355.69089081485,
        "Soil_Temperature": 9.631655844954132,
        "Wind_Dir_Sin": 0.2609339858576406,
        "Wind_Dir_Cos": 0.29470112266883985
    },
    "RMSE": {
        "Temperature": 2.2437564961018097,
        "Precipitation_accumulated": 0.4327319012766907,
        "Humidity": 5.824598501892052,
        "Wind_Speed_kmh": 0.548656792805104,
        "Soil_Moisture": 233.14306957491755,
        "Soil_Temperature": 3.1034909126585393,
        "Wind_Dir_Sin": 0.5108169788267033,
        "Wind_Dir_Cos": 0.5428638159509619
    },
    "MAE": {
        "Temperature": 1.76973079327335,
        "Precipitation_accumulated": 0.33374393886466314,
        "Humidity": 4.32842966014204,
        "Wind_Speed_kmh": 0.43418526885781594,
        "Soil_Moisture": 171.695380083808,
        "Soil_Temperature": 2.308879848518969,
        "Wind_Dir_Sin": 0.3927177041651949,
        "Wind_Dir_Cos": 0.4093243965094401
    },
    "R2": {
        "Temperature": 0.8994715063142491,
        "Precipitation_accumulated": 0.701868156121995,
        "Humidity": 0.8917185215413216,
        "Wind_Speed_kmh": 0.2873640526592689,
        "Soil_Moisture": 0.9120533244379198,
        "Soil_Temperature": 0.8672908197780944,
        "Wind_Dir_Sin": 0.18267758321184013,
        "Wind_Dir_Cos": 0.23625937517262896
    },
    "SMAPE": {
        "Temperature": 11.392598174891623,
        "Precipitation_accumulated": 10.416833759053059,
        "Humidity": 7.049973370005533,
        "Wind_Speed_kmh": 51.26135187714004,
        "Soil_Moisture": 2.1784754615694966,
        "Soil_Temperature": 13.479684273134012,
        "Wind_Dir_Sin": 96.72470522179468,
        "Wind_Dir_Cos": 83.30696114060933
    }
}