{
    "MSE": {
        "Temperature": 4.75262534628317,
        "Precipitation_accumulated": 0.17495202181750036,
        "Humidity": 28.955551873261733,
        "Wind_Speed_kmh": 0.28838321154028423,
        "Soil_Moisture": 37358.85212655462,
        "Soil_Temperature": 9.1528371930972,
        "Wind_Dir_Sin": 0.2549162322069587,
        "Wind_Dir_Cos": 0.3145398479747775
    },
    "RMSE": {
        "Temperature": 2.1800516843146562,
        "Precipitation_accumulated": 0.41827266443971733,
        "Humidity": 5.381036319637857,
        "Wind_Speed_kmh": 0.5370132321836066,
        "Soil_Moisture": 193.2843814863338,
        "Soil_Temperature": 3.025365629654902,
        "Wind_Dir_Sin": 0.5048922976308499,
        "Wind_Dir_Cos": 0.5608385221922416
    },
    "MAE": {
        "Temperature": 1.6975130805728877,
        "Precipitation_accumulated": 0.2941174558011138,
        "Humidity": 3.9670548854123315,
        "Wind_Speed_kmh": 0.411398322134914,
        "Soil_Moisture": 121.14028784010931,
        "Soil_Temperature": 2.339787088808381,
        "Wind_Dir_Sin": 0.39235500240853816,
        "Wind_Dir_Cos": 0.4217152458621959
    },
    "R2": {
        "Temperature": 0.9050988864458696,
        "Precipitation_accumulated": 0.7214587590354975,
        "Humidity": 0.9075825384927441,
        "Wind_Speed_kmh": 0.3172901345857586,
        "Soil_Moisture": 0.9395539493013594,
        "Soil_Temperature": 0.87388819325009,
        "Wind_Dir_Sin": 0.20152696743921528,
        "Wind_Dir_Cos": 0.18484579274810076
    },
    "SMAPE": {
        "Temperature": 10.916335158632528,
        "Precipitation_accumulated": 9.08391868294785,
        "Humidity": 6.513419679592437,
        "Wind_Speed_kmh": 51.31590985929542,
        "Soil_Moisture": 1.5836373249994107,
        "Soil_Temperature": 13.970971109049229,
        "Wind_Dir_Sin": 98.67998494945644,
        "Wind_Dir_Cos": 85.38958258370204
    }
}