{
    "MSE": {
        "Temperature": 4.248809832830619,
        "Precipitation_accumulated": 204.02707285427326,
        "Humidity": 17.804135679447267,
        "Wind_Speed_kmh": 0.054076957537517456,
        "Soil_Moisture": 42335.9956198847,
        "Soil_Temperature": 7.46167686580856,
        "Wind_Dir_Sin": 0.07076543358976332,
        "Wind_Dir_Cos": 0.1195958715202729
    },
    "RMSE": {
        "Temperature": 2.0612641346587823,
        "Precipitation_accumulated": 14.28380456511056,
        "Humidity": 4.219494718499748,
        "Wind_Speed_kmh": 0.2325445280747699,
        "Soil_Moisture": 205.75712774989034,
        "Soil_Temperature": 2.731607011597488,
        "Wind_Dir_Sin": 0.2660177317205816,
        "Wind_Dir_Cos": 0.34582636036061926
    },
    "MAE": {
        "Temperature": 1.4382366028159579,
        "Precipitation_accumulated": 5.261140215908017,
        "Humidity": 3.055118520337245,
        "Wind_Speed_kmh": 0.16919475817416071,
        "Soil_Moisture": 116.80933848310069,
        "Soil_Temperature": 1.7001700222589726,
        "Wind_Dir_Sin": 0.17064974128579313,
        "Wind_Dir_Cos": 0.21792077096369583
    },
    "R2": {
        "Temperature": 0.9059070212266425,
        "Precipitation_accumulated": 0.9950882909348544,
        "Humidity": 0.90615409320043,
        "Wind_Speed_kmh": 0.821498249066646,
        "Soil_Moisture": 0.9677611038892611,
        "Soil_Temperature": 0.8381480751059084,
        "Wind_Dir_Sin": 0.7933234894533115,
        "Wind_Dir_Cos": 0.811442913195014
    },
    "SMAPE": {
        "Temperature": 9.170017730297001,
        "Precipitation_accumulated": 12.20918079447786,
        "Humidity": 4.07720701366871,
        "Wind_Speed_kmh": 88.97372162725418,
        "Soil_Moisture": 1.6079729099215192,
        "Soil_Temperature": 11.05430492461599,
        "Wind_Dir_Sin": 99.78587906465148,
        "Wind_Dir_Cos": 49.207630496068546
    }
}