{
    "Temperature": {
        "MSE": 14.178942929430642,
        "RMSE": 3.765493716557052,
        "MAE": 3.0743039121885696,
        "R2": 0.7181120589497039,
        "SMAPE": 19.886986801281974
    },
    "Precipitation_accumulated": {
        "MSE": 15.421886145522684,
        "RMSE": 3.927070937164579,
        "MAE": 3.51819113621575,
        "R2": -23.973691400231033,
        "SMAPE": 162.14685577384452
    },
    "Humidity": {
        "MSE": 139.7712082967944,
        "RMSE": 11.822487398884991,
        "MAE": 9.501472087653783,
        "R2": 0.5501671029055375,
        "SMAPE": 14.08868677841745
    },
    "Wind_Speed_kmh": {
        "MSE": 0.7022258316009,
        "RMSE": 0.8379891595962922,
        "MAE": 0.700753706389756,
        "R2": -0.6868662633868567,
        "SMAPE": 78.21346316287884
    },
    "Soil_Moisture": {
        "MSE": 768990.4817759856,
        "RMSE": 876.9210236822844,
        "MAE": 775.5832901397131,
        "R2": -0.2651647372898296,
        "SMAPE": 9.246061756542579
    },
    "Soil_Temperature": {
        "MSE": 14.317560668678448,
        "RMSE": 3.7838552652920603,
        "MAE": 2.9458836539434263,
        "R2": 0.8044264141689628,
        "SMAPE": 17.000759398744886
    },
    "Wind_Dir_Sin": {
        "MSE": 0.43345838814375,
        "RMSE": 0.6583755676995844,
        "MAE": 0.5450930049599024,
        "R2": -0.3699682768997572,
        "SMAPE": 132.07362445194164
    },
    "Wind_Dir_Cos": {
        "MSE": 0.3909993336646141,
        "RMSE": 0.6252993952216922,
        "MAE": 0.4997882815744625,
        "R2": -0.007446320960981412,
        "SMAPE": 79.99422307898087
    }
}