{
    "MSE": {
        "Temperature": 34.181545415011094,
        "Precipitation_accumulated": 16955.571463438777,
        "Humidity": 171.78501917858003,
        "Wind_Speed_kmh": 0.1714644724682905,
        "Soil_Moisture": 1005213.5575769962,
        "Soil_Temperature": 31.32186260421682,
        "Wind_Dir_Sin": 0.3012623404002214,
        "Wind_Dir_Cos": 0.42782604791271595
    },
    "RMSE": {
        "Temperature": 5.8464985602504935,
        "Precipitation_accumulated": 130.2135609813309,
        "Humidity": 13.106678418980914,
        "Wind_Speed_kmh": 0.414082687960135,
        "Soil_Moisture": 1002.6033899688332,
        "Soil_Temperature": 5.596593839489946,
        "Wind_Dir_Sin": 0.5488737016839315,
        "Wind_Dir_Cos": 0.6540841290787569
    },
    "MAE": {
        "Temperature": 5.045136091993951,
        "Precipitation_accumulated": 46.58062221342262,
        "Humidity": 11.598354675198824,
        "Wind_Speed_kmh": 0.3265378970950371,
        "Soil_Moisture": 767.6641695103323,
        "Soil_Temperature": 4.726236115328824,
        "Wind_Dir_Sin": 0.37594031241690185,
        "Wind_Dir_Cos": 0.44570343429106246
    },
    "R2": {
        "Temperature": 0.24748302734020033,
        "Precipitation_accumulated": 0.5247043479601171,
        "Humidity": 0.07421378043812499,
        "Wind_Speed_kmh": 0.3948473801098248,
        "Soil_Moisture": 0.11035562862754023,
        "Soil_Temperature": 0.324510041374524,
        "Wind_Dir_Sin": 0.09529837279117614,
        "Wind_Dir_Cos": 0.3019722359754483
    },
    "SMAPE": {
        "Temperature": 36.03717975035749,
        "Precipitation_accumulated": 63.32520755009057,
        "Humidity": 14.520314460792441,
        "Wind_Speed_kmh": 114.13247958831073,
        "Soil_Moisture": 10.077313834019533,
        "Soil_Temperature": 34.91049866517091,
        "Wind_Dir_Sin": 110.99564141246454,
        "Wind_Dir_Cos": 85.42746987652788
    }
}