{
    "MSE": {
        "Temperature": 48.282597044384005,
        "Precipitation_accumulated": 27855.66805059124,
        "Humidity": 262.8945452965082,
        "Wind_Speed_kmh": 0.2028603221942769,
        "Soil_Moisture": 1376872.8148706022,
        "Soil_Temperature": 44.37926704256256,
        "Wind_Dir_Sin": 0.6176526469130799,
        "Wind_Dir_Cos": 0.6748949996796166
    },
    "RMSE": {
        "Temperature": 6.948567985159532,
        "Precipitation_accumulated": 166.90017390821149,
        "Humidity": 16.214023106450423,
        "Wind_Speed_kmh": 0.45040018005577764,
        "Soil_Moisture": 1173.402239162088,
        "Soil_Temperature": 6.661776568045686,
        "Wind_Dir_Sin": 0.7859088031782567,
        "Wind_Dir_Cos": 0.8215199326124818
    },
    "MAE": {
        "Temperature": 6.13500298986972,
        "Precipitation_accumulated": 70.52748771335122,
        "Humidity": 14.36531121998814,
        "Wind_Speed_kmh": 0.3816337652517736,
        "Soil_Moisture": 893.6084241885249,
        "Soil_Temperature": 5.816351841655405,
        "Wind_Dir_Sin": 0.6298300365574449,
        "Wind_Dir_Cos": 0.6716920301941637
    },
    "R2": {
        "Temperature": -0.04723748246090431,
        "Precipitation_accumulated": 0.11321712595705757,
        "Humidity": -0.40024296234399914,
        "Wind_Speed_kmh": 0.2858499504664529,
        "Soil_Moisture": -0.3692871256222343,
        "Soil_Temperature": 0.054629855032550245,
        "Wind_Dir_Sin": -0.9402005906333559,
        "Wind_Dir_Cos": -0.12617626533888204
    },
    "SMAPE": {
        "Temperature": 44.044171727678616,
        "Precipitation_accumulated": 65.59953682005101,
        "Humidity": 18.262250731448802,
        "Wind_Speed_kmh": 119.77793176698077,
        "Soil_Moisture": 11.655177395201248,
        "Soil_Temperature": 43.37751664025769,
        "Wind_Dir_Sin": 122.31842257276139,
        "Wind_Dir_Cos": 124.87888745104475
    }
}