{
    "Temperature": {
        "MSE": 14.912010876944995,
        "RMSE": 3.86160729191162,
        "MAE": 3.1484218342694583,
        "R2": 0.7401866764370857,
        "SMAPE": 18.132517913552576
    },
    "Precipitation_accumulated": {
        "MSE": 0.4263608141926424,
        "RMSE": 0.652963103239871,
        "MAE": 0.6273037519990922,
        "R2": -57423.0230828145,
        "SMAPE": 28.124230437807416
    },
    "Humidity": {
        "MSE": 161.222722161871,
        "RMSE": 12.69735098994554,
        "MAE": 11.823256913428937,
        "R2": 0.06341660123451875,
        "SMAPE": 17.67002196559382
    },
    "Wind_Speed_kmh": {
        "MSE": 0.5582129930508657,
        "RMSE": 0.7471365290566816,
        "MAE": 0.6555006241072081,
        "R2": -2.5385151044936993,
        "SMAPE": 54.42994093508599
    },
    "Soil_Moisture": {
        "MSE": 176200.2292268376,
        "RMSE": 419.7621102801414,
        "MAE": 371.0628051200183,
        "R2": -22.03999148827062,
        "SMAPE": 4.202720265632013
    },
    "Soil_Temperature": {
        "MSE": 21.557348919254792,
        "RMSE": 4.6429892223927025,
        "MAE": 3.938702113534304,
        "R2": 0.7700700763712705,
        "SMAPE": 20.132465929698665
    },
    "Wind_Dir_Sin": {
        "MSE": 0.7358739215109571,
        "RMSE": 0.8578309399356945,
        "MAE": 0.8057309439377979,
        "R2": -5.970626298183426,
        "SMAPE": 177.62423826019224
    },
    "Wind_Dir_Cos": {
        "MSE": 0.3189703001487095,
        "RMSE": 0.5647745569240079,
        "MAE": 0.5025826058909393,
        "R2": 0.25084216906731827,
        "SMAPE": 132.81938784755042
    }
}