{
    "Temperature": {
        "MSE": 27.47781236740127,
        "RMSE": 5.241928306205768,
        "MAE": 4.7060250220993,
        "R2": 0.27999297964818926,
        "SMAPE": 25.766965752564357
    },
    "Precipitation_accumulated": {
        "MSE": 0.1289031164448181,
        "RMSE": 0.3590308015265795,
        "MAE": 0.34393287061843036,
        "R2": -6.536164517302521e+29,
        "SMAPE": 14.424515163494876
    },
    "Humidity": {
        "MSE": 91.96975192307553,
        "RMSE": 9.590086126989451,
        "MAE": 8.847100215241065,
        "R2": 0.23725068770096813,
        "SMAPE": 13.056321426293792
    },
    "Wind_Speed_kmh": {
        "MSE": 0.1733445764962697,
        "RMSE": 0.4163467022762036,
        "MAE": 0.36013807133266384,
        "R2": -0.4307896748146025,
        "SMAPE": 33.7647853521438
    },
    "Soil_Moisture": {
        "MSE": 15055.59774311826,
        "RMSE": 122.70125404052828,
        "MAE": 114.41392655484515,
        "R2": -18.847073271911025,
        "SMAPE": 1.302686345191599
    },
    "Soil_Temperature": {
        "MSE": 31.384247660281105,
        "RMSE": 5.602164551339161,
        "MAE": 5.226158942585572,
        "R2": -0.01073786399702703,
        "SMAPE": 28.2928482928621
    },
    "Wind_Dir_Sin": {
        "MSE": 0.35522420110136027,
        "RMSE": 0.5960068800788798,
        "MAE": 0.5682257241850421,
        "R2": -8.69385439311805,
        "SMAPE": 122.32551767978292
    },
    "Wind_Dir_Cos": {
        "MSE": 0.29076977008546584,
        "RMSE": 0.5392307206432752,
        "MAE": 0.4849615252290819,
        "R2": 0.32944763952570044,
        "SMAPE": 126.83550003743238
    }
}