{
    "Temperature": {
        "MSE": 22.4875844399993,
        "RMSE": 4.742107594730354,
        "MAE": 4.014106852003244,
        "R2": 0.5789795609184909,
        "SMAPE": 21.987905545271516
    },
    "Precipitation_accumulated": {
        "MSE": 0.18254692202150843,
        "RMSE": 0.42725510180863663,
        "MAE": 0.4149028131289904,
        "R2": -Infinity,
        "SMAPE": 17.640842448465893
    },
    "Humidity": {
        "MSE": 72.62608868112467,
        "RMSE": 8.522094148806657,
        "MAE": 7.801099652005848,
        "R2": 0.5500644419809974,
        "SMAPE": 11.890630797535133
    },
    "Wind_Speed_kmh": {
        "MSE": 0.21230635798399386,
        "RMSE": 0.46076714073813235,
        "MAE": 0.3908168004094896,
        "R2": -0.3488259660033821,
        "SMAPE": 35.03096717341235
    },
    "Soil_Moisture": {
        "MSE": 21776.388818290576,
        "RMSE": 147.5682513899605,
        "MAE": 136.24341779208302,
        "R2": -2.411504105634826,
        "SMAPE": 1.5606711077097575
    },
    "Soil_Temperature": {
        "MSE": 27.98361796006321,
        "RMSE": 5.289954438373095,
        "MAE": 4.818271702003752,
        "R2": 0.6958438579278314,
        "SMAPE": 24.707417756050873
    },
    "Wind_Dir_Sin": {
        "MSE": 0.6140253503869212,
        "RMSE": 0.7835976967723433,
        "MAE": 0.7320172840526148,
        "R2": -8.86931047048365,
        "SMAPE": 155.83581992167885
    },
    "Wind_Dir_Cos": {
        "MSE": 0.3648370196658803,
        "RMSE": 0.6040174001350295,
        "MAE": 0.5524925298643649,
        "R2": 0.17466928514738655,
        "SMAPE": 130.2771068401242
    }
}