{
    "MSE": {
        "Temperature": 98.37030217606909,
        "Precipitation_accumulated": 83279.31564898325,
        "Humidity": 558.0150002812437,
        "Wind_Speed_kmh": 0.22108756490377,
        "Soil_Moisture": 2501354.5683227866,
        "Soil_Temperature": 102.5897408517075,
        "Wind_Dir_Sin": 1.3962064387842381,
        "Wind_Dir_Cos": 1.0529530493573496
    },
    "RMSE": {
        "Temperature": 9.918180386344519,
        "Precipitation_accumulated": 288.581558054189,
        "Humidity": 23.62234112617214,
        "Wind_Speed_kmh": 0.4701994947931888,
        "Soil_Moisture": 1581.567124191315,
        "Soil_Temperature": 10.128659380772339,
        "Wind_Dir_Sin": 1.1816117969892812,
        "Wind_Dir_Cos": 1.0261350054244078
    },
    "MAE": {
        "Temperature": 8.982133802579488,
        "Precipitation_accumulated": 195.1288920490087,
        "Humidity": 19.934247059812368,
        "Wind_Speed_kmh": 0.4192769382547352,
        "Soil_Moisture": 1234.5803694349258,
        "Soil_Temperature": 9.157322903442275,
        "Wind_Dir_Sin": 1.1068359276161983,
        "Wind_Dir_Cos": 0.9229464593628974
    },
    "R2": {
        "Temperature": -1.1650821243734275,
        "Precipitation_accumulated": -225.27793515661193,
        "Humidity": -2.3805306399088866,
        "Wind_Speed_kmh": -0.17302689282471673,
        "Soil_Moisture": -7.1002950873194965,
        "Soil_Temperature": -1.2431050348642239,
        "Wind_Dir_Sin": -6.030125138062693,
        "Wind_Dir_Cos": -1.007782432445941
    },
    "SMAPE": {
        "Temperature": 65.01756322729058,
        "Precipitation_accumulated": 84.27617566385436,
        "Humidity": 26.47403367265427,
        "Wind_Speed_kmh": 143.8903747224565,
        "Soil_Moisture": 15.638980301376225,
        "Soil_Temperature": 68.09504190533318,
        "Wind_Dir_Sin": 177.5965832699843,
        "Wind_Dir_Cos": 159.67642585537553
    }
}