{
    "Temperature": {
        "MSE": 2.505103394452857,
        "RMSE": 1.5827518423470108,
        "MAE": 1.4499084678477452,
        "R2": -2.5290550374781344,
        "SMAPE": 4.959999359386016
    },
    "Precipitation_accumulated": {
        "MSE": 0.039415819470053626,
        "RMSE": 0.1985341770830746,
        "MAE": 0.19517960604082227,
        "R2": -Infinity,
        "SMAPE": 7.897238592577619
    },
    "Humidity": {
        "MSE": 87.49364680016096,
        "RMSE": 9.353803867954522,
        "MAE": 8.720344562093494,
        "R2": -29.016999287377875,
        "SMAPE": 16.573194803142275
    },
    "Wind_Speed_kmh": {
        "MSE": 0.2658697095833282,
        "RMSE": 0.5156255517168715,
        "MAE": 0.45522475248757227,
        "R2": -2.41670292048857,
        "SMAPE": 56.50603187670831
    },
    "Soil_Moisture": {
        "MSE": 3331.4925070813547,
        "RMSE": 57.719082694385875,
        "MAE": 46.5445022911293,
        "R2": -154.4440628303925,
        "SMAPE": 0.5342902122129222
    },
    "Soil_Temperature": {
        "MSE": 5.091548714387294,
        "RMSE": 2.2564460362231786,
        "MAE": 2.2400290153574303,
        "R2": -1.2284265181962186,
        "SMAPE": 8.068661585810643
    },
    "Wind_Dir_Sin": {
        "MSE": 0.3131881222258008,
        "RMSE": 0.5596321311592114,
        "MAE": 0.4939005186681933,
        "R2": -2.38446793164263,
        "SMAPE": 100.58369331597841
    },
    "Wind_Dir_Cos": {
        "MSE": 0.14544700536332408,
        "RMSE": 0.38137515042714054,
        "MAE": 0.3516349731082094,
        "R2": -1.846842889164697,
        "SMAPE": 72.90089549274528
    }
}