{
    "Temperature": {
        "MSE": 13.642154420064474,
        "RMSE": 3.69352872197638,
        "MAE": 2.971876881992025,
        "R2": 0.7295263374969119,
        "SMAPE": 16.988829704987065
    },
    "Precipitation_accumulated": {
        "MSE": 8.7901735295879,
        "RMSE": 2.9648226809689477,
        "MAE": 2.66734225226459,
        "R2": -1987.5806101363848,
        "SMAPE": 145.42838374062583
    },
    "Humidity": {
        "MSE": 155.64272224565045,
        "RMSE": 12.475685241526833,
        "MAE": 10.105029181533332,
        "R2": 0.41895527285606604,
        "SMAPE": 15.826534774355352
    },
    "Wind_Speed_kmh": {
        "MSE": 0.7092354236402942,
        "RMSE": 0.8421611625100591,
        "MAE": 0.7061726537918049,
        "R2": -0.5914896355246193,
        "SMAPE": 59.28150655388967
    },
    "Soil_Moisture": {
        "MSE": 954052.9186796651,
        "RMSE": 976.75632512908,
        "MAE": 902.9085354135681,
        "R2": -0.42544351337006225,
        "SMAPE": 10.820167040962787
    },
    "Soil_Temperature": {
        "MSE": 17.549217287278896,
        "RMSE": 4.18917859338545,
        "MAE": 3.3019929602040077,
        "R2": 0.7757582547428127,
        "SMAPE": 16.875399100350727
    },
    "Wind_Dir_Sin": {
        "MSE": 0.4232132734598866,
        "RMSE": 0.650548440517604,
        "MAE": 0.5546548107246458,
        "R2": -0.436967492430542,
        "SMAPE": 142.60759238110631
    },
    "Wind_Dir_Cos": {
        "MSE": 0.37763528665321866,
        "RMSE": 0.6145203712272024,
        "MAE": 0.47581208689702836,
        "R2": 0.17272487033009642,
        "SMAPE": 86.96588978662625
    }
}