{
    "MSE": {
        "Temperature": 21.86825531677449,
        "Precipitation_accumulated": 7226.095056822465,
        "Humidity": 125.28955561720068,
        "Wind_Speed_kmh": 0.132394750626073,
        "Soil_Moisture": 561166.9531795683,
        "Soil_Temperature": 20.707124265347826,
        "Wind_Dir_Sin": 0.13870143387339237,
        "Wind_Dir_Cos": 0.32013032682659215
    },
    "RMSE": {
        "Temperature": 4.676350640913755,
        "Precipitation_accumulated": 85.00644126666205,
        "Humidity": 11.193281717941378,
        "Wind_Speed_kmh": 0.36386089460956506,
        "Soil_Moisture": 749.1107749722789,
        "Soil_Temperature": 4.55050813265374,
        "Wind_Dir_Sin": 0.37242641403825316,
        "Wind_Dir_Cos": 0.5658006069514172
    },
    "MAE": {
        "Temperature": 3.8884966789858346,
        "Precipitation_accumulated": 25.333175916831593,
        "Humidity": 9.684947625961193,
        "Wind_Speed_kmh": 0.2813366991825266,
        "Soil_Moisture": 570.6376884156324,
        "Soil_Temperature": 3.654763557867874,
        "Wind_Dir_Sin": 0.24646354748866534,
        "Wind_Dir_Cos": 0.36096125656320044
    },
    "R2": {
        "Temperature": 0.5175202106701714,
        "Precipitation_accumulated": 0.8149902693596286,
        "Humidity": 0.3408852264973048,
        "Wind_Speed_kmh": 0.5488736356001443,
        "Soil_Moisture": 0.5449203009577477,
        "Soil_Temperature": 0.5521234009068471,
        "Wind_Dir_Sin": 0.5922590619783972,
        "Wind_Dir_Cos": 0.48885762843437075
    },
    "SMAPE": {
        "Temperature": 26.79506496949994,
        "Precipitation_accumulated": 59.93782596909639,
        "Humidity": 12.134140815316377,
        "Wind_Speed_kmh": 104.5654644240476,
        "Soil_Moisture": 7.561192941832178,
        "Soil_Temperature": 26.048482120934978,
        "Wind_Dir_Sin": 101.64392854031078,
        "Wind_Dir_Cos": 73.54664816246708
    }
}