{
    "Temperature": {
        "MSE": 17.62518061603076,
        "RMSE": 4.198235416937783,
        "MAE": 3.4209083462913434,
        "R2": 0.6795456479595428,
        "SMAPE": 19.56335203559701
    },
    "Precipitation_accumulated": {
        "MSE": 0.30035123379772827,
        "RMSE": 0.5480430948362804,
        "MAE": 0.5298581201875288,
        "R2": -1.522961687211918e+30,
        "SMAPE": 23.161604128759006
    },
    "Humidity": {
        "MSE": 110.54292926474481,
        "RMSE": 10.513939759421527,
        "MAE": 9.862142631408139,
        "R2": 0.27542814847726527,
        "SMAPE": 14.665931875099298
    },
    "Wind_Speed_kmh": {
        "MSE": 0.46555510246066073,
        "RMSE": 0.6823159843215317,
        "MAE": 0.5848174122819348,
        "R2": -1.7290126247601703,
        "SMAPE": 50.55379673478001
    },
    "Soil_Moisture": {
        "MSE": 85730.97093917093,
        "RMSE": 292.79851594427686,
        "MAE": 259.02933368432764,
        "R2": -10.518751331344207,
        "SMAPE": 2.9490183413038618
    },
    "Soil_Temperature": {
        "MSE": 23.765667010308874,
        "RMSE": 4.875004308747724,
        "MAE": 4.307597895428085,
        "R2": 0.7452707847065638,
        "SMAPE": 22.165485500414093
    },
    "Wind_Dir_Sin": {
        "MSE": 0.6480198971922416,
        "RMSE": 0.8049968305479479,
        "MAE": 0.7520536519173776,
        "R2": -8.732776018646941,
        "SMAPE": 171.68440651826697
    },
    "Wind_Dir_Cos": {
        "MSE": 0.4012908400605915,
        "RMSE": 0.6334752087182193,
        "MAE": 0.5835993315616587,
        "R2": 0.24645030311956417,
        "SMAPE": 139.4265034773251
    }
}