{
    "Temperature": {
        "MSE": 20.93440670529798,
        "RMSE": 4.575413282458534,
        "MAE": 3.804562723540043,
        "R2": 0.6734444860500453,
        "SMAPE": 22.499244299033723
    },
    "Precipitation_accumulated": {
        "MSE": 2.4742727339754786,
        "RMSE": 1.5729821149572802,
        "MAE": 1.4666006388021602,
        "R2": -14338.841697226628,
        "SMAPE": 84.96177966811085
    },
    "Humidity": {
        "MSE": 254.83817499797374,
        "RMSE": 15.963651681177891,
        "MAE": 14.239188091482177,
        "R2": -0.21287314797994905,
        "SMAPE": 21.073838762003273
    },
    "Wind_Speed_kmh": {
        "MSE": 0.728391968690377,
        "RMSE": 0.8534588265935136,
        "MAE": 0.7553975201329738,
        "R2": -1.8802619303428427,
        "SMAPE": 62.19452079442107
    },
    "Soil_Moisture": {
        "MSE": 678931.9376548914,
        "RMSE": 823.9732627063158,
        "MAE": 778.172314237413,
        "R2": -35.93910736850575,
        "SMAPE": 8.675406260977319
    },
    "Soil_Temperature": {
        "MSE": 25.226796255620858,
        "RMSE": 5.022628421018307,
        "MAE": 4.084431771124703,
        "R2": 0.7310831707466232,
        "SMAPE": 21.694202741836754
    },
    "Wind_Dir_Sin": {
        "MSE": 0.5529222080755601,
        "RMSE": 0.7435873910143718,
        "MAE": 0.6827083833698525,
        "R2": -1.248760701498231,
        "SMAPE": 175.8640523037232
    },
    "Wind_Dir_Cos": {
        "MSE": 0.3862908664130765,
        "RMSE": 0.6215230216275793,
        "MAE": 0.49082159681006843,
        "R2": 0.042433365378127474,
        "SMAPE": 95.40392253222574
    }
}