{
    "MSE": {
        "Temperature": 17.53963068982019,
        "Precipitation_accumulated": 3429.6504579308803,
        "Humidity": 88.37611409733091,
        "Wind_Speed_kmh": 0.11621318555178094,
        "Soil_Moisture": 311124.70496491453,
        "Soil_Temperature": 17.39307518166626,
        "Wind_Dir_Sin": 0.11329901726418809,
        "Wind_Dir_Cos": 0.23578495999850077
    },
    "RMSE": {
        "Temperature": 4.188034227393586,
        "Precipitation_accumulated": 58.56321761934602,
        "Humidity": 9.400857093761767,
        "Wind_Speed_kmh": 0.34090055082352233,
        "Soil_Moisture": 557.7855367118392,
        "Soil_Temperature": 4.170500591255953,
        "Wind_Dir_Sin": 0.33659919379610537,
        "Wind_Dir_Cos": 0.48557693520028394
    },
    "MAE": {
        "Temperature": 3.3973635900503156,
        "Precipitation_accumulated": 16.266956180571253,
        "Humidity": 7.903646733962468,
        "Wind_Speed_kmh": 0.2580082249902395,
        "Soil_Moisture": 408.5335213391503,
        "Soil_Temperature": 3.236436494721103,
        "Wind_Dir_Sin": 0.21831730257071855,
        "Wind_Dir_Cos": 0.30579175155223187
    },
    "R2": {
        "Temperature": 0.6135441178059726,
        "Precipitation_accumulated": 0.9152693357103469,
        "Humidity": 0.5354509424830634,
        "Wind_Speed_kmh": 0.6070262651006758,
        "Soil_Moisture": 0.7563725041184273,
        "Soil_Temperature": 0.6249654575783576,
        "Wind_Dir_Sin": 0.6705552420046055,
        "Wind_Dir_Cos": 0.6255449507061527
    },
    "SMAPE": {
        "Temperature": 23.22631389701158,
        "Precipitation_accumulated": 56.877524274740246,
        "Humidity": 9.966515218205375,
        "Wind_Speed_kmh": 100.00321084411141,
        "Soil_Moisture": 5.442633057416996,
        "Soil_Temperature": 22.879621415964685,
        "Wind_Dir_Sin": 102.17515475895262,
        "Wind_Dir_Cos": 65.69258117773445
    }
}