{
    "MSE": {
        "Temperature": 14.100325297134532,
        "Precipitation_accumulated": 1474.440991641416,
        "Humidity": 64.50854598400237,
        "Wind_Speed_kmh": 0.11537356783687029,
        "Soil_Moisture": 184333.85846125448,
        "Soil_Temperature": 14.65391972132356,
        "Wind_Dir_Sin": 0.10135303282451573,
        "Wind_Dir_Cos": 0.20252280402940584
    },
    "RMSE": {
        "Temperature": 3.755039986089966,
        "Precipitation_accumulated": 38.39845038073042,
        "Humidity": 8.031721234206424,
        "Wind_Speed_kmh": 0.3396668483041439,
        "Soil_Moisture": 429.34119120025565,
        "Soil_Temperature": 3.8280438504964334,
        "Wind_Dir_Sin": 0.3183599108313038,
        "Wind_Dir_Cos": 0.4500253370971526
    },
    "MAE": {
        "Temperature": 3.0024895483817167,
        "Precipitation_accumulated": 11.027197419396042,
        "Humidity": 6.624441105932571,
        "Wind_Speed_kmh": 0.2530856635161142,
        "Soil_Moisture": 306.0057013973277,
        "Soil_Temperature": 2.8988554823568773,
        "Wind_Dir_Sin": 0.20326274051150034,
        "Wind_Dir_Cos": 0.2794929959015798
    },
    "R2": {
        "Temperature": 0.6865936410439878,
        "Precipitation_accumulated": 0.9641487856493064,
        "Humidity": 0.6572265558547855,
        "Wind_Speed_kmh": 0.6207772327572685,
        "Soil_Moisture": 0.8581164222164821,
        "Soil_Temperature": 0.6810426617163033,
        "Wind_Dir_Sin": 0.704439260075092,
        "Wind_Dir_Cos": 0.679844709757509
    },
    "SMAPE": {
        "Temperature": 20.42892417076651,
        "Precipitation_accumulated": 51.50786528981252,
        "Humidity": 8.30114645518004,
        "Wind_Speed_kmh": 98.4756094440293,
        "Soil_Moisture": 4.1145614638112855,
        "Soil_Temperature": 20.38180672267208,
        "Wind_Dir_Sin": 103.3792104590075,
        "Wind_Dir_Cos": 61.54412439777638
    }
}