{
    "MSE": {
        "Temperature": 4.906141279158157,
        "Precipitation_accumulated": 331.81899025588933,
        "Humidity": 19.16793216577861,
        "Wind_Speed_kmh": 0.059541061662897854,
        "Soil_Moisture": 64324.91985038084,
        "Soil_Temperature": 8.27900699523268,
        "Wind_Dir_Sin": 0.07255671997050318,
        "Wind_Dir_Cos": 0.118955621325353
    },
    "RMSE": {
        "Temperature": 2.21498110130948,
        "Precipitation_accumulated": 18.21589938092241,
        "Humidity": 4.378119706652458,
        "Wind_Speed_kmh": 0.2440103720395874,
        "Soil_Moisture": 253.62357905049134,
        "Soil_Temperature": 2.8773263623080156,
        "Wind_Dir_Sin": 0.26936354610545055,
        "Wind_Dir_Cos": 0.3448994365396282
    },
    "MAE": {
        "Temperature": 1.6000741438018105,
        "Precipitation_accumulated": 7.0513238459695735,
        "Humidity": 3.4042542387358474,
        "Wind_Speed_kmh": 0.17819072886687795,
        "Soil_Moisture": 158.705094495396,
        "Soil_Temperature": 1.9015339305736454,
        "Wind_Dir_Sin": 0.16724963019488354,
        "Wind_Dir_Cos": 0.21183273251818877
    },
    "R2": {
        "Temperature": 0.8913499390648476,
        "Precipitation_accumulated": 0.9920118525466892,
        "Humidity": 0.8989654983562795,
        "Wind_Speed_kmh": 0.8034618764954657,
        "Soil_Moisture": 0.9510165196773118,
        "Soil_Temperature": 0.8204192914691627,
        "Wind_Dir_Sin": 0.7880918841372568,
        "Wind_Dir_Cos": 0.8124523436213809
    },
    "SMAPE": {
        "Temperature": 11.200773824628474,
        "Precipitation_accumulated": 35.019134547230124,
        "Humidity": 4.373033532016255,
        "Wind_Speed_kmh": 91.41893024629684,
        "Soil_Moisture": 2.158341197948856,
        "Soil_Temperature": 12.872590518081028,
        "Wind_Dir_Sin": 99.11015588641423,
        "Wind_Dir_Cos": 49.18890796392929
    }
}