{
    "Temperature": {
        "MSE": 13.871223315904949,
        "RMSE": 3.7244091230562937,
        "MAE": 3.0350644075558786,
        "R2": 0.3764709974912861,
        "SMAPE": 13.456250871338556
    },
    "Precipitation_accumulated": {
        "MSE": 0.07019259778763721,
        "RMSE": 0.2649388566964786,
        "MAE": 0.2557920860812685,
        "R2": -3.55918754868308e+29,
        "SMAPE": 10.505003803229693
    },
    "Humidity": {
        "MSE": 63.666072321390935,
        "RMSE": 7.979102225275155,
        "MAE": 6.940820946811392,
        "R2": 0.48372461141149303,
        "SMAPE": 12.207978472705529
    },
    "Wind_Speed_kmh": {
        "MSE": 0.15442528046665377,
        "RMSE": 0.3929698213179401,
        "MAE": 0.3123804466550527,
        "R2": -0.788084554881431,
        "SMAPE": 36.6239940858266
    },
    "Soil_Moisture": {
        "MSE": 9539.949842892403,
        "RMSE": 97.6726668157085,
        "MAE": 85.97666529040362,
        "R2": -39.11087138719214,
        "SMAPE": 0.983330570006084
    },
    "Soil_Temperature": {
        "MSE": 15.935854471756528,
        "RMSE": 3.9919737563962676,
        "MAE": 3.6153996392214385,
        "R2": 0.1366364751839143,
        "SMAPE": 16.01192920034748
    },
    "Wind_Dir_Sin": {
        "MSE": 0.39059115193268945,
        "RMSE": 0.624972920959532,
        "MAE": 0.5830866406461302,
        "R2": -5.4301384383564395,
        "SMAPE": 119.42733037351375
    },
    "Wind_Dir_Cos": {
        "MSE": 0.20059810088365704,
        "RMSE": 0.44788179342730267,
        "MAE": 0.4027458051065804,
        "R2": 0.3498486053659642,
        "SMAPE": 124.02334983117801
    }
}