{
    "Temperature": {
        "MSE": 10.976071855923268,
        "RMSE": 3.3130155230429073,
        "MAE": 2.7276726076311775,
        "R2": 0.7992054160996583,
        "SMAPE": 14.067856988022408
    },
    "Precipitation_accumulated": {
        "MSE": 1.1034893556791399,
        "RMSE": 1.050471016106175,
        "MAE": 0.9868570683715016,
        "R2": -8340.925699004209,
        "SMAPE": 48.860678510468645
    },
    "Humidity": {
        "MSE": 254.65455577119496,
        "RMSE": 15.957899478665572,
        "MAE": 14.994872034505729,
        "R2": -0.4291916510216547,
        "SMAPE": 22.107742092051446
    },
    "Wind_Speed_kmh": {
        "MSE": 0.7159531256687929,
        "RMSE": 0.8461401335882803,
        "MAE": 0.740571958445206,
        "R2": -3.1235373679187957,
        "SMAPE": 58.4743064568522
    },
    "Soil_Moisture": {
        "MSE": 420652.39001431246,
        "RMSE": 648.577204359136,
        "MAE": 599.4085517722245,
        "R2": -84.36042325466114,
        "SMAPE": 6.6972837072991664
    },
    "Soil_Temperature": {
        "MSE": 20.575732511583492,
        "RMSE": 4.536048116101007,
        "MAE": 3.5089198158842043,
        "R2": 0.7708266374030404,
        "SMAPE": 15.845170098247412
    },
    "Wind_Dir_Sin": {
        "MSE": 0.6136389367658159,
        "RMSE": 0.7833510941881782,
        "MAE": 0.7167988201279,
        "R2": -1.9884915084274133,
        "SMAPE": 177.119386609756
    },
    "Wind_Dir_Cos": {
        "MSE": 0.34194899881567054,
        "RMSE": 0.5847640539702065,
        "MAE": 0.49686247869004924,
        "R2": 0.18696472711021184,
        "SMAPE": 110.16429433888736
    }
}