{
    "average": {
        "MSE": {
            "Temperature": 20953.45484460318,
            "Precipitation_accumulated": 49257.35097809407,
            "Humidity": 28463.640470413735,
            "Soil_Moisture": 229897197.72864133,
            "Soil_Temperature": 10835.815778953192
        },
        "RMSE": {
            "Temperature": 68.84599561664963,
            "Precipitation_accumulated": 152.3991962898571,
            "Humidity": 86.19185089952609,
            "Soil_Moisture": 7772.094091562829,
            "Soil_Temperature": 50.46953092918118
        },
        "MAE": {
            "Temperature": 38.29991638429935,
            "Precipitation_accumulated": 132.08495880914833,
            "Humidity": 51.81126371038469,
            "Soil_Moisture": 4560.796932924314,
            "Soil_Temperature": 28.645451452055898
        },
        "R2": {
            "Temperature": -470.9922110485492,
            "Precipitation_accumulated": -6770367.045727325,
            "Humidity": -99.11681206697389,
            "Soil_Moisture": -380.27424933983406,
            "Soil_Temperature": -234.20649506839473
        },
        "SMAPE": {
            "Temperature": 53.00160271860975,
            "Precipitation_accumulated": 54.7581793660951,
            "Humidity": 27.65335849829118,
            "Soil_Moisture": 25.696127292721656,
            "Soil_Temperature": 50.89323600092955
        },
        "WMAPE": {
            "Temperature": 253.63243778781867,
            "Precipitation_accumulated": 38.381889216372194,
            "Humidity": 66.41930753978086,
            "Soil_Moisture": 58.282113110457075,
            "Soil_Temperature": 197.76315860982808
        }
    },
    "best_fold": {
        "MSE": {
            "Temperature": 46.3978267797382,
            "Precipitation_accumulated": 194.56729184136722,
            "Humidity": 63.85628192915021,
            "Soil_Moisture": 303262.04759508965,
            "Soil_Temperature": 45.15196909623187
        },
        "RMSE": {
            "Temperature": 6.8115950246427746,
            "Precipitation_accumulated": 13.94873800174651,
            "Humidity": 7.991012572205741,
            "Soil_Moisture": 550.6923347887545,
            "Soil_Temperature": 6.719521493099927
        },
        "MAE": {
            "Temperature": 6.753351666243963,
            "Precipitation_accumulated": 11.883297470631499,
            "Humidity": 7.281142558340406,
            "Soil_Moisture": 512.6429763694823,
            "Soil_Temperature": 6.692571641703666
        },
        "R2": {
            "Temperature": -78.52358393721278,
            "Precipitation_accumulated": -4815.93106576596,
            "Humidity": -5.725159725943338,
            "Soil_Moisture": -7.274259449889776,
            "Soil_Temperature": -214.0716588584849
        },
        "SMAPE": {
            "Temperature": 53.496267773476575,
            "Precipitation_accumulated": 2.6390579241392667,
            "Humidity": 8.26920106145478,
            "Soil_Moisture": 8.323984215948997,
            "Soil_Temperature": 50.97543701752941
        },
        "WMAPE": {
            "Temperature": 72.64869283119631,
            "Precipitation_accumulated": 2.592206165721291,
            "Humidity": 7.993532513361607,
            "Soil_Moisture": 8.631848699461612,
            "Soil_Temperature": 68.31139370820775
        }
    },
    "all_folds": {
        "fold_1": {
            "MSE": {
                "Temperature": 104651.62792517045,
                "Precipitation_accumulated": 28847.928802569873,
                "Humidity": 141458.92259212246,
                "Soil_Moisture": 1141915793.366297,
                "Soil_Temperature": 54065.79456101683
            },
            "RMSE": {
                "Temperature": 323.49903852279135,
                "Precipitation_accumulated": 169.84678037151565,
                "Humidity": 376.11025323982125,
                "Soil_Moisture": 33792.24457425545,
                "Soil_Temperature": 232.52052503169872
            },
            "MAE": {
                "Temperature": 173.13991045973185,
                "Precipitation_accumulated": 92.33987514154117,
                "Humidity": 208.07971702729853,
                "Soil_Moisture": 18171.252204481352,
                "Soil_Temperature": 125.5050965219677
            },
            "R2": {
                "Temperature": -2270.6436516078797,
                "Precipitation_accumulated": 0.30594794740459796,
                "Humidity": -466.75338089254905,
                "Soil_Moisture": -930.6244123732549,
                "Soil_Temperature": -949.9066245358364
            },
            "SMAPE": {
                "Temperature": 84.9299586638234,
                "Precipitation_accumulated": 50.11757388834086,
                "Humidity": 75.42393939583745,
                "Soil_Moisture": 63.42555956670643,
                "Soil_Temperature": 81.9057643833825
            },
            "WMAPE": {
                "Temperature": 1047.693660837329,
                "Precipitation_accumulated": 68.21730150985766,
                "Humidity": 273.02341382266496,
                "Soil_Moisture": 226.90118593087556,
                "Soil_Temperature": 764.9399935347267
            }
        },
        "fold_2": {
            "MSE": {
                "Temperature": 9.00537439348172,
                "Precipitation_accumulated": 205099.67656530207,
                "Humidity": 486.4593486368842,
                "Soil_Moisture": 1610550.0962055915,
                "Soil_Temperature": 9.737490866822824
            },
            "RMSE": {
                "Temperature": 3.0008955985641554,
                "Precipitation_accumulated": 452.87931788204025,
                "Humidity": 22.05582346313291,
                "Soil_Moisture": 1269.0745038040877,
                "Soil_Temperature": 3.1204952919084534
            },
            "MAE": {
                "Temperature": 2.481978153227276,
                "Precipitation_accumulated": 452.879252195635,
                "Humidity": 21.39515237429744,
                "Soil_Moisture": 1266.4140019467834,
                "Soil_Temperature": 2.5661015089536434
            },
            "R2": {
                "Temperature": -0.08778740138553598,
                "Precipitation_accumulated": -33839526.15602859,
                "Humidity": -22.373095181988198,
                "Soil_Moisture": -281.6587017828891,
                "Soil_Temperature": -0.09385135645636211
            },
            "SMAPE": {
                "Temperature": 16.06600524971168,
                "Precipitation_accumulated": 195.47934272843668,
                "Humidity": 28.389486871126024,
                "Soil_Moisture": 18.065440302959644,
                "Soil_Temperature": 16.526853945747593
            },
            "WMAPE": {
                "Temperature": 15.906652684550714,
                "Precipitation_accumulated": 98.856885993181,
                "Humidity": 24.874325381712445,
                "Soil_Moisture": 19.854019499049155,
                "Soil_Temperature": 16.433772458244707
            }
        },
        "fold_3": {
            "MSE": {
                "Temperature": 46.3978267797382,
                "Precipitation_accumulated": 194.56729184136722,
                "Humidity": 63.85628192915021,
                "Soil_Moisture": 303262.04759508965,
                "Soil_Temperature": 45.15196909623187
            },
            "RMSE": {
                "Temperature": 6.8115950246427746,
                "Precipitation_accumulated": 13.94873800174651,
                "Humidity": 7.991012572205741,
                "Soil_Moisture": 550.6923347887545,
                "Soil_Temperature": 6.719521493099927
            },
            "MAE": {
                "Temperature": 6.753351666243963,
                "Precipitation_accumulated": 11.883297470631499,
                "Humidity": 7.281142558340406,