{
    "MSE": {
        "Temperature": 20953.59607840953,
        "Precipitation_accumulated": 49454.37160247433,
        "Humidity": 28462.62436951344,
        "Soil_Moisture": 229894876.77071166,
        "Soil_Temperature": 10835.845735101404
    },
    "RMSE": {
        "Temperature": 68.8610056941907,
        "Precipitation_accumulated": 151.93793175168034,
        "Humidity": 86.08964896765725,
        "Soil_Moisture": 7772.8898614209975,
        "Soil_Temperature": 50.46849665575985
    },
    "MAE": {
        "Temperature": 38.31925744941985,
        "Precipitation_accumulated": 131.50772835276274,
        "Humidity": 51.70886322887334,
        "Soil_Moisture": 4559.1295860780665,
        "Soil_Temperature": 28.65459382839258
    },
    "R2": {
        "Temperature": -470.4790937389683,
        "Precipitation_accumulated": -6813945.65733775,
        "Humidity": -99.01139915137898,
        "Soil_Moisture": -379.38531132343593,
        "Soil_Temperature": -232.267239950052
    },
    "SMAPE": {
        "Temperature": 53.22488025376235,
        "Precipitation_accumulated": 54.800030169620186,
        "Humidity": 27.541615349307087,
        "Soil_Moisture": 25.66873231586868,
        "Soil_Temperature": 51.02700411566907
    },
    "WMAPE": {
        "Temperature": 254.1380053285352,
        "Precipitation_accumulated": 38.25665282883187,
        "Humidity": 66.30723848652053,
        "Soil_Moisture": 58.26247749148952,
        "Soil_Temperature": 198.17805804896994
    }
}