{
    "MSE": {
        "Temperature": 44.65366039706456,
        "Precipitation_accumulated": 122.21810409410075,
        "Humidity": 56.050631696327194,
        "Soil_Moisture": 314108.8232083731,
        "Soil_Temperature": 43.03774443124468
    },
    "RMSE": {
        "Temperature": 6.682339440425379,
        "Precipitation_accumulated": 11.055229716930388,
        "Humidity": 7.486696981735483,
        "Soil_Moisture": 560.454122304737,
        "Soil_Temperature": 6.560315878922651
    },
    "MAE": {
        "Temperature": 6.62406019356188,
        "Precipitation_accumulated": 8.502456279532922,
        "Humidity": 6.7318586419205255,
        "Soil_Moisture": 522.6225170614589,
        "Soil_Temperature": 6.533199918036207
    },
    "R2": {
        "Temperature": -75.53416888569612,
        "Precipitation_accumulated": -3024.7715818436654,
        "Humidity": -4.903091121341133,
        "Soil_Moisture": -7.570204941027777,
        "Soil_Temperature": -204.00100601654125
    },
    "SMAPE": {
        "Temperature": 52.747559548273095,
        "Precipitation_accumulated": 1.8833777819207191,
        "Humidity": 7.617199760192779,
        "Soil_Moisture": 8.478122136418433,
        "Soil_Temperature": 50.06752340165696
    },
    "WMAPE": {
        "Temperature": 71.25784915108366,
        "Precipitation_accumulated": 1.854714118370858,
        "Humidity": 7.39050643472242,
        "Soil_Moisture": 8.799883548887065,
        "Soil_Temperature": 66.68467902448833
    }
}