{
    "features_X": [
        "Temperature",
        "Precipitation",
        "Humidity",
        "Wind_Speed_kmh",
        "Soil_Moisture",
        "Soil_Temperature",
        "Wind_Dir_Sin",
        "Wind_Dir_Cos"
    ],
    "features_y": [
        "Temperature",
        "Precipitation",
        "Humidity",
        "Wind_Speed_kmh",
        "Soil_Moisture",
        "Soil_Temperature",
        "Wind_Dir_Sin",
        "Wind_Dir_Cos"
    ],
    "train_size": 31458,
    "window_size": 12,
    "input_size": 8,
    "output_size": 8,
    "hidden_size": 16,
    "num_layers": 3,
    "learning_rate": 0.000997263984924767,
    "batch_size": 16,
    "epochs": 100,
    "final_train_loss": 0.009433163129437575,
    "train_losses": [
        0.02102529214580301,
        0.011741631016112997,
        0.010395923118934657,
        0.01015389596684197,
        0.010058909264868996,
        0.009967819523347715,
        0.009925390841443069,
        0.009911923944787168,
        0.00986570872710814,
        0.009825499450591638,
        0.009824495954776023,
        0.009798948833381916,
        0.009779261912924662,
        0.00976297367664117,
        0.0097600295928642,
        0.009766556025958559,
        0.009727388398747736,
        0.009742286212179463,
        0.009729442544740664,
        0.009740732732797356,
        0.009712594389826593,
        0.009698625667313221,
        0.00958774030323383,
        0.00958759358049061,
        0.00958933656957467,
        0.009593246615756577,
        0.00959019027946602,
        0.009589568675434583,
        0.009529979143728674,
        0.00951823968381045,
        0.009518582146488886,
        0.009525396389549757,
        0.009515307027157803,
        0.009517407466363065,
        0.00951629996246049,
        0.00947904341519027,
        0.009480189363644356,
        0.009477640624171045,
        0.009479435723993342,
        0.009479131469240128,
        0.009482486560203831,
        0.009473555072749527,
        0.009473017252292892,
        0.009478209005154033,
        0.00947370918015866,
        0.009474236338175315,
        0.00947213748453285,
        0.009473066457230634,
        0.009455861961635692,
        0.009453603715745077,
        0.009453498015909735,
        0.009453107823227083,
        0.009453376301029182,
        0.009450636804103851,
        0.009452469722010477,
        0.009442447921424126,
        0.009439941647482913,
        0.009443077704615551,
        0.009441700492009788,
        0.00943966544970174,
        0.009440128591141217,
        0.009438252649371832,
        0.00943649455619824,
        0.009435315674011619,
        0.009435958846122264,
        0.009435974790438803,
        0.009436282548946042,
        0.009433318093830117,
        0.009433712931460966,
        0.009433163129437575
    ],
    "lstm_mse": 253.07988985868005,
    "lstm_rmse": 15.90848483855958
}