{
    "MSE": {
        "Temperature": 2.7322992671700477,
        "Precipitation_accumulated": 309.84114686009224,
        "Humidity": 12.556658402506734,
        "Wind_Speed_kmh": 0.04646241904376065,
        "Soil_Moisture": 45153.73892602869,
        "Soil_Temperature": 4.25180854408609,
        "Wind_Dir_Sin": 0.0857895022401702,
        "Wind_Dir_Cos": 0.1839743211199162
    },
    "RMSE": {
        "Temperature": 1.6529668076431685,
        "Precipitation_accumulated": 17.6023051575665,
        "Humidity": 3.5435375548322803,
        "Wind_Speed_kmh": 0.21555143015939526,
        "Soil_Moisture": 212.49409150851392,
        "Soil_Temperature": 2.0619914025247756,
        "Wind_Dir_Sin": 0.29289845038881684,
        "Wind_Dir_Cos": 0.42892227864721155
    },
    "MAE": {
        "Temperature": 1.0507539373941905,
        "Precipitation_accumulated": 2.562281171228876,
        "Humidity": 2.345339781894741,
        "Wind_Speed_kmh": 0.1192950179016755,
        "Soil_Moisture": 96.70900854648877,
        "Soil_Temperature": 1.198860798539203,
        "Wind_Dir_Sin": 0.16157514832675543,
        "Wind_Dir_Cos": 0.22094700270314774
    },
    "R2": {
        "Temperature": 0.9214081436199635,
        "Precipitation_accumulated": 0.9922283668260246,
        "Humidity": 0.9001935261414046,
        "Wind_Speed_kmh": 0.8584206213422158,
        "Soil_Moisture": 0.9699699644787655,
        "Soil_Temperature": 0.8814186951868197,
        "Wind_Dir_Sin": 0.6395095028677862,
        "Wind_Dir_Cos": 0.7186289522980258
    },
    "SMAPE": {
        "Temperature": 7.3587841660355675,
        "Precipitation_accumulated": 1.4263842369046535,
        "Humidity": 3.0327520372449426,
        "Wind_Speed_kmh": 119.55098256160655,
        "Soil_Moisture": 1.3423702081622435,
        "Soil_Temperature": 8.562848296606422,
        "Wind_Dir_Sin": 136.38233622447768,
        "Wind_Dir_Cos": 44.084276359686065
    }
}