{
    "Temperature": {
        "MSE": 60.80205077599688,
        "RMSE": 7.797566977974404,
        "MAE": 6.441559927169499,
        "R2": -2.121387948102355,
        "SMAPE": 49.347564714561685
    },
    "Precipitation_accumulated": {
        "MSE": 0.5061970739984534,
        "RMSE": 0.711475279963017,
        "MAE": 0.5519969041675766,
        "R2": -0.5990100231447175,
        "SMAPE": 7.621629562652525
    },
    "Humidity": {
        "MSE": 89.54807401500227,
        "RMSE": 9.462984413756702,
        "MAE": 7.532981286094923,
        "R2": -0.1254553037387438,
        "SMAPE": 8.862933268474693
    },
    "Wind_Speed_kmh": {
        "MSE": 0.36496423555437957,
        "RMSE": 0.6041226990888354,
        "MAE": 0.45899420560032905,
        "R2": -0.11132827122313116,
        "SMAPE": 39.329237930137104
    },
    "Soil_Moisture": {
        "MSE": 16813.929390969995,
        "RMSE": 129.66853662693197,
        "MAE": 104.26727306392483,
        "R2": -1.430603469448093,
        "SMAPE": 1.1145256689310368
    },
    "Soil_Temperature": {
        "MSE": 50.53784430658527,
        "RMSE": 7.1089974192276415,
        "MAE": 6.021402693798936,
        "R2": -1.5372043129586839,
        "SMAPE": 46.43584891041845
    },
    "Wind_Dir_Sin": {
        "MSE": 0.9405086930577704,
        "RMSE": 0.969798274414721,
        "MAE": 0.8623346744797965,
        "R2": -2.504339117613161,
        "SMAPE": 164.55399485388736
    },
    "Wind_Dir_Cos": {
        "MSE": 0.19162363917873712,
        "RMSE": 0.4377483742730944,
        "MAE": 0.3021304045194488,
        "R2": -0.09770171477821488,
        "SMAPE": 49.34391101293766
    }
}