{
    "Temperature": {
        "MSE": 5.889626973992236,
        "RMSE": 2.4268553673410858,
        "MAE": 2.0821948319854076,
        "R2": 0.6649601008799408,
        "SMAPE": 16.68063353739766
    },
    "Precipitation_accumulated": {
        "MSE": 0.0084281372807704,
        "RMSE": 0.09180488702008407,
        "MAE": 0.0882191420039173,
        "R2": -6.677957338925654,
        "SMAPE": 1.326783299006081
    },
    "Humidity": {
        "MSE": 30.11744745512819,
        "RMSE": 5.487936538912252,
        "MAE": 4.190452326991917,
        "R2": 0.3417161116121785,
        "SMAPE": 4.854457385103593
    },
    "Wind_Speed_kmh": {
        "MSE": 0.19414206528153732,
        "RMSE": 0.4406155527004662,
        "MAE": 0.3105572483011518,
        "R2": -0.2291450612712298,
        "SMAPE": 26.632934522075544
    },
    "Soil_Moisture": {
        "MSE": 387.2679816983545,
        "RMSE": 19.679125531851117,
        "MAE": 16.33320070372224,
        "R2": -0.16284838048001116,
        "SMAPE": 0.17606917641665606
    },
    "Soil_Temperature": {
        "MSE": 8.714384420755897,
        "RMSE": 2.9520136213703174,
        "MAE": 2.7221912912156725,
        "R2": 0.5150378117200889,
        "SMAPE": 21.82146997880548
    },
    "Wind_Dir_Sin": {
        "MSE": 0.5383652055118358,
        "RMSE": 0.7337337429284793,
        "MAE": 0.6456294613404997,
        "R2": -0.7414205915162417,
        "SMAPE": 146.8123654005835
    },
    "Wind_Dir_Cos": {
        "MSE": 0.0518058787126201,
        "RMSE": 0.22760904795859963,
        "MAE": 0.19254277953884766,
        "R2": -0.15626804951893947,
        "SMAPE": 27.82438027768644
    }
}