{
    "Temperature": {
        "MSE": 81.11532235575054,
        "RMSE": 9.006404518771658,
        "MAE": 7.552437518352657,
        "R2": -0.7499177233966878,
        "SMAPE": 50.708289474299214
    },
    "Precipitation_accumulated": {
        "MSE": 0.8879263222907143,
        "RMSE": 0.9422984252829432,
        "MAE": 0.854810754037833,
        "R2": -2.099220477974733,
        "SMAPE": 11.51896185206633
    },
    "Humidity": {
        "MSE": 155.20277513909997,
        "RMSE": 12.45804058185315,
        "MAE": 10.875653248720866,
        "R2": 0.12809594354211795,
        "SMAPE": 14.103662814794607
    },
    "Wind_Speed_kmh": {
        "MSE": 0.2504445563436781,
        "RMSE": 0.500444358888856,
        "MAE": 0.3912160446458985,
        "R2": -0.055795257850479896,
        "SMAPE": 37.51357090989819
    },
    "Soil_Moisture": {
        "MSE": 15400.387541968106,
        "RMSE": 124.0982979011723,
        "MAE": 110.14517187549713,
        "R2": -2.626236972355927,
        "SMAPE": 1.1802576849727662
    },
    "Soil_Temperature": {
        "MSE": 74.15928508607124,
        "RMSE": 8.61157854786631,
        "MAE": 7.549321145431737,
        "R2": -0.6863649836775005,
        "SMAPE": 49.58234946712188
    },
    "Wind_Dir_Sin": {
        "MSE": 0.8119210995416589,
        "RMSE": 0.9010666454495244,
        "MAE": 0.7825085957898356,
        "R2": -1.7854954397651466,
        "SMAPE": 156.3857460962099
    },
    "Wind_Dir_Cos": {
        "MSE": 0.17947244980573432,
        "RMSE": 0.42364188863441526,
        "MAE": 0.27887839457117963,
        "R2": -0.03497519894141199,
        "SMAPE": 42.170886092104176
    }
}