{
    "Temperature": {
        "MSE": 3.0682465036348123,
        "RMSE": 1.7516410887036227,
        "MAE": 1.555032002106867,
        "R2": 0.0008515270414779508,
        "SMAPE": 17.624817864083056
    },
    "Precipitation_accumulated": {
        "MSE": 0.00689436723786753,
        "RMSE": 0.08303232646305612,
        "MAE": 0.08061892744469674,
        "R2": -20.99372328528973,
        "SMAPE": 1.2151786917115548
    },
    "Humidity": {
        "MSE": 8.513328256118598,
        "RMSE": 2.9177608291494006,
        "MAE": 2.5082406882478665,
        "R2": -1.7104737869810136,
        "SMAPE": 2.6632262825005903
    },
    "Wind_Speed_kmh": {
        "MSE": 0.05722818205010644,
        "RMSE": 0.23922412514231595,
        "MAE": 0.20821069059746675,
        "R2": -0.41063662011621194,
        "SMAPE": 20.45297694335859
    },
    "Soil_Moisture": {
        "MSE": 495.96247890295353,
        "RMSE": 22.270215061892724,
        "MAE": 18.401267401136465,
        "R2": -0.07581391314425057,
        "SMAPE": 0.19842311984536998
    },
    "Soil_Temperature": {
        "MSE": 6.444217530392918,
        "RMSE": 2.5385463419825367,
        "MAE": 2.379240906875823,
        "R2": -1.21380979719634,
        "SMAPE": 25.62279742178148
    },
    "Wind_Dir_Sin": {
        "MSE": 0.7380084822683824,
        "RMSE": 0.8590742006767416,
        "MAE": 0.8456209887159086,
        "R2": -1.6111000170236505,
        "SMAPE": 183.7268011779023
    },
    "Wind_Dir_Cos": {
        "MSE": 0.06111005623711361,
        "RMSE": 0.24720448263960265,
        "MAE": 0.1961550742925787,
        "R2": -0.11591235813240508,
        "SMAPE": 32.34683266122057
    }
}