{
    "Temperature": {
        "MSE": 191.02673586990673,
        "RMSE": 13.821242197064153,
        "MAE": 12.55812306268799,
        "R2": -4.478142294426743,
        "SMAPE": 57.93830092408977
    },
    "Precipitation_accumulated": {
        "MSE": 141882.32115882105,
        "RMSE": 376.67269765516727,
        "MAE": 317.2916014653446,
        "R2": -2.4262855794237295,
        "SMAPE": 141.0742264575623
    },
    "Humidity": {
        "MSE": 332.22898415415676,
        "RMSE": 18.227149644257512,
        "MAE": 16.395370684880564,
        "R2": -1.6485909217986987,
        "SMAPE": 21.62963029957328
    },
    "Wind_Speed_kmh": {
        "MSE": 0.8673456211222107,
        "RMSE": 0.9313139218986317,
        "MAE": 0.8174929046690891,
        "R2": -1.566544627939881,
        "SMAPE": 126.47017386138508
    },
    "Soil_Moisture": {
        "MSE": 4455118.189422534,
        "RMSE": 2110.715089589908,
        "MAE": 1780.1762741154912,
        "R2": -1.8743493647979985,
        "SMAPE": 22.54526545889877
    },
    "Soil_Temperature": {
        "MSE": 1263.7959489203934,
        "RMSE": 35.549907860926915,
        "MAE": 30.57140584690218,
        "R2": -34.27013956044009,
        "SMAPE": 90.21907645747326
    },
    "Wind_Dir_Sin": {
        "MSE": 0.4485078823242695,
        "RMSE": 0.6697073109383453,
        "MAE": 0.5885644187528545,
        "R2": -0.85642880707431,
        "SMAPE": 163.39436145648114
    },
    "Wind_Dir_Cos": {
        "MSE": 1.8572960130721363,
        "RMSE": 1.3628264794434162,
        "MAE": 1.1458534773138018,
        "R2": -1.7854438757218478,
        "SMAPE": 139.39803007585655
    }
}