{
    "Temperature": {
        "MSE": 3.4889553790900503,
        "RMSE": 1.8678745619259476,
        "MAE": 1.6118963619131013,
        "R2": -5.115962993789817,
        "SMAPE": 18.54489599878644
    },
    "Precipitation_accumulated": {
        "MSE": 0.005861681047765035,
        "RMSE": 0.0765616160211175,
        "MAE": 0.07231651648174771,
        "R2": -9.138057773343746,
        "SMAPE": 1.0902623182917874
    },
    "Humidity": {
        "MSE": 7.637795567497911,
        "RMSE": 2.7636561956035544,
        "MAE": 2.2660096726139236,
        "R2": -11.109341657266867,
        "SMAPE": 2.4117819586846476
    },
    "Wind_Speed_kmh": {
        "MSE": 0.0559059942265037,
        "RMSE": 0.23644448444931782,
        "MAE": 0.2088124580431787,
        "R2": -1.1900930672628012,
        "SMAPE": 18.420939729824696
    },
    "Soil_Moisture": {
        "MSE": 86.31534799179525,
        "RMSE": 9.290605361966207,
        "MAE": 8.029777056849829,
        "R2": 0.5296336831666903,
        "SMAPE": 0.08638566739431626
    },
    "Soil_Temperature": {
        "MSE": 7.765435006100727,
        "RMSE": 2.7866530114279975,
        "MAE": 2.6378963688576547,
        "R2": -10.564687962717725,
        "SMAPE": 27.92066960437244
    },
    "Wind_Dir_Sin": {
        "MSE": 0.8201837983445018,
        "RMSE": 0.9056399937858872,
        "MAE": 0.9021012094578079,
        "R2": -12.993000242078883,
        "SMAPE": 200.0
    },
    "Wind_Dir_Cos": {
        "MSE": 0.033484647942050444,
        "RMSE": 0.18298810874494126,
        "MAE": 0.1447899405174876,
        "R2": -0.22500639393403654,
        "SMAPE": 20.672511799564102
    }
}