{
    "Temperature": {
        "MSE": 0.9451515765555826,
        "RMSE": 0.9721890642028342,
        "MAE": 0.9625604619369588,
        "R2": -3.591596501876931,
        "SMAPE": 10.582928414723753
    },
    "Precipitation_accumulated": {
        "MSE": 0.005039349559046963,
        "RMSE": 0.07098837622489307,
        "MAE": 0.06289282606510642,
        "R2": -4.241914465126009,
        "SMAPE": 0.9479684263706988
    },
    "Humidity": {
        "MSE": 1.26149498965685,
        "RMSE": 1.123162939940973,
        "MAE": 0.9046798742662977,
        "R2": -4.107414050986963,
        "SMAPE": 0.96229746351142
    },
    "Wind_Speed_kmh": {
        "MSE": 0.0760464523404324,
        "RMSE": 0.27576521234635887,
        "MAE": 0.23133187730370355,
        "R2": -3.6150496681210207,
        "SMAPE": 20.876737039283814
    },
    "Soil_Moisture": {
        "MSE": 120.14705245358552,
        "RMSE": 10.96116109057729,
        "MAE": 9.576029822866985,
        "R2": -0.5611371356874499,
        "SMAPE": 0.10291336624137247
    },
    "Soil_Temperature": {
        "MSE": 4.8208127007314046,
        "RMSE": 2.195634919728552,
        "MAE": 2.102723347713331,
        "R2": -20.84705046018756,
        "SMAPE": 21.240247751895875
    },
    "Wind_Dir_Sin": {
        "MSE": 0.7966738926162956,
        "RMSE": 0.8925659037943896,
        "MAE": 0.8861873260608899,
        "R2": -10.571817027011384,
        "SMAPE": 200.0
    },
    "Wind_Dir_Cos": {
        "MSE": 0.05993394039170182,
        "RMSE": 0.24481409353160577,
        "MAE": 0.21154464065857748,
        "R2": -0.8278332018465349,
        "SMAPE": 28.31046173715882
    }
}