{
    "Temperature": {
        "MSE": 191.7457486709674,
        "RMSE": 13.847228916681035,
        "MAE": 12.061024215039065,
        "R2": -3.182685721640114,
        "SMAPE": 60.26251909127
    },
    "Precipitation_accumulated": {
        "MSE": 115291.39802485671,
        "RMSE": 339.54587028096324,
        "MAE": 258.8809282337574,
        "R2": -1.3801108892483795,
        "SMAPE": 118.25022823927875
    },
    "Humidity": {
        "MSE": 329.62002819409963,
        "RMSE": 18.155440732576547,
        "MAE": 15.636274606417935,
        "R2": -0.8754579350676024,
        "SMAPE": 20.261019598442154
    },
    "Wind_Speed_kmh": {
        "MSE": 0.5755963461746624,
        "RMSE": 0.758680661526747,
        "MAE": 0.6327251561547579,
        "R2": -0.6265968291574773,
        "SMAPE": 93.99642810460377
    },
    "Soil_Moisture": {
        "MSE": 3297827.001164581,
        "RMSE": 1815.992015721595,
        "MAE": 1392.8149149752303,
        "R2": -1.0612699623015338,
        "SMAPE": 17.414398077613278
    },
    "Soil_Temperature": {
        "MSE": 768.8179294497528,
        "RMSE": 27.727566237406283,
        "MAE": 22.543633540786605,
        "R2": -15.832218468038338,
        "SMAPE": 80.66253959335874
    },
    "Wind_Dir_Sin": {
        "MSE": 0.5290658877447081,
        "RMSE": 0.7273691550682556,
        "MAE": 0.6207052864923418,
        "R2": -0.5198756286280117,
        "SMAPE": 147.22687109976033
    },
    "Wind_Dir_Cos": {
        "MSE": 1.2532006014113564,
        "RMSE": 1.1194644261482167,
        "MAE": 0.8587779489400648,
        "R2": -0.9244542897200068,
        "SMAPE": 112.63216002602651
    }
}