{
    "Temperature": {
        "MSE": 107.53040235027592,
        "RMSE": 10.36968670453818,
        "MAE": 8.778505689971805,
        "R2": -1.2643744893257813,
        "SMAPE": 50.44204347338715
    },
    "Precipitation_accumulated": {
        "MSE": 15830.138409793917,
        "RMSE": 125.81787794186451,
        "MAE": 40.6898245975266,
        "R2": -0.11458349336747697,
        "SMAPE": 32.440264296860605
    },
    "Humidity": {
        "MSE": 158.80308808113836,
        "RMSE": 12.601709728490748,
        "MAE": 11.25977150803827,
        "R2": 0.1481589276302968,
        "SMAPE": 15.327345221247242
    },
    "Wind_Speed_kmh": {
        "MSE": 0.21350296275300135,
        "RMSE": 0.4620638080968919,
        "MAE": 0.3703222022117176,
        "R2": -0.013103844259990893,
        "SMAPE": 37.837979197588375
    },
    "Soil_Moisture": {
        "MSE": 451096.16028616106,
        "RMSE": 671.6369259400209,
        "MAE": 308.9439253511557,
        "R2": -0.045864297459751624,
        "SMAPE": 3.6338897499176905
    },
    "Soil_Temperature": {
        "MSE": 199.51609107532508,
        "RMSE": 14.125016498231961,
        "MAE": 11.45839350139541,
        "R2": -3.2734024516869518,
        "SMAPE": 56.564910289085866
    },
    "Wind_Dir_Sin": {
        "MSE": 0.9060854064128718,
        "RMSE": 0.9518851855202243,
        "MAE": 0.8447356596619182,
        "R2": -2.004019423562856,
        "SMAPE": 163.14114482087777
    },
    "Wind_Dir_Cos": {
        "MSE": 0.3220771509890258,
        "RMSE": 0.5675184146695381,
        "MAE": 0.37051361419973505,
        "R2": -0.15525140855082964,
        "SMAPE": 55.01878164918709
    }
}