{
    "Temperature": {
        "MSE": 26.90735092446322,
        "RMSE": 5.187229600129844,
        "MAE": 4.180233214169089,
        "R2": -0.7926289643285962,
        "SMAPE": 31.3181647097857
    },
    "Precipitation_accumulated": {
        "MSE": 0.12952620126021774,
        "RMSE": 0.35989748715463094,
        "MAE": 0.2714412408790957,
        "R2": -0.10954892446629483,
        "SMAPE": 3.893186024957172
    },
    "Humidity": {
        "MSE": 63.02535195319167,
        "RMSE": 7.938850795498784,
        "MAE": 6.202274828531766,
        "R2": -0.05024878775094943,
        "SMAPE": 7.214065817868465
    },
    "Wind_Speed_kmh": {
        "MSE": 0.24163041126918716,
        "RMSE": 0.491559163549198,
        "MAE": 0.39929179815993504,
        "R2": -0.16642365931696856,
        "SMAPE": 36.272879572626906
    },
    "Soil_Moisture": {
        "MSE": 9036.494347427944,
        "RMSE": 95.06047731538037,
        "MAE": 67.01380477779018,
        "R2": -0.6154177376587118,
        "SMAPE": 0.7172729508291815
    },
    "Soil_Temperature": {
        "MSE": 24.374444069708215,
        "RMSE": 4.937048112962666,
        "MAE": 4.108171464460188,
        "R2": -0.6111443788010216,
        "SMAPE": 30.28373175508209
    },
    "Wind_Dir_Sin": {
        "MSE": 0.8163260621427627,
        "RMSE": 0.9035076436548629,
        "MAE": 0.8111143337592139,
        "R2": -2.1421218712200947,
        "SMAPE": 165.94772868800084
    },
    "Wind_Dir_Cos": {
        "MSE": 0.06580699065251715,
        "RMSE": 0.2565287326061491,
        "MAE": 0.21449023328996852,
        "R2": -0.04848308835920978,
        "SMAPE": 33.68948321977058
    }
}