{
    "average": {
        "MSE": {
            "Temperature": 25.403115976213673,
            "Humidity": 151.02186352832155,
            "Wind_Speed_kmh": 0.7962337352169984,
            "Soil_Moisture": 943545.4362814104,
            "Soil_Temperature": 28.013299237314435,
            "Wind_Dir_Sin": 0.45518680758201685,
            "Wind_Dir_Cos": 0.7259923869216511,
            "Precipitation_accumulated": 12831.577950522751
        },
        "RMSE": {
            "Temperature": 4.50595901905163,
            "Humidity": 11.789052176356128,
            "Wind_Speed_kmh": 0.7969312776994271,
            "Soil_Moisture": 819.3611191200114,
            "Soil_Temperature": 4.795772463005836,
            "Wind_Dir_Sin": 0.5886668777256666,
            "Wind_Dir_Cos": 0.7626675976550198,
            "Precipitation_accumulated": 64.78035267953231
        },
        "MAE": {
            "Temperature": 3.673212454817917,
            "Humidity": 9.67995356121876,
            "Wind_Speed_kmh": 0.5666152153119863,
            "Soil_Moisture": 640.7705919821734,
            "Soil_Temperature": 3.9124228155569263,
            "Wind_Dir_Sin": 0.47939765958484354,
            "Wind_Dir_Cos": 0.6005644807919509,
            "Precipitation_accumulated": 39.98256103559136
        },
        "R2": {
            "Temperature": -1.9438446795225777,
            "Humidity": -1.8735715627262757,
            "Wind_Speed_kmh": -Infinity,
            "Soil_Moisture": -30.455718858291014,
            "Soil_Temperature": -5.632984408086665,
            "Wind_Dir_Sin": -Infinity,
            "Wind_Dir_Cos": -Infinity,
            "Precipitation_accumulated": -106714.88382861007
        },
        "SMAPE": {
            "Temperature": 33.67691346247733,
            "Humidity": 11.96655344231202,
            "Wind_Speed_kmh": 155.93931823560047,
            "Soil_Moisture": 8.958697660345626,
            "Soil_Temperature": 41.207500077933915,
            "Wind_Dir_Sin": 173.84235256596224,
            "Wind_Dir_Cos": 93.35597002390008,
            "Precipitation_accumulated": 20.836411269830933
        },
        "WMAPE": {
            "Temperature": 31.75752943724519,
            "Humidity": 11.62454586595654,
            "Wind_Speed_kmh": Infinity,
            "Soil_Moisture": 9.205620495676822,
            "Soil_Temperature": 35.87247753388054,
            "Wind_Dir_Sin": Infinity,
            "Wind_Dir_Cos": 79.33214611059974,
            "Precipitation_accumulated": 22.20437926257552
        }
    },
    "best_fold": {
        "MSE": {
            "Temperature": 17.071734231297192,
            "Humidity": 153.99942158421464,
            "Wind_Speed_kmh": 1.6364488951879725,
            "Soil_Moisture": 36746.16091582997,
            "Soil_Temperature": 20.647607610216326,
            "Wind_Dir_Sin": 0.9538932319460598,
            "Wind_Dir_Cos": 0.5592973269722352,
            "Precipitation_accumulated": 623.2653399961655
        },
        "RMSE": {
            "Temperature": 4.131795521476976,
            "Humidity": 12.409650340932844,
            "Wind_Speed_kmh": 1.279237622644039,
            "Soil_Moisture": 191.69288175576568,
            "Soil_Temperature": 4.543963865417101,
            "Wind_Dir_Sin": 0.9766745783248686,
            "Wind_Dir_Cos": 0.7478618368203015,
            "Precipitation_accumulated": 24.965282694096725
        },
        "MAE": {
            "Temperature": 3.251418793480954,
            "Humidity": 9.893213921324994,
            "Wind_Speed_kmh": 1.0130096394946193,
            "Soil_Moisture": 155.63246499348497,
            "Soil_Temperature": 4.076090395781925,
            "Wind_Dir_Sin": 0.8099821741188089,
            "Wind_Dir_Cos": 0.5976822689896091,
            "Precipitation_accumulated": 19.98221252817579
        },
        "R2": {
            "Temperature": 0.36660256948822,
            "Humidity": 0.022141261312434768,
            "Wind_Speed_kmh": -0.2875367291660933,
            "Soil_Moisture": -5.16375796166114,
            "Soil_Temperature": -0.6969572917439975,
            "Wind_Dir_Sin": -0.72828741893541,
            "Wind_Dir_Cos": -0.5951572601374424,
            "Precipitation_accumulated": -507.11837878563904
        },
        "SMAPE": {
            "Temperature": 43.92421384231727,
            "Humidity": 11.54086615228339,
            "Wind_Speed_kmh": 77.0765781297111,
            "Soil_Moisture": 1.7789131364511215,
            "Soil_Temperature": 73.69669271772501,
            "Wind_Dir_Sin": 141.38724508441243,
            "Wind_Dir_Cos": 119.04500846026528,
            "Precipitation_accumulated": 4.439273801729451
        },
        "WMAPE": {
            "Temperature": 31.578386681901808,
            "Humidity": 11.516559695453092,
            "Wind_Speed_kmh": 68.59405693887943,
            "Soil_Moisture": 1.795375365111739,
            "Soil_Temperature": 45.44855105747386,
            "Wind_Dir_Sin": 114.08591061748646,
            "Wind_Dir_Cos": 106.01159490976325,
            "Precipitation_accumulated": 4.294377287117916
        }
    },
    "all_folds": {
        "fold_1": {
            "MSE": {
                "Temperature": 50.73715899186223,
                "Humidity": 217.40505320281198,
                "Wind_Speed_kmh": 1.1882881713737543,
                "Soil_Moisture": 1781276.2776346866,
                "Soil_Temperature": 68.0715785512847,
                "Wind_Dir_Sin": 0.6729203370920646,
                "Wind_Dir_Cos": 1.3679166105152574,
                "Precipitation_accumulated": 62477.35085736597
            },
            "RMSE": {
                "Temperature": 7.1230021052827315,
                "Humidity": 14.744661854475062,
                "Wind_Speed_kmh": 1.0900863137264656,
                "Soil_Moisture": 1334.6446259715306,
                "Soil_Temperature": 8.250550196882914,
                "Wind_Dir_Sin": 0.8203172173568373,
                "Wind_Dir_Cos": 1.1695796725812473,
                "Precipitation_accumulated": 249.95469761011887
            },
            "MAE": {
                "Temperature": 5.895503959971494,
                "Humidity": 12.262977176917685,
                "Wind_Speed_kmh": 0.8666783564226563,
                "Soil_Moisture": 1087.4205096785765,
                "Soil_Temperature": 6.644466949343531,
                "Wind_Dir_Sin": 0.6763897408797382,
                "Wind_Dir_Cos": 0.9820432233513795,
                "Precipitation_accumulated": 140.12444484519864
            },
            "R2": {
                "Temperature": -0.09691909519013575,
                "Humidity": 0.29652869085267397,
                "Wind_Speed_kmh": -1.4263186318035856,
                "Soil_Moisture": -0.426478274029638,
                "Soil_Temperature": -0.20812579038307644,
                "Wind_Dir_Sin": -0.8434414194129276,
                "Wind_Dir_Cos": -1.3963277859216494,
                "Precipitation_accumulated": -0.4573000582166944
            },
            "SMAPE": {
                "Temperature": 36.415966443145265,
                "Humidity": 17.29671608740455,
                "Wind_Speed_kmh": 142.44447879167757,
                "Soil_Moisture": 13.637377716982185,
                "Soil_Temperature": 39.079546535744896,
                "Wind_Dir_Sin": 139.52762613114854,
                "Wind_Dir_Cos": 140.03859731813017,
                "Precipitation_accumulated": 90.80810371881527
            },
            "WMAPE": {
                "Temperature": 35.886638216199835,
                "Humidity": 16.0988154296832,
                "Wind_Speed_kmh": 94.5666752020805,
                "Soil_Moisture": 13.663730242789041,
                "Soil_Temperature": 40.82079556276048,
                "Wind_Dir_Sin": 134.6259093444889,
                "Wind_Dir_Cos": 132.47682373454904,
                "Precipitation_accumulated": 98.05053494852386
            }
        },