{
    "average": {
        "MSE": {
            "Temperature": 12.365248762541778,
            "Humidity": 65.37630431623741,
            "Wind_Speed_kmh": 0.4636211605468571,
            "Soil_Moisture": 395364.4924780965,
            "Soil_Temperature": 10.53471820082439,
            "Wind_Dir_Sin": 0.3039885253497208,
            "Wind_Dir_Cos": 0.23420623125978737,
            "Precipitation_accumulated": 13070.279241586852
        },
        "RMSE": {
            "Temperature": 3.19328090931327,
            "Humidity": 7.498673772885139,
            "Wind_Speed_kmh": 0.5325463159226554,
            "Soil_Moisture": 502.94749875195055,
            "Soil_Temperature": 2.707934699474167,
            "Wind_Dir_Sin": 0.4733313234737656,
            "Wind_Dir_Cos": 0.39924616826069725,
            "Precipitation_accumulated": 54.75003070345231
        },
        "MAE": {
            "Temperature": 2.6969103801108676,
            "Humidity": 5.750734720982978,
            "Wind_Speed_kmh": 0.38069246345486846,
            "Soil_Moisture": 376.38471560186804,
            "Soil_Temperature": 2.303342593109985,
            "Wind_Dir_Sin": 0.395140830326418,
            "Wind_Dir_Cos": 0.3064114029715199,
            "Precipitation_accumulated": 32.884725448849125
        },
        "R2": {
            "Temperature": -1.056602838346033,
            "Humidity": 0.026684878480635433,
            "Wind_Speed_kmh": -Infinity,
            "Soil_Moisture": -2.0290545821231754,
            "Soil_Temperature": -0.6406714002908536,
            "Wind_Dir_Sin": -Infinity,
            "Wind_Dir_Cos": -Infinity,
            "Precipitation_accumulated": -4613.916327255694
        },
        "SMAPE": {
            "Temperature": 28.874531319528366,
            "Humidity": 7.05105565725462,
            "Wind_Speed_kmh": 137.90739518158998,
            "Soil_Moisture": 5.28316834189862,
            "Soil_Temperature": 25.6090931500063,
            "Wind_Dir_Sin": 176.03150692009322,
            "Wind_Dir_Cos": 60.39156613960962,
            "Precipitation_accumulated": 20.512567547046434
        },
        "WMAPE": {
            "Temperature": 32.03850249925275,
            "Humidity": 6.930177569044849,
            "Wind_Speed_kmh": Infinity,
            "Soil_Moisture": 5.363291207507375,
            "Soil_Temperature": 29.64584627124261,
            "Wind_Dir_Sin": Infinity,
            "Wind_Dir_Cos": 44.56424810296049,
            "Precipitation_accumulated": 20.438481418222445
        }
    },
    "best_fold": {
        "MSE": {
            "Temperature": 14.89145658275051,
            "Humidity": 98.21780600251347,
            "Wind_Speed_kmh": 1.306446594139083,
            "Soil_Moisture": 9728.827033699308,
            "Soil_Temperature": 3.4548390935425175,
            "Wind_Dir_Sin": 0.6312840972422734,
            "Wind_Dir_Cos": 0.4080666649385552,
            "Precipitation_accumulated": 56.972224646401166
        },
        "RMSE": {
            "Temperature": 3.858945009034271,
            "Humidity": 9.910489695394142,
            "Wind_Speed_kmh": 1.1429989475669184,
            "Soil_Moisture": 98.63481653908678,
            "Soil_Temperature": 1.8587197458311238,
            "Wind_Dir_Sin": 0.7945338867803395,
            "Wind_Dir_Cos": 0.638800958780241,
            "Precipitation_accumulated": 7.547994743400473
        },
        "MAE": {
            "Temperature": 3.0684699830404347,
            "Humidity": 7.49579410519828,
            "Wind_Speed_kmh": 0.8684153048937862,
            "Soil_Moisture": 74.09686961328038,
            "Soil_Temperature": 1.4965192852798375,
            "Wind_Dir_Sin": 0.7173050562535925,
            "Wind_Dir_Cos": 0.5062478158516398,
            "Precipitation_accumulated": 7.488134735852799
        },
        "R2": {
            "Temperature": 0.449268947532962,
            "Humidity": 0.38379438379000397,
            "Wind_Speed_kmh": -0.07665088439264567,
            "Soil_Moisture": -0.6711169770752567,
            "Soil_Temperature": 0.7077723666088107,
            "Wind_Dir_Sin": -0.14053699798202235,
            "Wind_Dir_Cos": -0.19010108187463137,
            "Precipitation_accumulated": -62.29805333573639
        },
        "SMAPE": {
            "Temperature": 32.96034215995418,
            "Humidity": 9.028103339291876,
            "Wind_Speed_kmh": 76.16486606850614,
            "Soil_Moisture": 0.8549382271393426,
            "Soil_Temperature": 18.277192280244492,
            "Wind_Dir_Sin": 162.00323668079042,
            "Wind_Dir_Cos": 106.39755979056119,
            "Precipitation_accumulated": 1.6216807125823385
        },
        "WMAPE": {
            "Temperature": 29.342570245363945,
            "Humidity": 8.729800360713106,
            "Wind_Speed_kmh": 60.061186004747285,
            "Soil_Moisture": 0.8543896691730752,
            "Soil_Temperature": 16.354320356749138,
            "Wind_Dir_Sin": 101.02708557408182,
            "Wind_Dir_Cos": 89.91657369750251,
            "Precipitation_accumulated": 1.608843539908219
        }
    },
    "all_folds": {
        "fold_1": {
            "MSE": {
                "Temperature": 11.53726731037765,
                "Humidity": 117.66241708504654,
                "Wind_Speed_kmh": 0.3394726783897238,
                "Soil_Moisture": 1219145.1904965264,
                "Soil_Temperature": 12.887058290417873,
                "Wind_Dir_Sin": 0.4596596698054376,
                "Wind_Dir_Cos": 0.39298825093942125,
                "Precipitation_accumulated": 65250.94869448736
            },
            "RMSE": {
                "Temperature": 3.39665531227083,
                "Humidity": 10.847230848702656,
                "Wind_Speed_kmh": 0.5826428394734837,
                "Soil_Moisture": 1104.1490798332109,
                "Soil_Temperature": 3.589854912168161,
                "Wind_Dir_Sin": 0.6779820571412178,
                "Wind_Dir_Cos": 0.626887749871874,
                "Precipitation_accumulated": 255.44265245742997
            },
            "MAE": {
                "Temperature": 2.7030014026172178,
                "Humidity": 8.730921716114414,
                "Wind_Speed_kmh": 0.45914405373546735,
                "Soil_Moisture": 852.7110035247672,
                "Soil_Temperature": 2.80402083265582,
                "Wind_Dir_Sin": 0.5378348556219632,
                "Wind_Dir_Cos": 0.5099039134773691,
                "Precipitation_accumulated": 146.35440783239818
            },
            "R2": {
                "Temperature": 0.7432091849748511,
                "Humidity": 0.6195339178698518,
                "Wind_Speed_kmh": 0.3167890596673011,
                "Soil_Moisture": 0.0435832185935916,
                "Soil_Temperature": 0.7633730223120878,
                "Wind_Dir_Sin": -0.2643349064077658,
                "Wind_Dir_Cos": 0.31334520930605714,
                "Precipitation_accumulated": -0.4886823067469468
            },
            "SMAPE": {
                "Temperature": 19.59664345412607,
                "Humidity": 12.19839924387315,
                "Wind_Speed_kmh": 69.7252538413658,
                "Soil_Moisture": 11.041981038128746,
                "Soil_Temperature": 20.051679958115294,
                "Wind_Dir_Sin": 141.14530882928062,
                "Wind_Dir_Cos": 100.05758285856635,
                "Precipitation_accumulated": 98.62504696646288
            },
            "WMAPE": {
                "Temperature": 16.690456890227374,
                "Humidity": 11.392994819325411,
                "Wind_Speed_kmh": 50.699847064518636,
                "Soil_Moisture": 10.759322354956051,
                "Soil_Temperature": 17.49719571505544,
                "Wind_Dir_Sin": 108.18058691289711,
                "Wind_Dir_Cos": 68.53619277436238,
                "Precipitation_accumulated": 98.27730412407035
            }
        },