{
    "average": {
        "MSE": {
            "Temperature": 21.289006006957205,
            "Precipitation_accumulated": 21944.746630702277,
            "Humidity": 179.381848593023,
            "Soil_Moisture": 775089.625653293,
            "Soil_Temperature": 23.43653217381208
        },
        "RMSE": {
            "Temperature": 4.215526576527024,
            "Precipitation_accumulated": 96.41769651939212,
            "Humidity": 12.133346625964515,
            "Soil_Moisture": 809.0984250801605,
            "Soil_Temperature": 4.425116062582493
        },
        "MAE": {
            "Temperature": 3.4438473075532436,
            "Precipitation_accumulated": 56.11038559066782,
            "Humidity": 9.861210626138298,
            "Soil_Moisture": 627.5248684305207,
            "Soil_Temperature": 3.6600533494100818
        },
        "R2": {
            "Temperature": -1.7635514120542157,
            "Precipitation_accumulated": -6969.90586245506,
            "Humidity": -1.1165376871027708,
            "Soil_Moisture": -22.084963321542737,
            "Soil_Temperature": -2.7857621116752482
        },
        "SMAPE": {
            "Temperature": 31.599226636023218,
            "Precipitation_accumulated": 27.613949883970445,
            "Humidity": 12.513316897161122,
            "Soil_Moisture": 8.725980006991037,
            "Soil_Temperature": 37.71814242111984
        },
        "WMAPE": {
            "Temperature": 30.74025811267963,
            "Precipitation_accumulated": 25.956484908371444,
            "Humidity": 11.94803442782877,
            "Soil_Moisture": 8.957418212038354,
            "Soil_Temperature": 34.62699526041577
        }
    },
    "best_fold": {
        "MSE": {
            "Temperature": 4.168965355959514,
            "Precipitation_accumulated": 24.362446544987485,
            "Humidity": 10.918324638715285,
            "Soil_Moisture": 242825.22434686255,
            "Soil_Temperature": 2.2882625735436166
        },
        "RMSE": {
            "Temperature": 2.0418044362669785,
            "Precipitation_accumulated": 4.935832912993256,
            "Humidity": 3.3042888249539093,
            "Soil_Moisture": 492.7729947418614,
            "Soil_Temperature": 1.51270042425578
        },
        "MAE": {
            "Temperature": 1.873534712567927,
            "Precipitation_accumulated": 4.8211263514618965,
            "Humidity": 2.7662503132529377,
            "Soil_Moisture": 449.83725471630186,
            "Soil_Temperature": 1.3746368210032172
        },
        "R2": {
            "Temperature": -6.1454007531395245,
            "Precipitation_accumulated": -602.1446729303881,
            "Humidity": -0.14988650946718307,
            "Soil_Moisture": -5.625289656773276,
            "Soil_Temperature": -9.899644853736461
        },
        "SMAPE": {
            "Temperature": 18.5313759386217,
            "Precipitation_accumulated": 1.057417729757175,
            "Humidity": 3.0393232379017863,
            "Soil_Moisture": 7.347359756871458,
            "Soil_Temperature": 13.126543257917834
        },
        "WMAPE": {
            "Temperature": 20.15441436616786,
            "Precipitation_accumulated": 1.0516738712354043,
            "Humidity": 3.0369013711666852,
            "Soil_Moisture": 7.574330091462545,
            "Soil_Temperature": 14.030982724220156
        }
    },
    "all_folds": {
        "fold_1": {
            "MSE": {
                "Temperature": 52.5675720852467,
                "Precipitation_accumulated": 59102.80170505101,
                "Humidity": 431.37350984469134,
                "Soil_Moisture": 1369201.417255142,
                "Soil_Temperature": 52.50438395870162
            },
            "RMSE": {
                "Temperature": 7.250349790544364,
                "Precipitation_accumulated": 243.11067789188326,
                "Humidity": 20.769533212007712,
                "Soil_Moisture": 1170.1288037028837,
                "Soil_Temperature": 7.245990888670894
            },
            "MAE": {
                "Temperature": 5.634992378325017,
                "Precipitation_accumulated": 132.55366009768835,
                "Humidity": 15.425206305854996,
                "Soil_Moisture": 906.77014161715,
                "Soil_Temperature": 5.763660727846003
            },
            "R2": {
                "Temperature": -0.14106960183434492,
                "Precipitation_accumulated": -0.42195376029475784,
                "Humidity": -0.42639583251411084,
                "Soil_Moisture": -0.11705387838678938,
                "Soil_Temperature": 0.07655539091066532
            },
            "SMAPE": {
                "Temperature": 32.5501648916173,
                "Precipitation_accumulated": 85.51823539808895,
                "Humidity": 22.365376535320326,
                "Soil_Moisture": 11.563099158892118,
                "Soil_Temperature": 33.425708236578956
            },
            "WMAPE": {
                "Temperature": 34.098122021443764,
                "Precipitation_accumulated": 97.92576590837564,
                "Humidity": 20.23956272485184,
                "Soil_Moisture": 11.322677060687012,
                "Soil_Temperature": 35.12888896207637
            }
        },
        "fold_2": {
            "MSE": {
                "Temperature": 29.109692788466266,
                "Precipitation_accumulated": 19.936506131034843,
                "Humidity": 101.63185140637677,
                "Soil_Moisture": 413172.0321315688,
                "Soil_Temperature": 33.75230749444462
            },
            "RMSE": {
                "Temperature": 5.395339914080138,
                "Precipitation_accumulated": 4.4650314815278564,
                "Humidity": 10.08126239150518,
                "Soil_Moisture": 642.7845923258964,
                "Soil_Temperature": 5.809673613417936
            },
            "MAE": {
                "Temperature": 4.582463154667518,
                "Precipitation_accumulated": 3.9917563754749166,
                "Humidity": 8.69503522795931,
                "Soil_Moisture": 564.5271611090284,
                "Soil_Temperature": 4.857412487010346
            },
            "R2": {
                "Temperature": -2.516251039647714,
                "Precipitation_accumulated": -3288.3369307809885,
                "Humidity": -3.8831437675094858,
                "Soil_Moisture": -71.51352844624539,
                "Soil_Temperature": -2.7915319091207373
            },
            "SMAPE": {
                "Temperature": 29.04061344275254,
                "Precipitation_accumulated": 0.8667635543970724,
                "Humidity": 9.99645866842792,
                "Soil_Moisture": 8.399210040925732,
                "Soil_Temperature": 30.41965882329
            },
            "WMAPE": {
                "Temperature": 29.368368833652696,
                "Precipitation_accumulated": 0.8713417605459485,
                "Humidity": 10.108978505128048,
                "Soil_Moisture": 8.850291648048673,
                "Soil_Temperature": 31.10773726948718
            }
        },
        "fold_3": {
            "MSE": {
                "Temperature": 4.168965355959514,
                "Precipitation_accumulated": 24.362446544987485,
                "Humidity": 10.918324638715285,
                "Soil_Moisture": 242825.22434686255,
                "Soil_Temperature": 2.2882625735436166
            },
            "RMSE": {
                "Temperature": 2.0418044362669785,
                "Precipitation_accumulated": 4.935832912993256,
                "Humidity": 3.3042888249539093,
                "Soil_Moisture": 492.7729947418614,
                "Soil_Temperature": 1.51270042425578
            },
            "MAE": {
                "Temperature": 1.873534712567927,
                "Precipitation_accumulated": 4.8211263514618965,
                "Humidity": 2.7662503132529377,