{
    "MSE": {
        "Temperature": 20.382102585383997,
        "Precipitation_accumulated": 0.7888870990195211,
        "Humidity": 268.16117386627604,
        "Wind_Speed_kmh": 0.638558005928958,
        "Soil_Moisture": 323983.49371729995,
        "Soil_Temperature": 25.48562616707888,
        "Wind_Dir_Sin": 0.25174686177537825,
        "Wind_Dir_Cos": 0.37425564987981136
    },
    "RMSE": {
        "Temperature": 4.514654204408572,
        "Precipitation_accumulated": 0.888193165375371,
        "Humidity": 16.37562743427793,
        "Wind_Speed_kmh": 0.7990982454798395,
        "Soil_Moisture": 569.1954793542372,
        "Soil_Temperature": 5.048329047029213,
        "Wind_Dir_Sin": 0.5017438208641719,
        "Wind_Dir_Cos": 0.611764374477471
    },
    "MAE": {
        "Temperature": 3.51635301349574,
        "Precipitation_accumulated": 0.4113740176393544,
        "Humidity": 12.825969165144851,
        "Wind_Speed_kmh": 0.6707787337960193,
        "Soil_Moisture": 363.83883891011925,
        "Soil_Temperature": 3.9239900666749024,
        "Wind_Dir_Sin": 0.42087585612600614,
        "Wind_Dir_Cos": 0.5095764597667402
    },
    "R2": {
        "Temperature": 0.5938571320548794,
        "Precipitation_accumulated": -0.2739054821368829,
        "Humidity": 0.13612940016913733,
        "Wind_Speed_kmh": -0.5310677540865767,
        "Soil_Moisture": 0.46845710391274975,
        "Soil_Temperature": 0.6523516783966676,
        "Wind_Dir_Sin": 0.20529718141879616,
        "Wind_Dir_Cos": 0.03865928278567077
    },
    "SMAPE": {
        "Temperature": 21.8004141650295,
        "Precipitation_accumulated": 12.193277262564507,
        "Humidity": 19.598890062744633,
        "Wind_Speed_kmh": 59.28203873001278,
        "Soil_Moisture": 4.667624506406978,
        "Soil_Temperature": 22.401616998299282,
        "Wind_Dir_Sin": 109.38801179950342,
        "Wind_Dir_Cos": 103.97294016317701
    }
}