{
    "MSE": {
        "Temperature": 21.644366922234553,
        "Precipitation_accumulated": 0.7888322702056692,
        "Humidity": 273.3658942751049,
        "Wind_Speed_kmh": 0.599994782103433,
        "Soil_Moisture": 317583.2228058067,
        "Soil_Temperature": 26.103499141720267,
        "Wind_Dir_Sin": 0.2602197268086569,
        "Wind_Dir_Cos": 0.3444594903081476
    },
    "RMSE": {
        "Temperature": 4.652350687795853,
        "Precipitation_accumulated": 0.8881622994732827,
        "Humidity": 16.5337803987807,
        "Wind_Speed_kmh": 0.7745933010964096,
        "Soil_Moisture": 563.5452269390689,
        "Soil_Temperature": 5.10915835942871,
        "Wind_Dir_Sin": 0.5101173657195537,
        "Wind_Dir_Cos": 0.5869067134631769
    },
    "MAE": {
        "Temperature": 3.6302998115273586,
        "Precipitation_accumulated": 0.41133632329712266,
        "Humidity": 13.02687761560565,
        "Wind_Speed_kmh": 0.6477991250970625,
        "Soil_Moisture": 360.3032867978504,
        "Soil_Temperature": 4.000577938899462,
        "Wind_Dir_Sin": 0.4304084097950142,
        "Wind_Dir_Cos": 0.49121799426518276
    },
    "R2": {
        "Temperature": 0.5687046898215173,
        "Precipitation_accumulated": -0.2738169438319318,
        "Humidity": 0.11936259952942563,
        "Wind_Speed_kmh": -0.4386048800098665,
        "Soil_Moisture": 0.4789576960787403,
        "Soil_Temperature": 0.6439232999377695,
        "Wind_Dir_Sin": 0.17855043400784898,
        "Wind_Dir_Cos": 0.11519589999386715
    },
    "SMAPE": {
        "Temperature": 22.437126608778026,
        "Precipitation_accumulated": 12.191848203206561,
        "Humidity": 19.860748674137,
        "Wind_Speed_kmh": 58.16873564514499,
        "Soil_Moisture": 4.62480832198232,
        "Soil_Temperature": 22.861779396135354,
        "Wind_Dir_Sin": 113.04809326751752,
        "Wind_Dir_Cos": 102.21861444324453
    }
}