{
    "Temperature": {
        "MSE": 70.09723297885772,
        "RMSE": 8.372409030790225,
        "MAE": 7.329859890082333,
        "R2": -0.31238496895482615,
        "SMAPE": 36.78163843897029
    },
    "Precipitation_accumulated": {
        "MSE": 0.0036668704502870082,
        "RMSE": 0.06055468974643507,
        "MAE": 0.06029101558252816,
        "R2": -Infinity,
        "SMAPE": 2.371624122585079
    },
    "Humidity": {
        "MSE": 510.8008985463762,
        "RMSE": 22.600904816984123,
        "MAE": 18.94124596667805,
        "R2": -2.164530700987664,
        "SMAPE": 28.082407497410866
    },
    "Wind_Speed_kmh": {
        "MSE": 0.2343378238560019,
        "RMSE": 0.48408452139683406,
        "MAE": 0.3898417212845529,
        "R2": -0.4887964008008281,
        "SMAPE": 39.196961899450486
    },
    "Soil_Moisture": {
        "MSE": 88379.49470286358,
        "RMSE": 297.286889557652,
        "MAE": 282.640550531356,
        "R2": -12.84559265306223,
        "SMAPE": 3.310266361036779
    },
    "Soil_Temperature": {
        "MSE": 119.29319016871828,
        "RMSE": 10.922142196873207,
        "MAE": 8.565415295133244,
        "R2": -0.29660705592040415,
        "SMAPE": 40.0971765253689
    },
    "Wind_Dir_Sin": {
        "MSE": 2.1687579476650423,
        "RMSE": 1.472670345890431,
        "MAE": 1.445295418315318,
        "R2": -33.85873263595331,
        "SMAPE": 197.24165462163322
    },
    "Wind_Dir_Cos": {
        "MSE": 0.4612236045598587,
        "RMSE": 0.6791344524907117,
        "MAE": 0.6316430826096581,
        "R2": -0.04337549848121136,
        "SMAPE": 135.75056849453742
    }
}