{
    "Temperature": {
        "MSE": 52.536557011710165,
        "RMSE": 7.248210607571372,
        "MAE": 5.976997921928287,
        "R2": -0.04160637335700135,
        "SMAPE": 31.177947824304052
    },
    "Precipitation_accumulated": {
        "MSE": 0.02686169631238229,
        "RMSE": 0.16389538221799385,
        "MAE": 0.14974922585686978,
        "R2": -5.076859377391577,
        "SMAPE": 5.7617091079237275
    },
    "Humidity": {
        "MSE": 607.5580634205439,
        "RMSE": 24.64869293533724,
        "MAE": 20.063484446107537,
        "R2": -1.2681330941199995,
        "SMAPE": 30.364109123904246
    },
    "Wind_Speed_kmh": {
        "MSE": 0.573778204343297,
        "RMSE": 0.7574814877891716,
        "MAE": 0.5885787897928495,
        "R2": -0.28753025422122214,
        "SMAPE": 57.23344738277965
    },
    "Soil_Moisture": {
        "MSE": 734213.5649119929,
        "RMSE": 856.8626289621884,
        "MAE": 612.160767957322,
        "R2": -0.09698313693174865,
        "SMAPE": 7.768742891087945
    },
    "Soil_Temperature": {
        "MSE": 88.04587817157719,
        "RMSE": 9.3832765157794,
        "MAE": 6.971832080570698,
        "R2": -0.12503942829449732,
        "SMAPE": 33.7610947089265
    },
    "Wind_Dir_Sin": {
        "MSE": 1.6685889190929803,
        "RMSE": 1.2917387193596777,
        "MAE": 1.1791452577665014,
        "R2": -4.665484013212762,
        "SMAPE": 167.01844601546932
    },
    "Wind_Dir_Cos": {
        "MSE": 0.461140566112923,
        "RMSE": 0.6790733142400186,
        "MAE": 0.6084394290631735,
        "R2": -0.010207825142787286,
        "SMAPE": 118.85952733786829
    }
}