{
    "Temperature": {
        "MSE": 66.59269054725075,
        "RMSE": 8.160434458241225,
        "MAE": 6.826586959141599,
        "R2": -0.03877843748322363,
        "SMAPE": 36.390816873286
    },
    "Precipitation_accumulated": {
        "MSE": 0.007278131324625408,
        "RMSE": 0.08531196472140005,
        "MAE": 0.08423108018308502,
        "R2": -41.18098094588996,
        "SMAPE": 3.299337731658316
    },
    "Humidity": {
        "MSE": 490.8193425888874,
        "RMSE": 22.154442953703157,
        "MAE": 18.09488901467994,
        "R2": -1.3359985258879146,
        "SMAPE": 26.701830000246733
    },
    "Wind_Speed_kmh": {
        "MSE": 0.29168601717249926,
        "RMSE": 0.5400796396574299,
        "MAE": 0.44114883094835006,
        "R2": -0.1534066367944804,
        "SMAPE": 49.572929351400845
    },
    "Soil_Moisture": {
        "MSE": 46248.07754633395,
        "RMSE": 215.05366201563263,
        "MAE": 181.8725301361105,
        "R2": -1.5162503151227358,
        "SMAPE": 2.134187451548377
    },
    "Soil_Temperature": {
        "MSE": 104.91905298471787,
        "RMSE": 10.243000194509316,
        "MAE": 7.902701287621061,
        "R2": -0.11843369927050551,
        "SMAPE": 38.9452317634887
    },
    "Wind_Dir_Sin": {
        "MSE": 1.9483926781594685,
        "RMSE": 1.3958483721950132,
        "MAE": 1.3071373268773177,
        "R2": -6.924204927455453,
        "SMAPE": 177.26980266115282
    },
    "Wind_Dir_Cos": {
        "MSE": 0.4070456921646233,
        "RMSE": 0.6380013261464457,
        "MAE": 0.566370391664598,
        "R2": -0.009015245953572615,
        "SMAPE": 115.7963120294168
    }
}