{
    "Temperature": {
        "MSE": 65.32572351488238,
        "RMSE": 8.082433019511042,
        "MAE": 7.0875580222661965,
        "R2": -0.18772753917174168,
        "SMAPE": 35.73147226291175
    },
    "Precipitation_accumulated": {
        "MSE": 0.003814623042662763,
        "RMSE": 0.06176263468038554,
        "MAE": 0.06161909100696777,
        "R2": -1.9342436758703546e+28,
        "SMAPE": 2.424382824998009
    },
    "Humidity": {
        "MSE": 495.98450124929633,
        "RMSE": 22.270709491376703,
        "MAE": 18.653391164584914,
        "R2": -2.251012170449131,
        "SMAPE": 27.51089293031747
    },
    "Wind_Speed_kmh": {
        "MSE": 0.20613139202309072,
        "RMSE": 0.45401695125082137,
        "MAE": 0.3698966749187813,
        "R2": -0.20831061289449937,
        "SMAPE": 40.972824650624666
    },
    "Soil_Moisture": {
        "MSE": 70790.54186014264,
        "RMSE": 266.064920386252,
        "MAE": 248.87950166357885,
        "R2": -8.511366071855914,
        "SMAPE": 2.916977224535154
    },
    "Soil_Temperature": {
        "MSE": 114.8681729721104,
        "RMSE": 10.71765706542761,
        "MAE": 8.3279207563656,
        "R2": -0.23119959354324382,
        "SMAPE": 38.84347351104255
    },
    "Wind_Dir_Sin": {
        "MSE": 2.1244458663825943,
        "RMSE": 1.4575478950561433,
        "MAE": 1.4317281192640632,
        "R2": -30.9075939964667,
        "SMAPE": 197.63828229104823
    },
    "Wind_Dir_Cos": {
        "MSE": 0.5760772935070773,
        "RMSE": 0.75899755830113,
        "MAE": 0.6890638947327075,
        "R2": -0.08176620686486147,
        "SMAPE": 140.3121312599954
    }
}