{
    "Temperature": {
        "MSE": 97.38719209069825,
        "RMSE": 9.868494925301338,
        "MAE": 8.484554698482034,
        "R2": -3.377677250124786,
        "SMAPE": 40.55980319625842
    },
    "Precipitation_accumulated": {
        "MSE": 0.0027106739141080512,
        "RMSE": 0.05206413270292756,
        "MAE": 0.05177793682450268,
        "R2": -1.37447496569683e+28,
        "SMAPE": 2.033365187524391
    },
    "Humidity": {
        "MSE": 678.2992396740593,
        "RMSE": 26.044178613925595,
        "MAE": 24.307487770765388,
        "R2": -4.500405330082771,
        "SMAPE": 36.605728471008696
    },
    "Wind_Speed_kmh": {
        "MSE": 0.06835984194450989,
        "RMSE": 0.2614571512590732,
        "MAE": 0.2286093338276367,
        "R2": 0.20846394330163653,
        "SMAPE": 28.984585671456728
    },
    "Soil_Moisture": {
        "MSE": 114298.04398978269,
        "RMSE": 338.0799372778318,
        "MAE": 328.73596747389274,
        "R2": -479.5679503333538,
        "SMAPE": 3.8628209555034796
    },
    "Soil_Temperature": {
        "MSE": 85.51932322897643,
        "RMSE": 9.247665825978814,
        "MAE": 7.780377595443089,
        "R2": -3.6332165290360408,
        "SMAPE": 39.10435114705638
    },
    "Wind_Dir_Sin": {
        "MSE": 2.139676567679913,
        "RMSE": 1.4627633327643652,
        "MAE": 1.415036679939219,
        "R2": -34.22459859986836,
        "SMAPE": 200.0
    },
    "Wind_Dir_Cos": {
        "MSE": 0.40013929500963363,
        "RMSE": 0.6325656448224434,
        "MAE": 0.5700147824682543,
        "R2": -0.2968772862374991,
        "SMAPE": 143.54498026943048
    }
}