{
    "Temperature": {
        "MSE": 66.61306482733566,
        "RMSE": 8.161682720330145,
        "MAE": 6.828579698584877,
        "R2": -0.218609244719294,
        "SMAPE": 32.498142540594536
    },
    "Precipitation_accumulated": {
        "MSE": 0.005922553432062343,
        "RMSE": 0.07695812778428503,
        "MAE": 0.0759923432770801,
        "R2": -43.772068189312016,
        "SMAPE": 2.981418789357048
    },
    "Humidity": {
        "MSE": 525.7599954575261,
        "RMSE": 22.929456937693185,
        "MAE": 18.859949008991947,
        "R2": -1.9507102029787236,
        "SMAPE": 28.052483894307887
    },
    "Wind_Speed_kmh": {
        "MSE": 0.21409283646736738,
        "RMSE": 0.46270167113094307,
        "MAE": 0.397057432916814,
        "R2": -0.23306928865245058,
        "SMAPE": 44.791817259782185
    },
    "Soil_Moisture": {
        "MSE": 51349.462421343786,
        "RMSE": 226.6041977134223,
        "MAE": 214.3007151012369,
        "R2": -9.420033144316822,
        "SMAPE": 2.516232288421454
    },
    "Soil_Temperature": {
        "MSE": 116.36496076114922,
        "RMSE": 10.787259186704897,
        "MAE": 8.079772293569809,
        "R2": -0.296077762047243,
        "SMAPE": 35.81751882437962
    },
    "Wind_Dir_Sin": {
        "MSE": 2.003706402181714,
        "RMSE": 1.415523366879443,
        "MAE": 1.3418765887354756,
        "R2": -8.758278377610397,
        "SMAPE": 182.44402763282466
    },
    "Wind_Dir_Cos": {
        "MSE": 0.4237122951899542,
        "RMSE": 0.6509318667801985,
        "MAE": 0.5770517116242951,
        "R2": -0.007439830909473422,
        "SMAPE": 119.7814948047255
    }
}