{
    "Temperature": {
        "MSE": 50.62667509201847,
        "RMSE": 7.115242447873331,
        "MAE": 5.914851615444322,
        "R2": -0.006495990211623948,
        "SMAPE": 33.44867445470367
    },
    "Precipitation_accumulated": {
        "MSE": 0.8396244720190694,
        "RMSE": 0.916310248779893,
        "MAE": 0.47121892256471654,
        "R2": -0.359660047962018,
        "SMAPE": 14.532754766516106
    },
    "Humidity": {
        "MSE": 474.5099520228162,
        "RMSE": 21.783249344916754,
        "MAE": 17.246427090545343,
        "R2": -0.527139881092902,
        "SMAPE": 25.26292739971296
    },
    "Wind_Speed_kmh": {
        "MSE": 0.48694532855173434,
        "RMSE": 0.6978146806650992,
        "MAE": 0.5390465684957223,
        "R2": -0.1697257632564375,
        "SMAPE": 56.573316435919544
    },
    "Soil_Moisture": {
        "MSE": 626088.0019892324,
        "RMSE": 791.2572287121504,
        "MAE": 568.5307550217677,
        "R2": -0.030057564207627285,
        "SMAPE": 7.1189421767553815
    },
    "Soil_Temperature": {
        "MSE": 75.11709899466224,
        "RMSE": 8.667012114602255,
        "MAE": 6.618420614489838,
        "R2": -0.026077049545836672,
        "SMAPE": 35.194970084359156
    },
    "Wind_Dir_Sin": {
        "MSE": 1.5681633425624961,
        "RMSE": 1.252263288035905,
        "MAE": 1.1296084379824232,
        "R2": -3.9562636023904645,
        "SMAPE": 162.83322237246014
    },
    "Wind_Dir_Cos": {
        "MSE": 0.415127526662472,
        "RMSE": 0.644303908619583,
        "MAE": 0.5781160976855102,
        "R2": -0.06961486493087699,
        "SMAPE": 112.0696187932518
    }
}