{
    "Temperature": {
        "MSE": 61.89742608648461,
        "RMSE": 7.867491727767154,
        "MAE": 6.700452681916229,
        "R2": -0.6219115527860752,
        "SMAPE": 35.69954850179108
    },
    "Precipitation_accumulated": {
        "MSE": 0.003381243255790214,
        "RMSE": 0.058148458756790915,
        "MAE": 0.0577133802349018,
        "R2": -1.714494017088047e+28,
        "SMAPE": 2.2692347322165296
    },
    "Humidity": {
        "MSE": 386.4111908574287,
        "RMSE": 19.657344450800792,
        "MAE": 16.86921271124939,
        "R2": -2.2046935424776732,
        "SMAPE": 24.473454919600172
    },
    "Wind_Speed_kmh": {
        "MSE": 0.15771288640559522,
        "RMSE": 0.3971308177485037,
        "MAE": 0.3185126702069206,
        "R2": -0.3017653855423039,
        "SMAPE": 32.89393748033594
    },
    "Soil_Moisture": {
        "MSE": 113080.0858424378,
        "RMSE": 336.2738256873969,
        "MAE": 331.56158373834415,
        "R2": -148.06806010639457,
        "SMAPE": 3.8828206895665294
    },
    "Soil_Temperature": {
        "MSE": 52.80372119910219,
        "RMSE": 7.266616901908494,
        "MAE": 6.029241599537166,
        "R2": -0.7005575839697236,
        "SMAPE": 33.371474069958694
    },
    "Wind_Dir_Sin": {
        "MSE": 2.2717962035035164,
        "RMSE": 1.5072478905287996,
        "MAE": 1.480659190539625,
        "R2": -60.9959494294634,
        "SMAPE": 200.0
    },
    "Wind_Dir_Cos": {
        "MSE": 0.5890919552298419,
        "RMSE": 0.7675232603835808,
        "MAE": 0.7136423596748026,
        "R2": -0.3585215581375041,
        "SMAPE": 163.6193929862624
    }
}