{
    "Temperature": {
        "MSE": 66.09218254252784,
        "RMSE": 8.129709868287296,
        "MAE": 7.13332301464162,
        "R2": -0.15153011552918838,
        "SMAPE": 35.7741704209121
    },
    "Precipitation_accumulated": {
        "MSE": 0.003910605696792392,
        "RMSE": 0.06253483586603864,
        "MAE": 0.062374061067993335,
        "R2": -525.6964137537465,
        "SMAPE": 2.4540377140935425
    },
    "Humidity": {
        "MSE": 522.9657602107814,
        "RMSE": 22.868444639082504,
        "MAE": 18.955710512895507,
        "R2": -2.0380398157799173,
        "SMAPE": 28.148593156621374
    },
    "Wind_Speed_kmh": {
        "MSE": 0.19005194860988708,
        "RMSE": 0.4359494794238056,
        "MAE": 0.3571674032554498,
        "R2": -0.2047403037307407,
        "SMAPE": 39.96908341406709
    },
    "Soil_Moisture": {
        "MSE": 58560.980888581056,
        "RMSE": 241.99376208609397,
        "MAE": 223.19450002089067,
        "R2": -6.657450317392541,
        "SMAPE": 2.6184992176208666
    },
    "Soil_Temperature": {
        "MSE": 113.6113093814004,
        "RMSE": 10.658860604276631,
        "MAE": 8.282759359621009,
        "R2": -0.2117742208130653,
        "SMAPE": 38.537494008320806
    },
    "Wind_Dir_Sin": {
        "MSE": 2.2808302778043967,
        "RMSE": 1.5102417944833857,
        "MAE": 1.4727368777531784,
        "R2": -20.605352562992824,
        "SMAPE": 195.85330362282917
    },
    "Wind_Dir_Cos": {
        "MSE": 0.4435081195554429,
        "RMSE": 0.6659640527501788,
        "MAE": 0.5845686511700899,
        "R2": -0.041656795922014656,
        "SMAPE": 130.59054666032657
    }
}