{
    "Temperature": {
        "MSE": 171.69376887573767,
        "RMSE": 13.103196895251848,
        "MAE": 13.06865399336449,
        "R2": -240.8729547435976,
        "SMAPE": 60.76057632759097
    },
    "Precipitation_accumulated": {
        "MSE": 0.0022914888182125077,
        "RMSE": 0.04786949778525473,
        "MAE": 0.047761157819992274,
        "R2": -Infinity,
        "SMAPE": 1.8740118926450904
    },
    "Humidity": {
        "MSE": 1035.3012464040896,
        "RMSE": 32.17609743900105,
        "MAE": 32.14479988435136,
        "R2": -354.18735259159195,
        "SMAPE": 50.84765723406647
    },
    "Wind_Speed_kmh": {
        "MSE": 0.0717367916058176,
        "RMSE": 0.26783724835395395,
        "MAE": 0.2638890220396542,
        "R2": 0.07810744680090254,
        "SMAPE": 38.720175137325356
    },
    "Soil_Moisture": {
        "MSE": 160599.16473879237,
        "RMSE": 400.7482560645678,
        "MAE": 398.1836960725329,
        "R2": -7492.394207281576,
        "SMAPE": 4.697517736371834
    },
    "Soil_Temperature": {
        "MSE": 154.88405824179836,
        "RMSE": 12.445242393854704,
        "MAE": 12.354133287595147,
        "R2": -66.78836106518632,
        "SMAPE": 60.52126269488051
    },
    "Wind_Dir_Sin": {
        "MSE": 1.7508660338314508,
        "RMSE": 1.3232029450660434,
        "MAE": 1.2443319938612987,
        "R2": -17.920736527270176,
        "SMAPE": 200.0
    },
    "Wind_Dir_Cos": {
        "MSE": 0.34853047747012683,
        "RMSE": 0.5903646986991404,
        "MAE": 0.5241501005563044,
        "R2": -5.821807770909276,
        "SMAPE": 125.26048429179956
    }
}