fold,avg_nrmse,is_best
1,0.7251652,False
2,311734370000.0,False
3,0.5769685,False
4,0.5083941,True
5,0.5719465,False
