{
    "MSE": {
        "Temperature": 8.073821922218034,
        "Precipitation_accumulated": 1570.8442341306586,
        "Humidity": 37.68248928263251,
        "Wind_Speed_kmh": 0.08289944748714997,
        "Soil_Moisture": 94602.43219943548,
        "Soil_Temperature": 9.440425472130327,
        "Wind_Dir_Sin": 0.06552290694337351,
        "Wind_Dir_Cos": 0.13390675953294937
    },
    "RMSE": {
        "Temperature": 2.841447152811052,
        "Precipitation_accumulated": 39.633877354236475,
        "Humidity": 6.138606460967547,
        "Wind_Speed_kmh": 0.2879226414979377,
        "Soil_Moisture": 307.5750838404104,
        "Soil_Temperature": 3.0725275380589068,
        "Wind_Dir_Sin": 0.25597442634640966,
        "Wind_Dir_Cos": 0.36593272541950844
    },
    "MAE": {
        "Temperature": 2.1075381715802544,
        "Precipitation_accumulated": 17.355440899769768,
        "Humidity": 4.65693732147154,
        "Wind_Speed_kmh": 0.22437047876665284,
        "Soil_Moisture": 210.46921654354142,
        "Soil_Temperature": 2.1896765620428433,
        "Wind_Dir_Sin": 0.18146904486958504,
        "Wind_Dir_Cos": 0.24821122200119014
    },
    "R2": {
        "Temperature": 0.8211724233966519,
        "Precipitation_accumulated": 0.9616065457796401,
        "Humidity": 0.8004953443609802,
        "Wind_Speed_kmh": 0.7245039671869582,
        "Soil_Moisture": 0.926765159254227,
        "Soil_Temperature": 0.7952511485357534,
        "Wind_Dir_Sin": 0.8088484812050213,
        "Wind_Dir_Cos": 0.7883190597591403
    },
    "SMAPE": {
        "Temperature": 14.808411730067421,
        "Precipitation_accumulated": 33.08098904747895,
        "Humidity": 5.974534880509663,
        "Wind_Speed_kmh": 94.10263761003242,
        "Soil_Moisture": 2.8529621407849106,
        "Soil_Temperature": 15.866515595895352,
        "Wind_Dir_Sin": 100.59850785169506,
        "Wind_Dir_Cos": 59.67992203460482
    }
}