{
    "best_value": 0.08353507711014438,
    "best_params": {
        "input_chunk_length": 29,
        "output_chunk_length": 1,
        "dropout": 0.10987578257441336,
        "batch_size": 107,
        "lr": 0.004525867812805064,
        "weight_decay": 0.00015619537785532893,
        "num_filters": 50,
        "kernel_size": 8,
        "num_layers": 3,
        "dilation_base": 4,
        "weight_norm": true,
        "loss_fn": "smoothl1",
        "optimizer": "AdamW"
    }
}