{
    "MSE": {
        "Temperature": 6.810182755287234,
        "Precipitation_accumulated": 544.0085935868693,
        "Humidity": 31.97305764907327,
        "Wind_Speed_kmh": 0.06334079064208568,
        "Soil_Moisture": 89084.71006589285,
        "Soil_Temperature": 7.4366020119981044,
        "Wind_Dir_Sin": 0.054620444611890785,
        "Wind_Dir_Cos": 0.08634039460850966
    },
    "RMSE": {
        "Temperature": 2.6096326858941725,
        "Precipitation_accumulated": 23.323991802152335,
        "Humidity": 5.6544723581491905,
        "Wind_Speed_kmh": 0.25167596357635286,
        "Soil_Moisture": 298.4706184298429,
        "Soil_Temperature": 2.727013386838815,
        "Wind_Dir_Sin": 0.23371017224736024,
        "Wind_Dir_Cos": 0.2938373608112312
    },
    "MAE": {
        "Temperature": 1.87149101582043,
        "Precipitation_accumulated": 12.620710539203511,
        "Humidity": 4.146067867271959,
        "Wind_Speed_kmh": 0.1836187810152365,
        "Soil_Moisture": 200.06499211828336,
        "Soil_Temperature": 1.8869483793960122,
        "Wind_Dir_Sin": 0.17327792507850853,
        "Wind_Dir_Cos": 0.20282225809577478
    },
    "R2": {
        "Temperature": 0.8508477292703256,
        "Precipitation_accumulated": 0.9862864597006809,
        "Humidity": 0.8336046852965656,
        "Wind_Speed_kmh": 0.7830622768935858,
        "Soil_Moisture": 0.9288122422161903,
        "Soil_Temperature": 0.8407075624256561,
        "Wind_Dir_Sin": 0.8392263002207302,
        "Wind_Dir_Cos": 0.8627238183182606
    },
    "SMAPE": {
        "Temperature": 13.257074621241234,
        "Precipitation_accumulated": 25.497245746420436,
        "Humidity": 5.3487369662266335,
        "Wind_Speed_kmh": 94.0386205400169,
        "Soil_Moisture": 2.7496037468876766,
        "Soil_Temperature": 13.494058386716807,
        "Wind_Dir_Sin": 97.56543466630178,
        "Wind_Dir_Cos": 47.66310902201132
    }
}