{
    "best_value": 39.99407731033253,
    "best_params": {
        "input_chunk_length": 20,
        "num_filters": 109,
        "kernel_size": 2,
        "num_layers": 6,
        "dilation_base": 4,
        "weight_norm": true,
        "dropout": 0.15531203611947797,
        "batch_size": 29,
        "lr": 0.0002474912028329941
    }
}