{
    "MSE": {
        "Temperature": 25.795197694137357,
        "Precipitation_accumulated": 57799.927150324314,
        "Humidity": 108.93083965873777,
        "Wind_Speed_kmh": 2.332349912031949,
        "Soil_Moisture": 3772441.252395578,
        "Soil_Temperature": 30.17837588620424,
        "Wind_Dir_Sin": 0.14649375912214774,
        "Wind_Dir_Cos": 0.25983318926188353
    },
    "RMSE": {
        "Temperature": 5.078897291158521,
        "Precipitation_accumulated": 240.41615409602642,
        "Humidity": 10.436993803712722,
        "Wind_Speed_kmh": 1.527203297544878,
        "Soil_Moisture": 1942.2773366323302,
        "Soil_Temperature": 5.493484858102755,
        "Wind_Dir_Sin": 0.382745031479375,
        "Wind_Dir_Cos": 0.5097383537285414
    },
    "MAE": {
        "Temperature": 3.8369543725305424,
        "Precipitation_accumulated": 139.62780012540622,
        "Humidity": 7.474415605594118,
        "Wind_Speed_kmh": 0.5283373387236543,
        "Soil_Moisture": 1030.057424771127,
        "Soil_Temperature": 4.0424563509088145,
        "Wind_Dir_Sin": 0.2637866612353213,
        "Wind_Dir_Cos": 0.4378245717515424
    },
    "R2": {
        "Temperature": 0.4322603449738921,
        "Precipitation_accumulated": -156.04797843085612,
        "Humidity": 0.3400821825367287,
        "Wind_Speed_kmh": -11.374776353802003,
        "Soil_Moisture": -11.216535684691454,
        "Soil_Temperature": 0.3401555912669689,
        "Wind_Dir_Sin": 0.26238023979413694,
        "Wind_Dir_Cos": 0.5045472226090097
    },
    "SMAPE": {
        "Temperature": 26.8163374455133,
        "Precipitation_accumulated": 34.145717909935534,
        "Humidity": 8.840579241585154,
        "Wind_Speed_kmh": 128.38478819054797,
        "Soil_Moisture": 12.574590182719495,
        "Soil_Temperature": 30.91644628956025,
        "Wind_Dir_Sin": 125.3854628949143,
        "Wind_Dir_Cos": 95.50610021388705
    }
}