{
    "Temperature": {
        "MSE": 35.84156933551914,
        "RMSE": 5.986782886953488,
        "MAE": 4.516399689116746,
        "R2": 0.2874429191029533,
        "SMAPE": 30.575626298686544
    },
    "Precipitation_accumulated": {
        "MSE": 2.720447313060819,
        "RMSE": 1.6493778563630648,
        "MAE": 1.41023097550033,
        "R2": -3.4054022332860354,
        "SMAPE": 63.49168844450665
    },
    "Humidity": {
        "MSE": 340.65208123173795,
        "RMSE": 18.45676247969123,
        "MAE": 13.278742605265132,
        "R2": -0.09633818344292933,
        "SMAPE": 19.51522028289855
    },
    "Wind_Speed_kmh": {
        "MSE": 0.46746726803538896,
        "RMSE": 0.683715780156776,
        "MAE": 0.536564142580698,
        "R2": -0.1229361384909613,
        "SMAPE": 53.874276521773496
    },
    "Soil_Moisture": {
        "MSE": 801120.9343562708,
        "RMSE": 895.0535930078549,
        "MAE": 629.8221402952727,
        "R2": -0.31802666024088877,
        "SMAPE": 7.809393736074808
    },
    "Soil_Temperature": {
        "MSE": 40.84863930052629,
        "RMSE": 6.3912940239458775,
        "MAE": 4.617505535047964,
        "R2": 0.4420198349988931,
        "SMAPE": 28.990454750652514
    },
    "Wind_Dir_Sin": {
        "MSE": 0.5696780229906444,
        "RMSE": 0.7547701789224615,
        "MAE": 0.6430346814324591,
        "R2": -0.8004976738051544,
        "SMAPE": 153.02603127479767
    },
    "Wind_Dir_Cos": {
        "MSE": 0.8606852359691218,
        "RMSE": 0.9277312304590818,
        "MAE": 0.8072762581851682,
        "R2": -1.2176359390583764,
        "SMAPE": 153.09456961709824
    }
}