{
    "Temperature": {
        "MSE": 20.604918124747652,
        "RMSE": 4.539264051005146,
        "MAE": 3.8432870245257504,
        "R2": 0.6142274996558025,
        "SMAPE": 21.126653194918358
    },
    "Precipitation_accumulated": {
        "MSE": 0.18415316847348073,
        "RMSE": 0.42913071257308155,
        "MAE": 0.36875458409379697,
        "R2": -Infinity,
        "SMAPE": 15.89033151242063
    },
    "Humidity": {
        "MSE": 69.86528931912615,
        "RMSE": 8.35854588544719,
        "MAE": 7.457276030630875,
        "R2": 0.5671682379319716,
        "SMAPE": 11.823046775305171
    },
    "Wind_Speed_kmh": {
        "MSE": 0.3719938724531464,
        "RMSE": 0.6099130040039697,
        "MAE": 0.5113745224936862,
        "R2": -1.3633535948875464,
        "SMAPE": 42.41559557249546
    },
    "Soil_Moisture": {
        "MSE": 52008.651220106054,
        "RMSE": 228.05405328585164,
        "MAE": 191.9389853157643,
        "R2": -7.147711204389186,
        "SMAPE": 2.256986223417506
    },
    "Soil_Temperature": {
        "MSE": 25.13508461781966,
        "RMSE": 5.013490263062217,
        "MAE": 3.938219354800893,
        "R2": 0.726804790612705,
        "SMAPE": 18.85267272522113
    },
    "Wind_Dir_Sin": {
        "MSE": 0.6788194329571304,
        "RMSE": 0.8239049902489549,
        "MAE": 0.7713761889832829,
        "R2": -9.910754308482508,
        "SMAPE": 168.51582155115162
    },
    "Wind_Dir_Cos": {
        "MSE": 0.5643403595405586,
        "RMSE": 0.7512259044658661,
        "MAE": 0.5994766499988357,
        "R2": -0.2766452066359453,
        "SMAPE": 116.3387705645356
    }
}