{
    "MSE": {
        "Temperature": 3.880568429172563,
        "Precipitation_accumulated": 102.71112056254151,
        "Humidity": 14.195359398096178,
        "Wind_Speed_kmh": 0.04154931070488512,
        "Soil_Moisture": 41869.351343388604,
        "Soil_Temperature": 6.459375719693698,
        "Wind_Dir_Sin": 0.06379143962876183,
        "Wind_Dir_Cos": 0.09874284874699482
    },
    "RMSE": {
        "Temperature": 1.9699158431700992,
        "Precipitation_accumulated": 10.134649503684946,
        "Humidity": 3.7676729420288297,
        "Wind_Speed_kmh": 0.20383648030930362,
        "Soil_Moisture": 204.62001696654363,
        "Soil_Temperature": 2.5415301925599265,
        "Wind_Dir_Sin": 0.25256967282071263,
        "Wind_Dir_Cos": 0.31423374858056674
    },
    "MAE": {
        "Temperature": 1.4224330192589087,
        "Precipitation_accumulated": 5.834484853698775,
        "Humidity": 2.535251854887078,
        "Wind_Speed_kmh": 0.1398662504598145,
        "Soil_Moisture": 132.43439511537161,
        "Soil_Temperature": 1.4930598175974106,
        "Wind_Dir_Sin": 0.1658763675320983,
        "Wind_Dir_Cos": 0.18483636131223805
    },
    "R2": {
        "Temperature": 0.9140619944876569,
        "Precipitation_accumulated": 0.9975273519592244,
        "Humidity": 0.9251760153345736,
        "Wind_Speed_kmh": 0.8628505550492473,
        "Soil_Moisture": 0.968116453896515,
        "Soil_Temperature": 0.8598890822199529,
        "Wind_Dir_Sin": 0.8136916362068414,
        "Wind_Dir_Cos": 0.8443201787329038
    },
    "SMAPE": {
        "Temperature": 9.775198816604425,
        "Precipitation_accumulated": 16.780139834792816,
        "Humidity": 3.380734533679862,
        "Wind_Speed_kmh": 86.51901221316405,
        "Soil_Moisture": 1.8626237985048315,
        "Soil_Temperature": 9.124282555448604,
        "Wind_Dir_Sin": 99.51019441006503,
        "Wind_Dir_Cos": 41.87415780090363
    }
}