{
    "Temperature": {
        "MSE": 21.549138421214177,
        "RMSE": 4.642104955859375,
        "MAE": 3.8564516805991373,
        "R2": 0.4353432966805526,
        "SMAPE": 22.280576581698583
    },
    "Precipitation_accumulated": {
        "MSE": 0.04369799629945347,
        "RMSE": 0.2090406570489422,
        "MAE": 0.17002377961627968,
        "R2": -2.2157516495109256e+29,
        "SMAPE": 6.960011890879632
    },
    "Humidity": {
        "MSE": 45.70828280566294,
        "RMSE": 6.760790102174667,
        "MAE": 5.822560698394867,
        "R2": 0.6209192636993339,
        "SMAPE": 9.054734026511746
    },
    "Wind_Speed_kmh": {
        "MSE": 0.4031545627728043,
        "RMSE": 0.6349445351940627,
        "MAE": 0.5497699758961441,
        "R2": -2.327645995213107,
        "SMAPE": 45.703733064900085
    },
    "Soil_Moisture": {
        "MSE": 10077.702108083558,
        "RMSE": 100.38775875615292,
        "MAE": 84.74057399669088,
        "R2": -12.284951920494168,
        "SMAPE": 0.9776235206415551
    },
    "Soil_Temperature": {
        "MSE": 7.482603618696197,
        "RMSE": 2.7354348134613256,
        "MAE": 2.3478771432069228,
        "R2": 0.7590208030295131,
        "SMAPE": 14.319913205031895
    },
    "Wind_Dir_Sin": {
        "MSE": 0.4556903417831945,
        "RMSE": 0.6750483995856849,
        "MAE": 0.6406906097485853,
        "R2": -11.435514832324214,
        "SMAPE": 150.9517245742884
    },
    "Wind_Dir_Cos": {
        "MSE": 0.40043227589410035,
        "RMSE": 0.6327971838544324,
        "MAE": 0.451753673514274,
        "R2": 0.07655184467091725,
        "SMAPE": 91.0254856827912
    }
}