{
    "Temperature": {
        "MSE": 44.350345980622414,
        "RMSE": 6.659605542419341,
        "MAE": 5.078439298869628,
        "R2": 0.12069603221795477,
        "SMAPE": 33.32285659635738
    },
    "Precipitation_accumulated": {
        "MSE": 1.242572128359159,
        "RMSE": 1.114707194001707,
        "MAE": 1.0040433510464475,
        "R2": -280.10421629716853,
        "SMAPE": 50.168700283824606
    },
    "Humidity": {
        "MSE": 460.6235297886792,
        "RMSE": 21.46214178008987,
        "MAE": 16.127842877047655,
        "R2": -0.7195977384648857,
        "SMAPE": 24.29044989602088
    },
    "Wind_Speed_kmh": {
        "MSE": 0.5606558509608959,
        "RMSE": 0.7487695579822246,
        "MAE": 0.5934258718765693,
        "R2": -0.25808433442411016,
        "SMAPE": 54.5305690208014
    },
    "Soil_Moisture": {
        "MSE": 844922.9031217968,
        "RMSE": 919.1968794125646,
        "MAE": 642.1579379488314,
        "R2": -0.26239315238356853,
        "SMAPE": 8.077706957469678
    },
    "Soil_Temperature": {
        "MSE": 54.083302691167326,
        "RMSE": 7.354135074308013,
        "MAE": 5.492226181988734,
        "R2": 0.30893019408157496,
        "SMAPE": 33.15059696840414
    },
    "Wind_Dir_Sin": {
        "MSE": 0.6682786922114285,
        "RMSE": 0.8174831449096847,
        "MAE": 0.7041481158604457,
        "R2": -1.2690563288366188,
        "SMAPE": 150.2860753186296
    },
    "Wind_Dir_Cos": {
        "MSE": 0.7744465884962259,
        "RMSE": 0.880026470338379,
        "MAE": 0.7591975954691301,
        "R2": -0.6965586230000922,
        "SMAPE": 145.74855726667158
    }
}