{
    "Temperature": {
        "MSE": 17.77258395786887,
        "RMSE": 4.2157542572911995,
        "MAE": 3.6577350165638163,
        "R2": 0.6768656162806409,
        "SMAPE": 20.00343391188505
    },
    "Precipitation_accumulated": {
        "MSE": 0.44405488714274854,
        "RMSE": 0.666374434640727,
        "MAE": 0.5985252915557667,
        "R2": -2.2516257768831354e+30,
        "SMAPE": 27.247066064073973
    },
    "Humidity": {
        "MSE": 67.34488304670059,
        "RMSE": 8.206392815768728,
        "MAE": 7.502171134776643,
        "R2": 0.5585768630857846,
        "SMAPE": 11.763449136649479
    },
    "Wind_Speed_kmh": {
        "MSE": 0.33842941074583205,
        "RMSE": 0.5817468613974914,
        "MAE": 0.5081240012586435,
        "R2": -0.9838213127382982,
        "SMAPE": 46.986779337130876
    },
    "Soil_Moisture": {
        "MSE": 76975.82826273474,
        "RMSE": 277.44518064427564,
        "MAE": 254.13361441309362,
        "R2": -9.342416685235237,
        "SMAPE": 3.0007695971724195
    },
    "Soil_Temperature": {
        "MSE": 24.655735656722573,
        "RMSE": 4.965454224612546,
        "MAE": 3.8580775685739366,
        "R2": 0.7357306995172904,
        "SMAPE": 18.239358169146303
    },
    "Wind_Dir_Sin": {
        "MSE": 0.6589361698516885,
        "RMSE": 0.8117488342164024,
        "MAE": 0.7476464821830614,
        "R2": -8.896730300318259,
        "SMAPE": 169.62753006393135
    },
    "Wind_Dir_Cos": {
        "MSE": 0.4042244198201714,
        "RMSE": 0.6357864577200205,
        "MAE": 0.5177112218593767,
        "R2": 0.24094158495826212,
        "SMAPE": 104.1780644586717
    }
}