{
    "Temperature": {
        "MSE": 0.6730040950131778,
        "RMSE": 0.8203682679218997,
        "MAE": 0.6359243142609863,
        "R2": 0.051907998285072865,
        "SMAPE": 2.368415721223783
    },
    "Precipitation_accumulated": {
        "MSE": 0.0021121572082032428,
        "RMSE": 0.04595821154269651,
        "MAE": 0.042352514017269506,
        "R2": -Infinity,
        "SMAPE": 1.6624246073763047
    },
    "Humidity": {
        "MSE": 66.6623582091957,
        "RMSE": 8.164701966954807,
        "MAE": 7.471474384784801,
        "R2": -21.870277237737387,
        "SMAPE": 14.324263182340365
    },
    "Wind_Speed_kmh": {
        "MSE": 0.45745029768743284,
        "RMSE": 0.6763507209188387,
        "MAE": 0.6116008016139826,
        "R2": -4.878713188262446,
        "SMAPE": 67.56137877093619
    },
    "Soil_Moisture": {
        "MSE": 322.141859975474,
        "RMSE": 17.948310783343207,
        "MAE": 15.649163042391592,
        "R2": -14.030812591019965,
        "SMAPE": 0.18050171757064873
    },
    "Soil_Temperature": {
        "MSE": 1.9784332897962589,
        "RMSE": 1.4065679115479135,
        "MAE": 1.2371989422673149,
        "R2": 0.13409584101470928,
        "SMAPE": 4.514156426782317
    },
    "Wind_Dir_Sin": {
        "MSE": 0.43389140558682526,
        "RMSE": 0.6587043385213318,
        "MAE": 0.5640979618758114,
        "R2": -3.6888481516716345,
        "SMAPE": 126.52408619544956
    },
    "Wind_Dir_Cos": {
        "MSE": 0.30540218366832383,
        "RMSE": 0.5526320508876804,
        "MAE": 0.5385227329787173,
        "R2": -4.977655110462484,
        "SMAPE": 145.9738119122632
    }
}