{
    "MSE": {
        "Temperature": 15.013513319805433,
        "Precipitation_accumulated": 5462.902463221559,
        "Humidity": 49.73814537073348,
        "Wind_Speed_kmh": 0.10615524988004084,
        "Soil_Moisture": 496281.11421245214,
        "Soil_Temperature": 13.673905469859458,
        "Wind_Dir_Sin": 0.18911953930507971,
        "Wind_Dir_Cos": 0.27743914030662303
    },
    "RMSE": {
        "Temperature": 3.8747275155558274,
        "Precipitation_accumulated": 73.91145014963216,
        "Humidity": 7.052527587378406,
        "Wind_Speed_kmh": 0.3258147477939586,
        "Soil_Moisture": 704.4722238757552,
        "Soil_Temperature": 3.697824423882164,
        "Wind_Dir_Sin": 0.4348787639159674,
        "Wind_Dir_Cos": 0.526724919010505
    },
    "MAE": {
        "Temperature": 3.026947398979421,
        "Precipitation_accumulated": 53.6473197507858,
        "Humidity": 5.799180945776258,
        "Wind_Speed_kmh": 0.27218899706171273,
        "Soil_Moisture": 598.6798121946816,
        "Soil_Temperature": 2.8608387686771057,
        "Wind_Dir_Sin": 0.342268512667261,
        "Wind_Dir_Cos": 0.3773193143210487
    },
    "R2": {
        "Temperature": 0.6687565313871262,
        "Precipitation_accumulated": 0.8601332939453922,
        "Humidity": 0.7383409474239175,
        "Wind_Speed_kmh": 0.6382830005428479,
        "Soil_Moisture": 0.5975396291308563,
        "Soil_Temperature": 0.7042456403079376,
        "Wind_Dir_Sin": 0.4440448364444829,
        "Wind_Dir_Cos": 0.5570213495634462
    },
    "SMAPE": {
        "Temperature": 20.675524784336876,
        "Precipitation_accumulated": 49.010952530850204,
        "Humidity": 7.312559487940217,
        "Wind_Speed_kmh": 96.77950188685415,
        "Soil_Moisture": 8.163080434860047,
        "Soil_Temperature": 20.342518661251358,
        "Wind_Dir_Sin": 109.64354748657384,
        "Wind_Dir_Cos": 71.50068021955053
    }
}