{
    "Temperature": {
        "MSE": 7.444248238530261,
        "RMSE": 2.728414968169296,
        "MAE": 1.8263598117489621,
        "R2": 0.6653716422202087,
        "SMAPE": 8.822970039910134
    },
    "Precipitation_accumulated": {
        "MSE": 0.004835487600040965,
        "RMSE": 0.06953767036679447,
        "MAE": 0.06377983649216927,
        "R2": -2.451883503435236e+28,
        "SMAPE": 2.516340538428025
    },
    "Humidity": {
        "MSE": 48.212089818242255,
        "RMSE": 6.943492623906376,
        "MAE": 5.575078424678104,
        "R2": 0.6090427051958398,
        "SMAPE": 10.059891846374702
    },
    "Wind_Speed_kmh": {
        "MSE": 0.32913973137390656,
        "RMSE": 0.5737070083011943,
        "MAE": 0.5188352016301244,
        "R2": -2.811096656512735,
        "SMAPE": 51.71971298475585
    },
    "Soil_Moisture": {
        "MSE": 2486.0734457300296,
        "RMSE": 49.860539966290276,
        "MAE": 37.13782184730038,
        "R2": -9.452735484252534,
        "SMAPE": 0.4285861855312419
    },
    "Soil_Temperature": {
        "MSE": 2.1690323291609235,
        "RMSE": 1.4727635007566298,
        "MAE": 1.277095295779257,
        "R2": 0.882487418515061,
        "SMAPE": 5.857484971254062
    },
    "Wind_Dir_Sin": {
        "MSE": 0.5268253548388809,
        "RMSE": 0.7258273588387812,
        "MAE": 0.6712066032544336,
        "R2": -7.6729050253397375,
        "SMAPE": 153.82187183759288
    },
    "Wind_Dir_Cos": {
        "MSE": 0.29587238878891364,
        "RMSE": 0.5439415306711868,
        "MAE": 0.47408171304393937,
        "R2": 0.04105848780501675,
        "SMAPE": 125.25836035925374
    }
}