{
    "MSE": {
        "Temperature": 11.478337949925972,
        "Precipitation_accumulated": 1374.7504059184828,
        "Humidity": 37.83737921058359,
        "Wind_Speed_kmh": 0.08010232835388198,
        "Soil_Moisture": 232151.25514965996,
        "Soil_Temperature": 10.70261431569204,
        "Wind_Dir_Sin": 0.10306464995682943,
        "Wind_Dir_Cos": 0.16696906855773658
    },
    "RMSE": {
        "Temperature": 3.3879695910568577,
        "Precipitation_accumulated": 37.07762675682578,
        "Humidity": 6.151209572968847,
        "Wind_Speed_kmh": 0.28302354734877094,
        "Soil_Moisture": 481.8207707744239,
        "Soil_Temperature": 3.2714850321668965,
        "Wind_Dir_Sin": 0.32103683582546944,
        "Wind_Dir_Cos": 0.40861848778259724
    },
    "MAE": {
        "Temperature": 2.729678282492178,
        "Precipitation_accumulated": 25.67608206792406,
        "Humidity": 4.736530880833595,
        "Wind_Speed_kmh": 0.2216652197493404,
        "Soil_Moisture": 402.05935526009677,
        "Soil_Temperature": 2.5158538280814096,
        "Wind_Dir_Sin": 0.23700444831455963,
        "Wind_Dir_Cos": 0.2630295325746747
    },
    "R2": {
        "Temperature": 0.7448722616006613,
        "Precipitation_accumulated": 0.9665727745222149,
        "Humidity": 0.7989468125253257,
        "Wind_Speed_kmh": 0.7367106938749146,
        "Soil_Moisture": 0.8213109032571383,
        "Soil_Temperature": 0.7670468079716085,
        "Wind_Dir_Sin": 0.6994479261998573,
        "Wind_Dir_Cos": 0.7360493260904148
    },
    "SMAPE": {
        "Temperature": 18.967674955067256,
        "Precipitation_accumulated": 38.25141333189922,
        "Humidity": 6.106195370012254,
        "Wind_Speed_kmh": 93.47229404670351,
        "Soil_Moisture": 5.548238051627929,
        "Soil_Temperature": 17.98533371427334,
        "Wind_Dir_Sin": 105.9189440534183,
        "Wind_Dir_Cos": 55.749278035233544
    }
}