{
    "Temperature": {
        "MSE": 19.795710602090555,
        "RMSE": 4.449237080903933,
        "MAE": 3.938578210288551,
        "R2": 0.6550975313617498,
        "SMAPE": 21.193070348979454
    },
    "Precipitation_accumulated": {
        "MSE": 0.7382136938243404,
        "RMSE": 0.8591936299952069,
        "MAE": 0.7816276785016332,
        "R2": -99424.64790924966,
        "SMAPE": 37.346038828384444
    },
    "Humidity": {
        "MSE": 67.01106587062345,
        "RMSE": 8.186028699596859,
        "MAE": 7.176482991726285,
        "R2": 0.6107158408788542,
        "SMAPE": 11.56311085043737
    },
    "Wind_Speed_kmh": {
        "MSE": 0.29922819930063027,
        "RMSE": 0.5470175493534282,
        "MAE": 0.4721549710867346,
        "R2": -0.896809132171613,
        "SMAPE": 44.557604630737224
    },
    "Soil_Moisture": {
        "MSE": 67083.69560223307,
        "RMSE": 259.00520381303744,
        "MAE": 240.70112625670845,
        "R2": -7.771882888343999,
        "SMAPE": 2.842755837836094
    },
    "Soil_Temperature": {
        "MSE": 25.70186116575261,
        "RMSE": 5.0697003033466,
        "MAE": 4.045574528771817,
        "R2": 0.7258648548533122,
        "SMAPE": 19.313119183222607
    },
    "Wind_Dir_Sin": {
        "MSE": 0.6227277001080521,
        "RMSE": 0.7891309777901588,
        "MAE": 0.7305586162959999,
        "R2": -4.89883940181978,
        "SMAPE": 165.47086496519375
    },
    "Wind_Dir_Cos": {
        "MSE": 0.39753588019847286,
        "RMSE": 0.6305044648521316,
        "MAE": 0.5239535548761735,
        "R2": 0.06631709100015015,
        "SMAPE": 115.02415375115382
    }
}