{
    "Temperature": {
        "MSE": 26.673859648557244,
        "RMSE": 5.164674205461294,
        "MAE": 4.4064322049891,
        "R2": 0.5839148408080198,
        "SMAPE": 24.952053252502125
    },
    "Precipitation_accumulated": {
        "MSE": 1.661326673705696,
        "RMSE": 1.2889246190936443,
        "MAE": 1.2495388774287361,
        "R2": -9627.349042202175,
        "SMAPE": 64.88215245649778
    },
    "Humidity": {
        "MSE": 86.67361178550456,
        "RMSE": 9.309866367757625,
        "MAE": 7.715543343569982,
        "R2": 0.587486857595363,
        "SMAPE": 12.447434002045672
    },
    "Wind_Speed_kmh": {
        "MSE": 0.3295930151274851,
        "RMSE": 0.5741019205049614,
        "MAE": 0.47180250375290117,
        "R2": -0.30330131959780027,
        "SMAPE": 47.69898892464879
    },
    "Soil_Moisture": {
        "MSE": 44609.80153153065,
        "RMSE": 211.21032534308225,
        "MAE": 183.1619718217237,
        "R2": -1.427115528182092,
        "SMAPE": 2.14576459702732
    },
    "Soil_Temperature": {
        "MSE": 31.02174839933974,
        "RMSE": 5.569717084317635,
        "MAE": 4.4218913485934666,
        "R2": 0.6693091689917741,
        "SMAPE": 22.66749052494568
    },
    "Wind_Dir_Sin": {
        "MSE": 0.4159392154914337,
        "RMSE": 0.6449334969525414,
        "MAE": 0.5746187212496154,
        "R2": -0.6916444091920422,
        "SMAPE": 138.3505977235538
    },
    "Wind_Dir_Cos": {
        "MSE": 0.5162337188609699,
        "RMSE": 0.718494063205097,
        "MAE": 0.6335605371750355,
        "R2": -0.27967867694657755,
        "SMAPE": 139.78204557203014
    }
}