{
    "Temperature": {
        "MSE": 21.218394749014017,
        "RMSE": 4.606342882267235,
        "MAE": 4.024266591721845,
        "R2": 0.6118339237764507,
        "SMAPE": 19.624813741892023
    },
    "Precipitation_accumulated": {
        "MSE": 1.5446692780428837,
        "RMSE": 1.2428472464638942,
        "MAE": 1.1710235835676126,
        "R2": -11676.06446886191,
        "SMAPE": 60.95059617960527
    },
    "Humidity": {
        "MSE": 59.73836406618925,
        "RMSE": 7.729059714233631,
        "MAE": 6.517774828460112,
        "R2": 0.6647318132183713,
        "SMAPE": 10.770494222227004
    },
    "Wind_Speed_kmh": {
        "MSE": 0.23755715630655352,
        "RMSE": 0.48739835484596533,
        "MAE": 0.4048133763315545,
        "R2": -0.36821221379758473,
        "SMAPE": 41.02221203234949
    },
    "Soil_Moisture": {
        "MSE": 37305.2974500548,
        "RMSE": 193.14579324969725,
        "MAE": 158.41217688078655,
        "R2": -6.57013642515941,
        "SMAPE": 1.862969786469933
    },
    "Soil_Temperature": {
        "MSE": 28.713666109861606,
        "RMSE": 5.358513423502978,
        "MAE": 4.148407021599279,
        "R2": 0.6801859952651124,
        "SMAPE": 18.153632716180077
    },
    "Wind_Dir_Sin": {
        "MSE": 0.4467793865643592,
        "RMSE": 0.6684155792352234,
        "MAE": 0.5931047502468376,
        "R2": -1.1758664955733562,
        "SMAPE": 139.0575743985723
    },
    "Wind_Dir_Cos": {
        "MSE": 0.5068501829809864,
        "RMSE": 0.7119341142135179,
        "MAE": 0.6057371366195818,
        "R2": -0.20511268715930098,
        "SMAPE": 125.88783928308898
    }
}