{
    "features_X": [
        "Temperature",
        "Precipitation",
        "Humidity",
        "Wind_Speed_kmh",
        "Soil_Moisture",
        "Soil_Temperature",
        "Wind_Dir_Sin",
        "Wind_Dir_Cos",
        "hour"
    ],
    "features_y": [
        "Temperature",
        "Precipitation",
        "Humidity",
        "Wind_Speed_kmh",
        "Soil_Moisture",
        "Soil_Temperature",
        "Wind_Dir_Sin",
        "Wind_Dir_Cos"
    ],
    "train_size": 14016,
    "window_size": 25,
    "input_size": 9,
    "output_size": 8,
    "hidden_size": 64,
    "num_layers": 1,
    "learning_rate": 0.001,
    "batch_size": 32,
    "epochs": 100,
    "final_train_loss": 0.011607753333677764,
    "train_losses": [
        0.027623201793572395,
        0.013484865793595256,
        0.013152889906960681,
        0.01297595727705219,
        0.012883804466533581,
        0.01280634162798295,
        0.012763553257872115,
        0.012697132479378941,
        0.012610899579967737,
        0.01255633395579777,
        0.012539209121935797,
        0.012525379337430571,
        0.012469364273059053,
        0.012463285049742959,
        0.012436655563639229,
        0.012385781982863156,
        0.012384378897576947,
        0.012391362953128308,
        0.01236260078352691,
        0.012338040018477226,
        0.012303135584986335,
        0.012333268851529588,
        0.012309768247424696,
        0.012283399438383125,
        0.012259414818061467,
        0.01227639697924268,
        0.012260760858625154,
        0.012267784057282906,
        0.012228467118480421,
        0.012227017147815746,
        0.012204181521009464,
        0.012202090221690097,
        0.012164865926038024,
        0.012171552514190219,
        0.012177265347643582,
        0.012162063865639554,
        0.012150279552939451,
        0.012150763650699363,
        0.012166303927300507,
        0.0121250003497731,
        0.012136753006292356,
        0.012110953687791845,
        0.012100031380600533,
        0.012091318968747117,
        0.012100882167303467,
        0.012092786124513298,
        0.012069539324681402,
        0.012073137095877939,
        0.012065918037373516,
        0.01205978121257827,
        0.012028167463988694,
        0.012041918679642613,
        0.012050143771750085,
        0.012039014185276824,
        0.012008253135227482,
        0.012000552258576679,
        0.012005575385990293,
        0.011998769436512185,
        0.01197964240143254,
        0.011988776428360721,
        0.01198668317107393,
        0.01198233349838407,
        0.011966999331503185,
        0.011972457603164366,
        0.011955643354164686,
        0.011949321333369272,
        0.01194702645995537,
        0.011938700440864482,
        0.011944556411694687,
        0.011917429018748914,
        0.011905421920588808,
        0.011930574500229956,
        0.01190912516727872,
        0.01191422958874886,
        0.011874532314009027,
        0.011887702332987565,
        0.011843668749980236,
        0.011840537349762639,
        0.011846196812161975,
        0.011854408288527778,
        0.011810287323053259,
        0.011818525829474187,
        0.011802253935952838,
        0.011778863488051027,
        0.011791109381486286,
        0.01178439961564344,
        0.011762024639381361,
        0.011769710963542807,
        0.011741237875909416,
        0.011723668622183827,
        0.01172780418773451,
        0.011716949907430042,
        0.011694221477709286,
        0.01169612411933889,
        0.011683884259896728,
        0.011662033412622298,
        0.011654238059350463,
        0.011621410731213158,
        0.01164477044447152,
        0.011607753333677764
    ],
    "lstm_mse": 30.105897495253146,
    "lstm_rmse": 5.486884133572819
}