{
    "features_X": [
        "Temperature",
        "Precipitation",
        "Humidity",
        "Wind_Speed_kmh",
        "Soil_Moisture",
        "Soil_Temperature",
        "Wind_Dir_Sin",
        "Wind_Dir_Cos",
        "hour"
    ],
    "features_y": [
        "Temperature",
        "Precipitation",
        "Humidity",
        "Wind_Speed_kmh",
        "Soil_Moisture",
        "Soil_Temperature",
        "Wind_Dir_Sin",
        "Wind_Dir_Cos"
    ],
    "train_size": 14016,
    "window_size": 25,
    "input_size": 9,
    "output_size": 8,
    "hidden_size": 64,
    "num_layers": 2,
    "learning_rate": 0.001,
    "batch_size": 32,
    "epochs": 100,
    "final_train_loss": 0.009662007367153598,
    "train_losses": [
        0.026048602210946892,
        0.013588193226633611,
        0.013338686863203955,
        0.012910692441613962,
        0.012748814319145194,
        0.012637128214344578,
        0.012572665570287689,
        0.012539308262691642,
        0.01254625305811388,
        0.012506446383691663,
        0.01247164189959836,
        0.012417406451081405,
        0.012399704682155267,
        0.012379485027032901,
        0.012354323056283983,
        0.012326788522937344,
        0.012260745476792078,
        0.012294666424391525,
        0.012262635569563907,
        0.012268797478362141,
        0.012250913967337233,
        0.012228160045698065,
        0.012210930787417223,
        0.012215515866249397,
        0.012220119428682783,
        0.012189180996330495,
        0.012162357004528841,
        0.012176938252923602,
        0.012151605680999746,
        0.012134911709471544,
        0.012121718759695031,
        0.012118971788514595,
        0.012082803631466984,
        0.01210462588788391,
        0.012076504755645114,
        0.012076439663712432,
        0.012052049623583569,
        0.01203300161093482,
        0.012032363527164807,
        0.012033874154547257,
        0.012021223451047827,
        0.011991682879828578,
        0.012015015387630843,
        0.01198759534851608,
        0.011981083890079033,
        0.011970597243087064,
        0.011969342988120746,
        0.011965494014210395,
        0.011955581761531296,
        0.011919507009294953,
        0.011899348480179485,
        0.011919609408048946,
        0.01190714997734461,
        0.01186308858106856,
        0.011854420636456585,
        0.011860856191471425,
        0.011813155345599555,
        0.011791743749751176,
        0.011786482375897704,
        0.01175491347297633,
        0.011719482335065697,
        0.011699780349981604,
        0.011688598696711973,
        0.011648454597684054,
        0.011596728660449567,
        0.011574804988622423,
        0.0115243156660423,
        0.01149256833546813,
        0.011448694920040452,
        0.011429815251785191,
        0.01138580759184318,
        0.011350456176835706,
        0.011313630429399861,
        0.011248301656014238,
        0.011202083907959678,
        0.011150057402489805,
        0.011108115332345039,
        0.011052230247614911,
        0.011001083087654026,
        0.01095255094382452,
        0.010893948253331495,
        0.01083126203432923,
        0.010793717748062613,
        0.010733653828725362,
        0.010666938095160703,
        0.01063039944922619,
        0.010523690469156955,
        0.010465972919727201,
        0.01039967828288916,
        0.010337686458790662,
        0.010279910723533587,
        0.010209354333759002,
        0.01012878293815483,
        0.010049086089994375,
        0.010004228660874758,
        0.009951190985781833,
        0.009878356223131818,
        0.009783454879831604,
        0.009716769070837485,
        0.009662007367153598
    ],
    "baseline_mse": 52.87039475229144,
    "baseline_rmse": 7.2712031158737025,
    "lstm_mse": 36.56406467298109,
    "lstm_rmse": 6.04682269237168
}