{
    "MSE": {
        "Temperature": 2.1283986206474172,
        "Precipitation_accumulated": 0.8049222517452423,
        "Humidity": 17.856708370736307,
        "Wind_Speed_kmh": 0.37955145796122114,
        "Soil_Moisture": 178324.34988560973,
        "Soil_Temperature": 4.808891697154628,
        "Wind_Dir_Sin": 0.23510694362568907,
        "Wind_Dir_Cos": 0.17814572822870556
    },
    "RMSE": {
        "Temperature": 1.4589032252508791,
        "Precipitation_accumulated": 0.8971745937916669,
        "Humidity": 4.225719864204951,
        "Wind_Speed_kmh": 0.616077477239041,
        "Soil_Moisture": 422.28467872468417,
        "Soil_Temperature": 2.192918534089816,
        "Wind_Dir_Sin": 0.4848782771229178,
        "Wind_Dir_Cos": 0.42207313137500896
    },
    "MAE": {
        "Temperature": 1.048692635359166,
        "Precipitation_accumulated": 0.41939551069394776,
        "Humidity": 2.959542044400979,
        "Wind_Speed_kmh": 0.49855697666081633,
        "Soil_Moisture": 225.6303796077455,
        "Soil_Temperature": 1.4216821959010555,
        "Wind_Dir_Sin": 0.39526782387797166,
        "Wind_Dir_Cos": 0.3082366864094336
    },
    "R2": {
        "Temperature": 0.9578512354867935,
        "Precipitation_accumulated": -0.28516770153581805,
        "Humidity": 0.9431434996214478,
        "Wind_Speed_kmh": 0.10064331783793035,
        "Soil_Moisture": 0.7104824751217305,
        "Soil_Temperature": 0.9348866102719424,
        "Wind_Dir_Sin": 0.26212697125050666,
        "Wind_Dir_Cos": 0.5371701688848897
    },
    "SMAPE": {
        "Temperature": 6.446621076774775,
        "Precipitation_accumulated": 12.44248578426961,
        "Humidity": 4.847464128136478,
        "Wind_Speed_kmh": 49.82587486768402,
        "Soil_Moisture": 3.035701031036663,
        "Soil_Temperature": 7.304141749607679,
        "Wind_Dir_Sin": 106.27202767538293,
        "Wind_Dir_Cos": 61.03368459786407
    }
}