{
    "best_value": 0.07699758781537604,
    "best_params": {
        "num_target_lags": 21,
        "boosting_type": "gbdt",
        "n_estimators": 550,
        "learning_rate": 0.01064565934724224,
        "num_leaves": 20,
        "max_depth": 7,
        "min_child_samples": 30,
        "subsample": 0.85,
        "feature_fraction": 0.9,
        "reg_alpha": 0.00037129434509650366,
        "reg_lambda": 3.761173838059388e-05
    }
}