{
    "MSE": {
        "Temperature": 2.2969413623045747e-06,
        "Precipitation_accumulated": 1.6392867306181894e-08,
        "Humidity": 0.0010374838890957745,
        "Wind_Speed_kmh": 1.1601933175245693e-07,
        "Soil_Moisture": 0.13966638910935839,
        "Soil_Temperature": 1.0421001875690672e-05,
        "Wind_Dir_Sin": 3.242506753851082e-08,
        "Wind_Dir_Cos": 1.8024132776947346e-08
    },
    "RMSE": {
        "Temperature": 0.001515566350347148,
        "Precipitation_accumulated": 0.00012803463322938013,
        "Humidity": 0.032209996726106235,
        "Wind_Speed_kmh": 0.00034061610612602704,
        "Soil_Moisture": 0.37371966647389376,
        "Soil_Temperature": 0.0032281576596707097,
        "Wind_Dir_Sin": 0.00018006961858823054,
        "Wind_Dir_Cos": 0.00013425398607470597
    },
    "MAE": {
        "Temperature": 0.0010608969292024918,
        "Precipitation_accumulated": 8.425646507713329e-05,
        "Humidity": 0.007598643691035587,
        "Wind_Speed_kmh": 0.00026149176377247054,
        "Soil_Moisture": 0.21095160920886585,
        "Soil_Temperature": 0.001195431543478479,
        "Wind_Dir_Sin": 0.0001282767714865631,
        "Wind_Dir_Cos": 9.777492113817728e-05
    },
    "R2": {
        "Temperature": 0.9999999361188482,
        "Precipitation_accumulated": 0.9999999853919079,
        "Humidity": 0.9999966139846013,
        "Wind_Speed_kmh": 0.999999717390378,
        "Soil_Moisture": 0.9999998325059885,
        "Soil_Temperature": 0.9999997731876478,
        "Wind_Dir_Sin": 0.9999999067923749,
        "Wind_Dir_Cos": 0.9999999419121406
    },
    "SMAPE": {
        "Temperature": 0.008076205123057996,
        "Precipitation_accumulated": 0.0025469845774208077,
        "Humidity": 0.012201408955791635,
        "Wind_Speed_kmh": 0.5624264761882386,
        "Soil_Moisture": 0.0026566695720450302,
        "Soil_Temperature": 0.00871350635573347,
        "Wind_Dir_Sin": 3.426018303532097,
        "Wind_Dir_Cos": 0.5510127923371092
    }
}