{
    "Temperature": {
        "MSE": 3.6375376150088647,
        "RMSE": 1.9072329734484104,
        "MAE": 1.5853026945082658,
        "R2": 0.9338636701186347,
        "SMAPE": 9.397354750659334
    },
    "Precipitation_accumulated": {
        "MSE": 0.0001717050030000649,
        "RMSE": 0.013103625566997285,
        "MAE": 0.011537410771424774,
        "R2": -8.706478004608888e+26,
        "SMAPE": 0.449699785771958
    },
    "Humidity": {
        "MSE": 10.503169807153874,
        "RMSE": 3.2408594241580233,
        "MAE": 2.6260893501151163,
        "R2": 0.9311552421792544,
        "SMAPE": 4.179660752453251
    },
    "Wind_Speed_kmh": {
        "MSE": 0.1322353381244604,
        "RMSE": 0.36364177169910006,
        "MAE": 0.27596506822791006,
        "R2": 0.22485672421219816,
        "SMAPE": 30.88770434098033
    },
    "Soil_Moisture": {
        "MSE": 39328.50063820699,
        "RMSE": 198.31414633910256,
        "MAE": 190.60744761415432,
        "R2": -4.284148938515442,
        "SMAPE": 2.227023509583129
    },
    "Soil_Temperature": {
        "MSE": 11.265517396413047,
        "RMSE": 3.356414366018154,
        "MAE": 2.2229420327451375,
        "R2": 0.8792520148911422,
        "SMAPE": 9.754528707076448
    },
    "Wind_Dir_Sin": {
        "MSE": 0.07167388132097893,
        "RMSE": 0.26771978134045105,
        "MAE": 0.21076539052035548,
        "R2": -0.0764882935025446,
        "SMAPE": 41.58373256416113
    },
    "Wind_Dir_Cos": {
        "MSE": 0.4143754869032146,
        "RMSE": 0.6437200376741543,
        "MAE": 0.5165691896169172,
        "R2": 0.22187976554996158,
        "SMAPE": 106.3907922051611
    }
}