{
    "Temperature": {
        "MSE": 1.9614226633354228,
        "RMSE": 1.4005080018819682,
        "MAE": 1.1671137300615542,
        "R2": 0.9632775573052199,
        "SMAPE": 7.072118237016991
    },
    "Precipitation_accumulated": {
        "MSE": 0.00011388597836038514,
        "RMSE": 0.010671737363727854,
        "MAE": 0.009686052965784434,
        "R2": -Infinity,
        "SMAPE": 0.3772272430812808
    },
    "Humidity": {
        "MSE": 8.143836095893446,
        "RMSE": 2.8537407198085543,
        "MAE": 2.0880978771760046,
        "R2": 0.9495470359926814,
        "SMAPE": 3.219283475248075
    },
    "Wind_Speed_kmh": {
        "MSE": 0.07089753284533452,
        "RMSE": 0.26626590627666646,
        "MAE": 0.20681423257030299,
        "R2": 0.5495733894386033,
        "SMAPE": 21.258080131155886
    },
    "Soil_Moisture": {
        "MSE": 39368.88600800849,
        "RMSE": 198.41594192001935,
        "MAE": 188.73365166556906,
        "R2": -5.167556860381841,
        "SMAPE": 2.1967632499131486
    },
    "Soil_Temperature": {
        "MSE": 7.071679652549167,
        "RMSE": 2.6592629904823566,
        "MAE": 1.7648587810483163,
        "R2": 0.923137358287293,
        "SMAPE": 7.563258406374493
    },
    "Wind_Dir_Sin": {
        "MSE": 0.0732841432368087,
        "RMSE": 0.2707104416841151,
        "MAE": 0.2165754987884855,
        "R2": -0.17790570326079047,
        "SMAPE": 46.094488097690196
    },
    "Wind_Dir_Cos": {
        "MSE": 0.21230827174913688,
        "RMSE": 0.46076921744962185,
        "MAE": 0.3792859771017653,
        "R2": 0.5197183173672736,
        "SMAPE": 86.14959124687691
    }
}