{
    "Temperature": {
        "MSE": 2.529829530532001,
        "RMSE": 1.5905437845378545,
        "MAE": 1.4086488183388515,
        "R2": 0.9337103333438099,
        "SMAPE": 8.512980529155088
    },
    "Precipitation_accumulated": {
        "MSE": 6.439186630107248e-05,
        "RMSE": 0.008024454268115214,
        "MAE": 0.007799135773792505,
        "R2": -3.265055518654817e+26,
        "SMAPE": 0.3033606413116987
    },
    "Humidity": {
        "MSE": 13.858327457363496,
        "RMSE": 3.72267745814266,
        "MAE": 3.066885694031491,
        "R2": 0.8850662362712469,
        "SMAPE": 4.7330628377628745
    },
    "Wind_Speed_kmh": {
        "MSE": 0.05391168540991323,
        "RMSE": 0.23218890027284514,
        "MAE": 0.19648755020300887,
        "R2": 0.5550118475266121,
        "SMAPE": 20.496604336658844
    },
    "Soil_Moisture": {
        "MSE": 44996.174759516085,
        "RMSE": 212.12301798606413,
        "MAE": 208.65520789353772,
        "R2": -58.31630166035942,
        "SMAPE": 2.4244070303026217
    },
    "Soil_Temperature": {
        "MSE": 1.1743650892128923,
        "RMSE": 1.083681267353502,
        "MAE": 0.9761037625131076,
        "R2": 0.9621792666603917,
        "SMAPE": 5.708541984122799
    },
    "Wind_Dir_Sin": {
        "MSE": 0.03009704234253248,
        "RMSE": 0.17348499169245873,
        "MAE": 0.14283205365237786,
        "R2": 0.1786698506818004,
        "SMAPE": 22.327185512499543
    },
    "Wind_Dir_Cos": {
        "MSE": 0.23670799606083207,
        "RMSE": 0.48652645977462733,
        "MAE": 0.40733493603479576,
        "R2": 0.45412102002529997,
        "SMAPE": 106.38728956062589
    }
}