{
    "Temperature": {
        "MSE": 1.1983573884888272,
        "RMSE": 1.094695112115162,
        "MAE": 0.833422200865345,
        "R2": -0.688181488999704,
        "SMAPE": 3.1317705053373444
    },
    "Precipitation_accumulated": {
        "MSE": 5.695651660830424e-05,
        "RMSE": 0.007546954127878627,
        "MAE": 0.007497557130259273,
        "R2": -Infinity,
        "SMAPE": 0.29100981631624107
    },
    "Humidity": {
        "MSE": 14.389678516058202,
        "RMSE": 3.7933729734970965,
        "MAE": 2.8755911046221976,
        "R2": -3.936758102547408,
        "SMAPE": 5.636301844926337
    },
    "Wind_Speed_kmh": {
        "MSE": 0.06943343720855132,
        "RMSE": 0.26350225275801975,
        "MAE": 0.21552365207472457,
        "R2": 0.10770795190693216,
        "SMAPE": 33.96624373167935
    },
    "Soil_Moisture": {
        "MSE": 28570.457277041773,
        "RMSE": 169.0279777937421,
        "MAE": 164.81106632656034,
        "R2": -1332.0685711060719,
        "SMAPE": 1.9184373214154433
    },
    "Soil_Temperature": {
        "MSE": 1.4405099367302192,
        "RMSE": 1.200212454830485,
        "MAE": 1.165713721744833,
        "R2": 0.36952964160707813,
        "SMAPE": 4.5090312654015285
    },
    "Wind_Dir_Sin": {
        "MSE": 0.07613994870425288,
        "RMSE": 0.2759346819525463,
        "MAE": 0.26325006117492517,
        "R2": 0.17719352549178624,
        "SMAPE": 48.864426418369156
    },
    "Wind_Dir_Cos": {
        "MSE": 0.04935235626523299,
        "RMSE": 0.22215390220572986,
        "MAE": 0.16846043339447814,
        "R2": 0.03402339466365256,
        "SMAPE": 24.35764541107922
    }
}