{
    "Temperature": {
        "MSE": 21.779648622195452,
        "RMSE": 4.666867109978112,
        "MAE": 3.8803570290701597,
        "R2": 0.6602595693495092,
        "SMAPE": 22.022465392690737
    },
    "Precipitation_accumulated": {
        "MSE": 0.002985798581804971,
        "RMSE": 0.05464246134468113,
        "MAE": 0.05037608912568186,
        "R2": -16.30442986941608,
        "SMAPE": 1.9604751329732057
    },
    "Humidity": {
        "MSE": 113.4387057740045,
        "RMSE": 10.650760807285295,
        "MAE": 8.771849691196278,
        "R2": 0.4601014538893866,
        "SMAPE": 13.817687910300936
    },
    "Wind_Speed_kmh": {
        "MSE": 0.2260994310802824,
        "RMSE": 0.47549913888490103,
        "MAE": 0.37051665994300986,
        "R2": 0.10594074096726624,
        "SMAPE": 41.49464568366089
    },
    "Soil_Moisture": {
        "MSE": 75547.94220281359,
        "RMSE": 274.85985920612995,
        "MAE": 240.9065702538343,
        "R2": -3.1103877925358825,
        "SMAPE": 2.8461411338412343
    },
    "Soil_Temperature": {
        "MSE": 30.69823595854826,
        "RMSE": 5.540598880856496,
        "MAE": 4.271421166603766,
        "R2": 0.6727578011097857,
        "SMAPE": 21.64324408865506
    },
    "Wind_Dir_Sin": {
        "MSE": 0.24473656026094456,
        "RMSE": 0.4947085609335506,
        "MAE": 0.3548364542587499,
        "R2": 0.004644865233091489,
        "SMAPE": 64.88108445780323
    },
    "Wind_Dir_Cos": {
        "MSE": 0.38887850990120604,
        "RMSE": 0.623601242703385,
        "MAE": 0.4688703667310596,
        "R2": 0.03601892154325892,
        "SMAPE": 84.26449053099697
    }
}