{
    "Temperature": {
        "MSE": 2.0994605458306252,
        "RMSE": 1.4489515332924787,
        "MAE": 1.204071435605293,
        "R2": 0.9056265975873111,
        "SMAPE": 5.704899642554216
    },
    "Precipitation_accumulated": {
        "MSE": 4.291500501476628e-05,
        "RMSE": 0.0065509545117308126,
        "MAE": 0.006416976280482656,
        "R2": -2.176049274630638e+26,
        "SMAPE": 0.2491828611317387
    },
    "Humidity": {
        "MSE": 11.593843621322668,
        "RMSE": 3.404973365728823,
        "MAE": 2.384184040523332,
        "R2": 0.9059842094449156,
        "SMAPE": 4.370318447886338
    },
    "Wind_Speed_kmh": {
        "MSE": 0.05177921171791754,
        "RMSE": 0.22755045971809756,
        "MAE": 0.1890171240866393,
        "R2": 0.40045044142408615,
        "SMAPE": 24.732703533326667
    },
    "Soil_Moisture": {
        "MSE": 33495.326784323086,
        "RMSE": 183.0172854796046,
        "MAE": 179.9473177244839,
        "R2": -139.83163610329981,
        "SMAPE": 2.093960184218444
    },
    "Soil_Temperature": {
        "MSE": 1.3685148616104428,
        "RMSE": 1.169835399366271,
        "MAE": 1.065020297706882,
        "R2": 0.9258573917842162,
        "SMAPE": 4.932223308174265
    },
    "Wind_Dir_Sin": {
        "MSE": 0.048266515356744845,
        "RMSE": 0.21969641634934522,
        "MAE": 0.1938533317245125,
        "R2": 0.20540858607465118,
        "SMAPE": 32.18648541348593
    },
    "Wind_Dir_Cos": {
        "MSE": 0.07763281752409962,
        "RMSE": 0.2786266633402116,
        "MAE": 0.2343249295970499,
        "R2": 0.7483870267947532,
        "SMAPE": 71.33069025269147
    }
}