{
    "Temperature": {
        "MSE": 15.901159790994027,
        "RMSE": 3.987625833875845,
        "MAE": 3.2172866464265764,
        "R2": 0.6847385834900506,
        "SMAPE": 17.508691206094205
    },
    "Precipitation_accumulated": {
        "MSE": 0.018859702560412757,
        "RMSE": 0.13733063227267525,
        "MAE": 0.11832093507724385,
        "R2": -3.266586853870062,
        "SMAPE": 4.518723296518837
    },
    "Humidity": {
        "MSE": 237.60508803335216,
        "RMSE": 15.414444136372618,
        "MAE": 12.29657531669084,
        "R2": 0.11297372885542889,
        "SMAPE": 20.02073132211474
    },
    "Wind_Speed_kmh": {
        "MSE": 0.42906562242075363,
        "RMSE": 0.6550310087474894,
        "MAE": 0.5006097805520802,
        "R2": 0.03719770857233062,
        "SMAPE": 47.84726183853756
    },
    "Soil_Moisture": {
        "MSE": 687289.1420120369,
        "RMSE": 829.0290356869516,
        "MAE": 636.8910900321594,
        "R2": -0.02687369862727418,
        "SMAPE": 8.070157489415458
    },
    "Soil_Temperature": {
        "MSE": 25.035048288798656,
        "RMSE": 5.003503601357618,
        "MAE": 3.7240849148186816,
        "R2": 0.6801052246958281,
        "SMAPE": 18.27723346723136
    },
    "Wind_Dir_Sin": {
        "MSE": 0.3241540157215168,
        "RMSE": 0.5693452517774402,
        "MAE": 0.4203849285191122,
        "R2": -0.1006242297756954,
        "SMAPE": 83.15477903863854
    },
    "Wind_Dir_Cos": {
        "MSE": 0.46349642828369436,
        "RMSE": 0.6808057199258055,
        "MAE": 0.5208446048760452,
        "R2": -0.0153687469413879,
        "SMAPE": 86.89307494414922
    }
}