{
    "Temperature": {
        "MSE": 19.61215280629913,
        "RMSE": 4.428561031113733,
        "MAE": 3.5877571772496215,
        "R2": 0.6100958018064719,
        "SMAPE": 21.43519169591994
    },
    "Precipitation_accumulated": {
        "MSE": 0.8125339668579216,
        "RMSE": 0.9014066600918376,
        "MAE": 0.4403998001859723,
        "R2": -0.315790581582428,
        "SMAPE": 13.328779546400334
    },
    "Humidity": {
        "MSE": 218.76176390532925,
        "RMSE": 14.79059714498807,
        "MAE": 11.891507330062215,
        "R2": 0.2959477189174017,
        "SMAPE": 18.203060992145016
    },
    "Wind_Speed_kmh": {
        "MSE": 0.3888544179797387,
        "RMSE": 0.6235819256358692,
        "MAE": 0.4792345510052758,
        "R2": 0.06590534050340957,
        "SMAPE": 49.543997985157674
    },
    "Soil_Moisture": {
        "MSE": 608071.2040267198,
        "RMSE": 779.789204866751,
        "MAE": 602.1729795195102,
        "R2": -0.0004158222079047036,
        "SMAPE": 7.526413543235341
    },
    "Soil_Temperature": {
        "MSE": 26.074284124358922,
        "RMSE": 5.106298475839316,
        "MAE": 3.9586823638073803,
        "R2": 0.6438330968393338,
        "SMAPE": 21.88191348813748
    },
    "Wind_Dir_Sin": {
        "MSE": 0.3799243232689282,
        "RMSE": 0.6163800153062461,
        "MAE": 0.4599599426531031,
        "R2": -0.20077101917434614,
        "SMAPE": 90.4880489000703
    },
    "Wind_Dir_Cos": {
        "MSE": 0.3741996913597445,
        "RMSE": 0.6117186374140847,
        "MAE": 0.4678621054539656,
        "R2": 0.035839527316240516,
        "SMAPE": 78.00974827209599
    }
}