{
    "Temperature": {
        "MSE": 13.332403562304204,
        "RMSE": 3.651356400340044,
        "MAE": 2.9568024217687383,
        "R2": 0.7560990433713665,
        "SMAPE": 14.06330481744847
    },
    "Precipitation_accumulated": {
        "MSE": 0.0018554121808328084,
        "RMSE": 0.04307449571188046,
        "MAE": 0.037473373568700806,
        "R2": -13.026153015321954,
        "SMAPE": 1.459625363883669
    },
    "Humidity": {
        "MSE": 74.05379370049026,
        "RMSE": 8.60545139434825,
        "MAE": 6.741741888298661,
        "R2": 0.5843896710871552,
        "SMAPE": 10.952869756847836
    },
    "Wind_Speed_kmh": {
        "MSE": 0.13860739510796813,
        "RMSE": 0.372300141160285,
        "MAE": 0.2938733094901183,
        "R2": 0.20168967393823845,
        "SMAPE": 33.8220813983426
    },
    "Soil_Moisture": {
        "MSE": 66240.51475312693,
        "RMSE": 257.3723270927295,
        "MAE": 244.1441824855417,
        "R2": -12.441783548980089,
        "SMAPE": 2.8787634154785287
    },
    "Soil_Temperature": {
        "MSE": 26.51605327206275,
        "RMSE": 5.149374066045576,
        "MAE": 3.6414637888531445,
        "R2": 0.7046630982523854,
        "SMAPE": 15.0473385682392
    },
    "Wind_Dir_Sin": {
        "MSE": 0.2114672760359264,
        "RMSE": 0.45985571219234234,
        "MAE": 0.339763168426589,
        "R2": -0.029869717971988674,
        "SMAPE": 62.89332096448559
    },
    "Wind_Dir_Cos": {
        "MSE": 0.361552075714149,
        "RMSE": 0.6012920053635745,
        "MAE": 0.453963938719754,
        "R2": 0.14035545780152947,
        "SMAPE": 86.82846301315983
    }
}