{
    "Temperature": {
        "MSE": 5.572024428263767,
        "RMSE": 2.3605135941705075,
        "MAE": 1.9639328881979412,
        "R2": 0.9029181109357169,
        "SMAPE": 10.857866887553014
    },
    "Precipitation_accumulated": {
        "MSE": 0.00029665851300400916,
        "RMSE": 0.017223777547449026,
        "MAE": 0.014858375236079715,
        "R2": -38.95518521258519,
        "SMAPE": 0.5795898463130641
    },
    "Humidity": {
        "MSE": 22.55461230361279,
        "RMSE": 4.749169643591687,
        "MAE": 3.667865912454147,
        "R2": 0.8689745764995446,
        "SMAPE": 6.012213834818037
    },
    "Wind_Speed_kmh": {
        "MSE": 0.12996112421898853,
        "RMSE": 0.36050121250696027,
        "MAE": 0.28003220713549354,
        "R2": 0.1761757487361666,
        "SMAPE": 31.53149798766612
    },
    "Soil_Moisture": {
        "MSE": 40471.06623679616,
        "RMSE": 201.17421861857986,
        "MAE": 192.96163956669224,
        "R2": -4.292007994022491,
        "SMAPE": 2.263054401460639
    },
    "Soil_Temperature": {
        "MSE": 14.163246562974502,
        "RMSE": 3.763408901909876,
        "MAE": 2.5305493222562068,
        "R2": 0.8489353114449582,
        "SMAPE": 10.904779387500003
    },
    "Wind_Dir_Sin": {
        "MSE": 0.10144627849895915,
        "RMSE": 0.31850632411140467,
        "MAE": 0.2565260282056636,
        "R2": 0.039041775925802824,
        "SMAPE": 48.25469209880041
    },
    "Wind_Dir_Cos": {
        "MSE": 0.32189354843984286,
        "RMSE": 0.567356632498328,
        "MAE": 0.4452216503058363,
        "R2": 0.2439764064930532,
        "SMAPE": 101.23458549581046
    }
}