{
    "MSE": {
        "Temperature": 8.946480931764413,
        "Precipitation_accumulated": 0.38166352340662524,
        "Humidity": 96.4720073648298,
        "Wind_Speed_kmh": 0.5400411656909884,
        "Soil_Moisture": 207882.6339263865,
        "Soil_Temperature": 14.018914195632089,
        "Wind_Dir_Sin": 0.34114836420065203,
        "Wind_Dir_Cos": 0.5432207592395538
    },
    "RMSE": {
        "Temperature": 2.991066855114478,
        "Precipitation_accumulated": 0.6177892224752916,
        "Humidity": 9.822016461237977,
        "Wind_Speed_kmh": 0.7348749320061124,
        "Soil_Moisture": 455.9414808134773,
        "Soil_Temperature": 3.7441840493800633,
        "Wind_Dir_Sin": 0.5840790735856336,
        "Wind_Dir_Cos": 0.7370351139800286
    },
    "MAE": {
        "Temperature": 2.370500359508617,
        "Precipitation_accumulated": 0.4213677227148847,
        "Humidity": 8.078095080290666,
        "Wind_Speed_kmh": 0.5728931562770064,
        "Soil_Moisture": 389.13637765098997,
        "Soil_Temperature": 2.8855570139119626,
        "Wind_Dir_Sin": 0.47374893411671615,
        "Wind_Dir_Cos": 0.5721163977013791
    },
    "R2": {
        "Temperature": 0.8213172859133833,
        "Precipitation_accumulated": 0.39451476733679436,
        "Humidity": 0.692791545869611,
        "Wind_Speed_kmh": -0.2777453120789899,
        "Soil_Moisture": 0.6649785707924583,
        "Soil_Temperature": 0.807341130982595,
        "Wind_Dir_Sin": -0.06749777458178996,
        "Wind_Dir_Cos": -0.40429943050672024
    },
    "SMAPE": {
        "Temperature": 14.731010195295054,
        "Precipitation_accumulated": 12.751173262369528,
        "Humidity": 12.438528145293954,
        "Wind_Speed_kmh": 58.177627140146775,
        "Soil_Moisture": 4.802331295079661,
        "Soil_Temperature": 16.177961623467866,
        "Wind_Dir_Sin": 116.44547209620319,
        "Wind_Dir_Cos": 103.49581760838731
    }
}