{
    "best_value": 44.35035491565953,
    "best_params": {
        "input_chunk_length": 57,
        "d_model": 128,
        "num_encoder_layers": 1,
        "num_decoder_layers": 3,
        "activation": "GLU",
        "dropout": 0.07703325789526706,
        "batch_size": 24,
        "lr": 0.0012200442601871598
    }
}