{
    "MSE": {
        "Temperature": 10.748091865067787,
        "Precipitation_accumulated": 1763.858369468821,
        "Humidity": 51.74129321432758,
        "Wind_Speed_kmh": 0.1613993741761838,
        "Soil_Moisture": 96123.98766640574,
        "Soil_Temperature": 11.96383673031035,
        "Wind_Dir_Sin": 0.0965899205429295,
        "Wind_Dir_Cos": 0.1888231194995802
    },
    "RMSE": {
        "Temperature": 3.278428261388037,
        "Precipitation_accumulated": 41.99831388840296,
        "Humidity": 7.193142096075093,
        "Wind_Speed_kmh": 0.4017454096516646,
        "Soil_Moisture": 310.03868737047276,
        "Soil_Temperature": 3.458877958285078,
        "Wind_Dir_Sin": 0.3107891898746311,
        "Wind_Dir_Cos": 0.43453782286422454
    },
    "MAE": {
        "Temperature": 2.336001099275043,
        "Precipitation_accumulated": 30.36424925813771,
        "Humidity": 5.467741136710378,
        "Wind_Speed_kmh": 0.30291860710595736,
        "Soil_Moisture": 212.1423942002819,
        "Soil_Temperature": 2.475716620110356,
        "Wind_Dir_Sin": 0.21777143662102005,
        "Wind_Dir_Cos": 0.31666615259796227
    },
    "R2": {
        "Temperature": 0.7608177583000202,
        "Precipitation_accumulated": 0.9572203604912786,
        "Humidity": 0.7246321869649863,
        "Wind_Speed_kmh": 0.4697635507514145,
        "Soil_Moisture": 0.9262154666843574,
        "Soil_Temperature": 0.7391993354745007,
        "Wind_Dir_Sin": 0.7188079729666905,
        "Wind_Dir_Cos": 0.7010173182225072
    },
    "SMAPE": {
        "Temperature": 16.042143716359085,
        "Precipitation_accumulated": 31.07431276965951,
        "Humidity": 7.088239921655793,
        "Wind_Speed_kmh": 108.50195269280448,
        "Soil_Moisture": 2.894939932741212,
        "Soil_Temperature": 18.020032128759595,
        "Wind_Dir_Sin": 107.00021638779377,
        "Wind_Dir_Cos": 77.3496865455115
    }
}