{
    "best_value": 0.10533275687549581,
    "best_params": {
        "input_chunk_length": 28,
        "output_chunk_length": 2,
        "dropout": 0.11806248396557542,
        "batch_size": 153,
        "lr": 0.0007930360578326748,
        "weight_decay": 0.00013997625135104947,
        "d_model": 128,
        "nhead": 4,
        "num_encoder_layers": 1,
        "num_decoder_layers": 1,
        "activation": "Bilinear",
        "loss_fn": "huber",
        "optimizer": "Adam"
    }
}