{
    "Temperature": {
        "MSE": 17.120968343257644,
        "RMSE": 4.137749188055946,
        "MAE": 3.3664033586075206,
        "R2": 0.2303908552309072,
        "SMAPE": 14.786965089789524
    },
    "Precipitation_accumulated": {
        "MSE": 0.004754185695973641,
        "RMSE": 0.06895060330391345,
        "MAE": 0.05373134156607806,
        "R2": -2.4106585404389794e+28,
        "SMAPE": 2.0552221403449384
    },
    "Humidity": {
        "MSE": 35.07976134273401,
        "RMSE": 5.922817010741933,
        "MAE": 5.674096526554415,
        "R2": 0.7155342436174268,
        "SMAPE": 10.116731045745139
    },
    "Wind_Speed_kmh": {
        "MSE": 0.6038087854524108,
        "RMSE": 0.7770513402938127,
        "MAE": 0.719790796294317,
        "R2": -5.991479375051618,
        "SMAPE": 63.76646390583949
    },
    "Soil_Moisture": {
        "MSE": 1117.2449553808299,
        "RMSE": 33.42521436551799,
        "MAE": 31.058561771654848,
        "R2": -3.6974742479026173,
        "SMAPE": 0.35705327641804824
    },
    "Soil_Temperature": {
        "MSE": 24.36797755186403,
        "RMSE": 4.936393172333828,
        "MAE": 4.661190449341385,
        "R2": -0.32019422172205747,
        "SMAPE": 19.929932768594544
    },
    "Wind_Dir_Sin": {
        "MSE": 0.854310445372691,
        "RMSE": 0.9242891567970983,
        "MAE": 0.8469581834100043,
        "R2": -13.064154822500985,
        "SMAPE": 171.3955693748272
    },
    "Wind_Dir_Cos": {
        "MSE": 0.3388716755841239,
        "RMSE": 0.5821268552335684,
        "MAE": 0.5295466978402845,
        "R2": -0.09830497653001591,
        "SMAPE": 136.51104971112613
    }
}