{
    "Temperature": {
        "MSE": 25.672205302783347,
        "RMSE": 5.066774644957416,
        "MAE": 4.299635756563771,
        "R2": 0.5303565930287979,
        "SMAPE": 21.403056819726604
    },
    "Precipitation_accumulated": {
        "MSE": 0.008019943823131113,
        "RMSE": 0.08955413906197253,
        "MAE": 0.07199667454869334,
        "R2": -59.627476956107984,
        "SMAPE": 2.805917405895701
    },
    "Humidity": {
        "MSE": 219.4031557581849,
        "RMSE": 14.812263694593913,
        "MAE": 12.20925256021224,
        "R2": -0.23135106484857415,
        "SMAPE": 19.220380455067147
    },
    "Wind_Speed_kmh": {
        "MSE": 0.5592894441034466,
        "RMSE": 0.7478565665309402,
        "MAE": 0.6229940935514848,
        "R2": -2.2212317253154743,
        "SMAPE": 52.84099246523141
    },
    "Soil_Moisture": {
        "MSE": 93415.71374675902,
        "RMSE": 305.6398431925377,
        "MAE": 262.785604668657,
        "R2": -17.956280894513178,
        "SMAPE": 2.9988688944292967
    },
    "Soil_Temperature": {
        "MSE": 46.697269485237356,
        "RMSE": 6.833540040508825,
        "MAE": 5.523884123990458,
        "R2": 0.47988387455933934,
        "SMAPE": 24.75917492767267
    },
    "Wind_Dir_Sin": {
        "MSE": 1.4442690454712126,
        "RMSE": 1.201777452555677,
        "MAE": 1.1148130329315131,
        "R2": -6.033754736985469,
        "SMAPE": 178.3634128016867
    },
    "Wind_Dir_Cos": {
        "MSE": 0.4648571946698883,
        "RMSE": 0.6818043668603834,
        "MAE": 0.6158695981847812,
        "R2": -0.1052680295371986,
        "SMAPE": 149.08689119693977
    }
}