{
    "Temperature": {
        "MSE": 36.13908783182336,
        "RMSE": 6.011579478957536,
        "MAE": 5.364586554280089,
        "R2": 0.053039718005600145,
        "SMAPE": 28.746764549265816
    },
    "Precipitation_accumulated": {
        "MSE": 0.0037291714832105804,
        "RMSE": 0.06106694263847323,
        "MAE": 0.04834644845721566,
        "R2": -1.8909145876183555e+28,
        "SMAPE": 1.8729450560098277
    },
    "Humidity": {
        "MSE": 26.80474128971602,
        "RMSE": 5.177329551971366,
        "MAE": 4.670884954504946,
        "R2": 0.7776954100932552,
        "SMAPE": 7.552155286757293
    },
    "Wind_Speed_kmh": {
        "MSE": 0.36412594692252753,
        "RMSE": 0.6034284936283069,
        "MAE": 0.5147781108844725,
        "R2": -2.005503002858897,
        "SMAPE": 44.106151968069696
    },
    "Soil_Moisture": {
        "MSE": 2237.9964961357136,
        "RMSE": 47.30746765718615,
        "MAE": 43.574465604745455,
        "R2": -1.9502435704612564,
        "SMAPE": 0.4984827912402751
    },
    "Soil_Temperature": {
        "MSE": 39.78862178935173,
        "RMSE": 6.30782226995591,
        "MAE": 6.023812123389155,
        "R2": -0.2814029201550956,
        "SMAPE": 31.543155246264828
    },
    "Wind_Dir_Sin": {
        "MSE": 0.9029533969412006,
        "RMSE": 0.9502386000059146,
        "MAE": 0.9077781784774785,
        "R2": -23.641054090854862,
        "SMAPE": 185.6977846874136
    },
    "Wind_Dir_Cos": {
        "MSE": 0.32858600184817804,
        "RMSE": 0.573224216034335,
        "MAE": 0.48903168776442124,
        "R2": 0.2422385618238594,
        "SMAPE": 108.78903961146294
    }
}