{
    "Temperature": {
        "MSE": 2.1703189016962923,
        "RMSE": 1.473200224577872,
        "MAE": 1.3894958512966202,
        "R2": -2.0574286354508584,
        "SMAPE": 4.780313808586917
    },
    "Precipitation_accumulated": {
        "MSE": 0.015182902125956951,
        "RMSE": 0.12321891951302345,
        "MAE": 0.11706276504271325,
        "R2": -Infinity,
        "SMAPE": 4.438662708278004
    },
    "Humidity": {
        "MSE": 51.141158430869716,
        "RMSE": 7.151304666343737,
        "MAE": 6.9412247266763645,
        "R2": -16.54532097263399,
        "SMAPE": 13.585116489564967
    },
    "Wind_Speed_kmh": {
        "MSE": 1.01713189376145,
        "RMSE": 1.0085295700976993,
        "MAE": 0.9632380378302458,
        "R2": -12.07120513044987,
        "SMAPE": 87.37948755881997
    },
    "Soil_Moisture": {
        "MSE": 195.37085489785548,
        "RMSE": 13.977512471747449,
        "MAE": 13.426015891588273,
        "R2": -8.115806017698523,
        "SMAPE": 0.15479504965694152
    },
    "Soil_Temperature": {
        "MSE": 10.036804689992435,
        "RMSE": 3.1680916479787062,
        "MAE": 3.1596635095780017,
        "R2": -3.392824852276176,
        "SMAPE": 11.302022631067588
    },
    "Wind_Dir_Sin": {
        "MSE": 0.6831554197443666,
        "RMSE": 0.8265321649786938,
        "MAE": 0.6930039354913001,
        "R2": -6.382520109704832,
        "SMAPE": 142.99920243392407
    },
    "Wind_Dir_Cos": {
        "MSE": 0.43611721945860077,
        "RMSE": 0.6603917166792758,
        "MAE": 0.6523639527307524,
        "R2": -7.536148282713755,
        "SMAPE": 178.57921205883554
    }
}