{
    "Temperature": {
        "MSE": 23.5272768160201,
        "RMSE": 4.850492430261086,
        "MAE": 3.948828615452754,
        "R2": 0.5335407785889236,
        "SMAPE": 21.891198674998172
    },
    "Precipitation_accumulated": {
        "MSE": 4.745526316186453,
        "RMSE": 2.17842289654384,
        "MAE": 1.6616971853475162,
        "R2": -1072.5694335834967,
        "SMAPE": 93.12519252290951
    },
    "Humidity": {
        "MSE": 251.74692291487068,
        "RMSE": 15.866534685143781,
        "MAE": 12.934910554886933,
        "R2": 0.060179492983111094,
        "SMAPE": 20.106875350316983
    },
    "Wind_Speed_kmh": {
        "MSE": 0.8992464768614639,
        "RMSE": 0.9482860733246397,
        "MAE": 0.7888588093543755,
        "R2": -1.0178651545088178,
        "SMAPE": 60.26509866933072
    },
    "Soil_Moisture": {
        "MSE": 2038979.9684245107,
        "RMSE": 1427.9285585856564,
        "MAE": 1189.9491633185605,
        "R2": -2.0464251122511263,
        "SMAPE": 14.0314449236722
    },
    "Soil_Temperature": {
        "MSE": 33.79103624377741,
        "RMSE": 5.813005783910542,
        "MAE": 4.59761614256128,
        "R2": 0.5682222849422346,
        "SMAPE": 23.04726117541147
    },
    "Wind_Dir_Sin": {
        "MSE": 0.7486185543760551,
        "RMSE": 0.8652274581727368,
        "MAE": 0.7172293053978589,
        "R2": -1.5418402359506787,
        "SMAPE": 140.6091536810773
    },
    "Wind_Dir_Cos": {
        "MSE": 0.4066845189015047,
        "RMSE": 0.6377182127723064,
        "MAE": 0.5417630937886844,
        "R2": 0.10908752439245306,
        "SMAPE": 117.90036511408414
    }
}