{
    "MSE": {
        "Temperature": 34.12892932221473,
        "Precipitation_accumulated": 26987.60492565485,
        "Humidity": 156.9000771200037,
        "Wind_Speed_kmh": 2.1592816066783005,
        "Soil_Moisture": 1625496.853179396,
        "Soil_Temperature": 35.13416573881963,
        "Wind_Dir_Sin": 0.2984517670832834,
        "Wind_Dir_Cos": 0.6906193822049822
    },
    "RMSE": {
        "Temperature": 5.84199703202721,
        "Precipitation_accumulated": 164.27904591168908,
        "Humidity": 12.525976094500727,
        "Wind_Speed_kmh": 1.4694494229738908,
        "Soil_Moisture": 1274.9497453544575,
        "Soil_Temperature": 5.927408011839545,
        "Wind_Dir_Sin": 0.546307392484564,
        "Wind_Dir_Cos": 0.8310351269380749
    },
    "MAE": {
        "Temperature": 4.8162791954804,
        "Precipitation_accumulated": 80.8199705450696,
        "Humidity": 10.214545958609095,
        "Wind_Speed_kmh": 0.9613201696202935,
        "Soil_Moisture": 896.8263947277974,
        "Soil_Temperature": 4.899330985713248,
        "Wind_Dir_Sin": 0.4127773136127067,
        "Wind_Dir_Cos": 0.5560104966270144
    },
    "R2": {
        "Temperature": 0.25975203882203923,
        "Precipitation_accumulated": 0.14085184329299483,
        "Humidity": 0.16431043279834112,
        "Wind_Speed_kmh": -6.6015410489656094,
        "Soil_Moisture": -0.6165414043759581,
        "Soil_Temperature": 0.2515696276379866,
        "Wind_Dir_Sin": 0.062488766680467434,
        "Wind_Dir_Cos": -0.15241505269926048
    },
    "SMAPE": {
        "Temperature": 31.55128539070101,
        "Precipitation_accumulated": 45.52720669760975,
        "Humidity": 12.752741781892462,
        "Wind_Speed_kmh": 150.78939878151905,
        "Soil_Moisture": 11.062521395427735,
        "Soil_Temperature": 32.92022165087193,
        "Wind_Dir_Sin": 159.35269408239452,
        "Wind_Dir_Cos": 73.87708029787791
    }
}