{
    "MSE": {
        "Temperature": 28.2350944182439,
        "Precipitation_accumulated": 16610.362351204945,
        "Humidity": 144.2352809268634,
        "Wind_Speed_kmh": 1.2274477565388477,
        "Soil_Moisture": 1042575.8795306927,
        "Soil_Temperature": 31.200529283418174,
        "Wind_Dir_Sin": 0.21720530456131498,
        "Wind_Dir_Cos": 0.6511740859369022
    },
    "RMSE": {
        "Temperature": 5.313670522176163,
        "Precipitation_accumulated": 128.88119471515208,
        "Humidity": 12.009799370799804,
        "Wind_Speed_kmh": 1.1079024129131807,
        "Soil_Moisture": 1021.066050523027,
        "Soil_Temperature": 5.585743395772686,
        "Wind_Dir_Sin": 0.4660528988873634,
        "Wind_Dir_Cos": 0.8069535835083095
    },
    "MAE": {
        "Temperature": 4.215624107336284,
        "Precipitation_accumulated": 53.286738019759945,
        "Humidity": 9.72448084393641,
        "Wind_Speed_kmh": 0.7603744898503983,
        "Soil_Moisture": 749.5956207419448,
        "Soil_Temperature": 4.395821605322369,
        "Wind_Dir_Sin": 0.3545161704677803,
        "Wind_Dir_Cos": 0.5464333230870918
    },
    "R2": {
        "Temperature": 0.37839592925340493,
        "Precipitation_accumulated": 0.5343811901970824,
        "Humidity": 0.22268521379088946,
        "Wind_Speed_kmh": -3.332053252519521,
        "Soil_Moisture": 0.07728884478149578,
        "Soil_Temperature": 0.32712672611265114,
        "Wind_Dir_Sin": 0.3477246700866915,
        "Wind_Dir_Cos": -0.062435523537829773
    },
    "SMAPE": {
        "Temperature": 27.631078132920923,
        "Precipitation_accumulated": 33.696177235539835,
        "Humidity": 12.215795070378007,
        "Wind_Speed_kmh": 146.84366144780634,
        "Soil_Moisture": 9.42762181520969,
        "Soil_Temperature": 29.402761891820607,
        "Wind_Dir_Sin": 133.23395646125678,
        "Wind_Dir_Cos": 75.63451816720209
    }
}