{
    "Temperature": {
        "MSE": 34.722740616240536,
        "RMSE": 5.892600496914799,
        "MAE": 4.943005738003705,
        "R2": 0.3499086778587147,
        "SMAPE": 26.108451774367353
    },
    "Precipitation_accumulated": {
        "MSE": 0.0037092085955212494,
        "RMSE": 0.060903272453302945,
        "MAE": 0.04815719664900656,
        "R2": -Infinity,
        "SMAPE": 1.8593720803418872
    },
    "Humidity": {
        "MSE": 55.05755872351917,
        "RMSE": 7.420078080688853,
        "MAE": 6.411067149098616,
        "R2": 0.6589055825903389,
        "SMAPE": 10.840937814865649
    },
    "Wind_Speed_kmh": {
        "MSE": 0.37597218024530665,
        "RMSE": 0.6131657037419058,
        "MAE": 0.5158638547957902,
        "R2": -1.3886286026723997,
        "SMAPE": 42.86361329568746
    },
    "Soil_Moisture": {
        "MSE": 13683.815764420297,
        "RMSE": 116.9778430491018,
        "MAE": 93.84105277776196,
        "R2": -1.1437160242960305,
        "SMAPE": 1.0794774564301612
    },
    "Soil_Temperature": {
        "MSE": 55.029703339425225,
        "RMSE": 7.418200815522941,
        "MAE": 6.876977659597881,
        "R2": 0.40187783113024944,
        "SMAPE": 32.5709964233229
    },
    "Wind_Dir_Sin": {
        "MSE": 1.1697287616267305,
        "RMSE": 1.08153999538932,
        "MAE": 1.0389968646904224,
        "R2": -17.801204718134166,
        "SMAPE": 189.58843132304628
    },
    "Wind_Dir_Cos": {
        "MSE": 0.47303132575953183,
        "RMSE": 0.6877727282755052,
        "MAE": 0.6123352682073998,
        "R2": -0.07008680915749999,
        "SMAPE": 138.0449231203753
    }
}