{
    "Temperature": {
        "MSE": 35.404427464526236,
        "RMSE": 5.950161969604377,
        "MAE": 5.033868274432358,
        "R2": 0.4477268369943188,
        "SMAPE": 28.386276360069317
    },
    "Precipitation_accumulated": {
        "MSE": 0.2572691221222555,
        "RMSE": 0.5072170365063219,
        "MAE": 0.3610801704376228,
        "R2": -1490.023375943717,
        "SMAPE": 16.119769471742522
    },
    "Humidity": {
        "MSE": 385.275813991242,
        "RMSE": 19.628444003314222,
        "MAE": 16.766177329797323,
        "R2": -0.8336761725742641,
        "SMAPE": 24.481145291948977
    },
    "Wind_Speed_kmh": {
        "MSE": 0.6522657848681551,
        "RMSE": 0.8076297325310374,
        "MAE": 0.6781242864707779,
        "R2": -1.5792380879744887,
        "SMAPE": 58.31383976931828
    },
    "Soil_Moisture": {
        "MSE": 510135.75262207474,
        "RMSE": 714.2378823767854,
        "MAE": 604.9587053003639,
        "R2": -26.755299601473315,
        "SMAPE": 6.766173888503052
    },
    "Soil_Temperature": {
        "MSE": 47.85392498779407,
        "RMSE": 6.917653141622098,
        "MAE": 5.64523635227765,
        "R2": 0.4898787129111092,
        "SMAPE": 28.866070673301888
    },
    "Wind_Dir_Sin": {
        "MSE": 1.114306832110313,
        "RMSE": 1.0556073285603473,
        "MAE": 0.9599977701102477,
        "R2": -3.5319384478733484,
        "SMAPE": 174.1209903858992
    },
    "Wind_Dir_Cos": {
        "MSE": 0.4241381890095167,
        "RMSE": 0.651258926241719,
        "MAE": 0.5904015698872388,
        "R2": -0.05138540301430772,
        "SMAPE": 143.6274470027752
    }
}