{
    "Temperature": {
        "MSE": 33.686446578246986,
        "RMSE": 5.8040026342384605,
        "MAE": 4.94658858842477,
        "R2": 0.4130779734039488,
        "SMAPE": 26.3437914745054
    },
    "Precipitation_accumulated": {
        "MSE": 0.005565497082542774,
        "RMSE": 0.07460225923216249,
        "MAE": 0.06250562162111233,
        "R2": -748.5839727683589,
        "SMAPE": 2.3933630949657374
    },
    "Humidity": {
        "MSE": 94.26057318276938,
        "RMSE": 9.708788450819668,
        "MAE": 7.926872306919042,
        "R2": 0.4524165898125535,
        "SMAPE": 13.33915703932903
    },
    "Wind_Speed_kmh": {
        "MSE": 0.5754493542939699,
        "RMSE": 0.7585837819871777,
        "MAE": 0.6533209932439843,
        "R2": -2.6477764892420055,
        "SMAPE": 54.503745921210566
    },
    "Soil_Moisture": {
        "MSE": 28477.578784123398,
        "RMSE": 168.7530111853516,
        "MAE": 148.34323897909522,
        "R2": -2.7237362043841364,
        "SMAPE": 1.7107520935678169
    },
    "Soil_Temperature": {
        "MSE": 52.24156559657989,
        "RMSE": 7.227832703970111,
        "MAE": 6.371737239987635,
        "R2": 0.4427933029771589,
        "SMAPE": 30.577482132402224
    },
    "Wind_Dir_Sin": {
        "MSE": 1.5790568387203932,
        "RMSE": 1.25660528357969,
        "MAE": 1.2080924826944965,
        "R2": -13.957745891728633,
        "SMAPE": 193.0975888736217
    },
    "Wind_Dir_Cos": {
        "MSE": 0.3910262692805848,
        "RMSE": 0.6253209330260621,
        "MAE": 0.5502139185879265,
        "R2": 0.08160605675397459,
        "SMAPE": 138.88733152970624
    }
}