{
    "Temperature": {
        "MSE": 21.26646021600771,
        "RMSE": 4.611557244142992,
        "MAE": 3.740815488492937,
        "R2": 0.5772069389407459,
        "SMAPE": 22.584068123377552
    },
    "Precipitation_accumulated": {
        "MSE": 9.671867843159838,
        "RMSE": 3.1099626755251966,
        "MAE": 2.5231625551510093,
        "R2": -14.662302295560453,
        "SMAPE": 125.86718556502395
    },
    "Humidity": {
        "MSE": 243.2570254568154,
        "RMSE": 15.59669918466133,
        "MAE": 12.671730940629057,
        "R2": 0.21711335379269003,
        "SMAPE": 18.992464717126705
    },
    "Wind_Speed_kmh": {
        "MSE": 0.794903686647973,
        "RMSE": 0.8915737135245593,
        "MAE": 0.7411539138237822,
        "R2": -0.9094942841840403,
        "SMAPE": 61.78381973796461
    },
    "Soil_Moisture": {
        "MSE": 1603523.9854986602,
        "RMSE": 1266.303275482876,
        "MAE": 1018.7225818694556,
        "R2": -1.6381626950258399,
        "SMAPE": 11.98899750581566
    },
    "Soil_Temperature": {
        "MSE": 29.467027090488877,
        "RMSE": 5.428353994581495,
        "MAE": 4.341679945087692,
        "R2": 0.5974892451844478,
        "SMAPE": 23.891953843422137
    },
    "Wind_Dir_Sin": {
        "MSE": 0.6893934278783209,
        "RMSE": 0.8302971925029742,
        "MAE": 0.6694777951232442,
        "R2": -1.1788645746157962,
        "SMAPE": 129.85796655752438
    },
    "Wind_Dir_Cos": {
        "MSE": 0.3312819328014623,
        "RMSE": 0.5755709624377018,
        "MAE": 0.47176696928794626,
        "R2": 0.14642114278395524,
        "SMAPE": 99.45494775001566
    }
}