{
    "MSE": {
        "Temperature": 17.277281736613435,
        "Precipitation_accumulated": 3747.662236466715,
        "Humidity": 102.59975180968392,
        "Wind_Speed_kmh": 0.3805313537773367,
        "Soil_Moisture": 357505.7648078669,
        "Soil_Temperature": 20.251565041094306,
        "Wind_Dir_Sin": 0.11422046886711736,
        "Wind_Dir_Cos": 0.32427663567004694
    },
    "RMSE": {
        "Temperature": 4.1565949690357655,
        "Precipitation_accumulated": 61.21815283448787,
        "Humidity": 10.129153558401804,
        "Wind_Speed_kmh": 0.6168722345650975,
        "Soil_Moisture": 597.9178579101538,
        "Soil_Temperature": 4.500173890095171,
        "Wind_Dir_Sin": 0.33796518883920185,
        "Wind_Dir_Cos": 0.5694529266498215
    },
    "MAE": {
        "Temperature": 3.156847209097388,
        "Precipitation_accumulated": 21.128690877094044,
        "Humidity": 8.354269588228128,
        "Wind_Speed_kmh": 0.43422072156914276,
        "Soil_Moisture": 463.04033370680185,
        "Soil_Temperature": 3.4474911321522677,
        "Wind_Dir_Sin": 0.2368501705709321,
        "Wind_Dir_Cos": 0.3783678042038319
    },
    "R2": {
        "Temperature": 0.6193245300590675,
        "Precipitation_accumulated": 0.9074127481140903,
        "Humidity": 0.4606843886327905,
        "Wind_Speed_kmh": -0.2867630005163768,
        "Soil_Moisture": 0.7200536220574667,
        "Soil_Temperature": 0.5633298683998831,
        "Wind_Dir_Sin": 0.667875894842894,
        "Wind_Dir_Cos": 0.4850094611825857
    },
    "SMAPE": {
        "Temperature": 21.485439413174866,
        "Precipitation_accumulated": 19.489233646846586,
        "Humidity": 10.537314461826039,
        "Wind_Speed_kmh": 126.11636780107737,
        "Soil_Moisture": 6.145960200427254,
        "Soil_Temperature": 24.33051360263203,
        "Wind_Dir_Sin": 108.69558157567846,
        "Wind_Dir_Cos": 78.33289442989692
    }
}