{
    "Temperature": {
        "MSE": 34.77397287280781,
        "RMSE": 5.896946063243907,
        "MAE": 4.9464711376972765,
        "R2": 0.36775280846241865,
        "SMAPE": 26.41136267809163
    },
    "Precipitation_accumulated": {
        "MSE": 0.004961089271610708,
        "RMSE": 0.07043500033087746,
        "MAE": 0.05758372173430076,
        "R2": -2.5155711171772574e+28,
        "SMAPE": 2.209086907087933
    },
    "Humidity": {
        "MSE": 62.14999042342055,
        "RMSE": 7.8835265220217625,
        "MAE": 6.518440181404657,
        "R2": 0.5926276430999188,
        "SMAPE": 11.037827668353188
    },
    "Wind_Speed_kmh": {
        "MSE": 0.5603066417583554,
        "RMSE": 0.7485363329580973,
        "MAE": 0.6373472285845039,
        "R2": -2.2844316194015577,
        "SMAPE": 53.592143559442455
    },
    "Soil_Moisture": {
        "MSE": 19307.552233457154,
        "RMSE": 138.95161831895717,
        "MAE": 118.35035203630753,
        "R2": -1.5941487721156458,
        "SMAPE": 1.3641511750541202
    },
    "Soil_Temperature": {
        "MSE": 54.04654155522095,
        "RMSE": 7.35163529802866,
        "MAE": 6.630900733349726,
        "R2": 0.4207091636134731,
        "SMAPE": 31.700048400881172
    },
    "Wind_Dir_Sin": {
        "MSE": 1.3361124966573652,
        "RMSE": 1.155903324961636,
        "MAE": 1.1186354830187817,
        "R2": -19.067414167413293,
        "SMAPE": 193.77781336062154
    },
    "Wind_Dir_Cos": {
        "MSE": 0.4513038938732586,
        "RMSE": 0.6717915553750721,
        "MAE": 0.6112020059699672,
        "R2": 0.1525350731210181,
        "SMAPE": 139.78329337740738
    }
}