{
    "average": {
        "MSE": {
            "Temperature": 414.27601849005976,
            "Precipitation_accumulated": 19864.056354326556,
            "Humidity": 2524.4985933674598,
            "Wind_Speed_kmh": 1.5350816509489218,
            "Soil_Moisture": 1973579.8903822217,
            "Soil_Temperature": 2130.9502291602766,
            "Wind_Dir_Sin": 0.725623808156491,
            "Wind_Dir_Cos": 0.44858314561095003
        },
        "RMSE": {
            "Temperature": 13.298781059316932,
            "Precipitation_accumulated": 123.82211087910503,
            "Humidity": 30.194232845657986,
            "Wind_Speed_kmh": 1.1170819114707777,
            "Soil_Moisture": 1187.469322406633,
            "Soil_Temperature": 24.71812649631082,
            "Wind_Dir_Sin": 0.6332475453300388,
            "Wind_Dir_Cos": 0.6500056104031693
        },
        "MAE": {
            "Temperature": 9.364417638548243,
            "Precipitation_accumulated": 97.95625876218864,
            "Humidity": 20.52331090256021,
            "Wind_Speed_kmh": 0.9206676359310932,
            "Soil_Moisture": 976.8825369900318,
            "Soil_Temperature": 15.326466470706896,
            "Wind_Dir_Sin": 0.48423147136437994,
            "Wind_Dir_Cos": 0.5317652811777619
        },
        "R2": {
            "Temperature": -27.926789168264474,
            "Precipitation_accumulated": -1609239.365659038,
            "Humidity": -9.182422277789401,
            "Wind_Speed_kmh": -Infinity,
            "Soil_Moisture": -46.91327795644895,
            "Soil_Temperature": -82.45552218167016,
            "Wind_Dir_Sin": -Infinity,
            "Wind_Dir_Cos": -Infinity
        },
        "SMAPE": {
            "Temperature": 52.93193483897401,
            "Precipitation_accumulated": 46.04244971387688,
            "Humidity": 22.2068665619285,
            "Wind_Speed_kmh": 151.11871604538865,
            "Soil_Moisture": 12.854191966900498,
            "Soil_Temperature": 53.76321439730195,
            "Wind_Dir_Sin": 180.59685560474207,
            "Wind_Dir_Cos": 92.07714845634708
        },
        "WMAPE": {
            "Temperature": 81.12073157032376,
            "Precipitation_accumulated": 34.9943040567813,
            "Humidity": 25.887789159634373,
            "Wind_Speed_kmh": Infinity,
            "Soil_Moisture": 13.427757514870473,
            "Soil_Temperature": 119.14471054682114,
            "Wind_Dir_Sin": Infinity,
            "Wind_Dir_Cos": 69.6316181389725
        }
    },
    "best_fold": {
        "MSE": {
            "Temperature": 7.009008497487364,
            "Precipitation_accumulated": 19460.272907745635,
            "Humidity": 74.01289441097674,
            "Wind_Speed_kmh": 0.5944376781853812,
            "Soil_Moisture": 232039.5783154489,
            "Soil_Temperature": 6.783185314010112,
            "Wind_Dir_Sin": 0.0412310683586135,
            "Wind_Dir_Cos": 0.46078235542846513
        },
        "RMSE": {
            "Temperature": 2.6474532096880132,
            "Precipitation_accumulated": 139.500082106591,
            "Humidity": 8.603074706811324,
            "Wind_Speed_kmh": 0.7709978457722052,
            "Soil_Moisture": 481.70486640208327,
            "Soil_Temperature": 2.6044548976724693,
            "Wind_Dir_Sin": 0.20305434828787464,
            "Wind_Dir_Cos": 0.6788095133603131
        },
        "MAE": {
            "Temperature": 2.265805358176975,
            "Precipitation_accumulated": 133.36824706636165,
            "Humidity": 7.850490529985796,
            "Wind_Speed_kmh": 0.7427057505570241,
            "Soil_Moisture": 472.6146709934691,
            "Soil_Temperature": 2.1604899159021618,
            "Wind_Dir_Sin": 0.19612704928852942,
            "Wind_Dir_Cos": 0.6649052970988271
        },
        "R2": {
            "Temperature": 0.09895920198623553,
            "Precipitation_accumulated": -7918199.64237078,
            "Humidity": -2.537649127937933,
            "Wind_Speed_kmh": -65582561.20755736,
            "Soil_Moisture": -42.32029674589982,
            "Soil_Temperature": 0.19688170624273504,
            "Wind_Dir_Sin": -Infinity,
            "Wind_Dir_Cos": -Infinity
        },
        "SMAPE": {
            "Temperature": 14.883397833385382,
            "Precipitation_accumulated": 34.72793627631467,
            "Humidity": 9.461177459376046,
            "Wind_Speed_kmh": 199.99891826756732,
            "Soil_Moisture": 7.12713607105362,
            "Soil_Temperature": 13.979618460169549,
            "Wind_Dir_Sin": 200.0,
            "Wind_Dir_Cos": 102.97008760752404
        },
        "WMAPE": {
            "Temperature": 14.651889993443564,
            "Precipitation_accumulated": 29.111688243739813,
            "Humidity": 9.129524517656025,
            "Wind_Speed_kmh": 23190244.355392862,
            "Soil_Moisture": 7.405099645217732,
            "Soil_Temperature": 13.958789702024468,
            "Wind_Dir_Sin": Infinity,
            "Wind_Dir_Cos": 66.49052970988271
        }
    },
    "all_folds": {
        "fold_1": {
            "MSE": {
                "Temperature": 1932.1861483910798,
                "Precipitation_accumulated": 60037.15227826375,
                "Humidity": 12183.449485406682,
                "Wind_Speed_kmh": 4.14563463165785,
                "Soil_Moisture": 6908264.7479299605,
                "Soil_Temperature": 10532.355630978496,
                "Wind_Dir_Sin": 2.6984823003491725,
                "Wind_Dir_Cos": 0.6766223735589796
            },
            "RMSE": {
                "Temperature": 43.9566394119373,
                "Precipitation_accumulated": 245.02479931277108,
                "Humidity": 110.37866408598485,
                "Wind_Speed_kmh": 2.0360831593178728,
                "Soil_Moisture": 2628.357804396114,
                "Soil_Temperature": 102.62726553396274,
                "Wind_Dir_Sin": 1.6427057863017263,
                "Wind_Dir_Cos": 0.8225705888001221
            },
            "MAE": {
                "Temperature": 26.76052493108773,
                "Precipitation_accumulated": 136.677819385769,
                "Humidity": 67.11936983999033,
                "Wind_Speed_kmh": 1.7920988891929888,
                "Soil_Moisture": 1826.8475234265654,
                "Soil_Temperature": 57.75048149467503,
                "Wind_Dir_Sin": 1.1301157053901176,
                "Wind_Dir_Cos": 0.5723267598873351
            },
            "R2": {
                "Temperature": -40.276154962862144,
                "Precipitation_accumulated": -0.4221965050396306,
                "Humidity": -38.71993848705685,
                "Wind_Speed_kmh": -7.552330596109858,
                "Soil_Moisture": -4.5859978234525665,
                "Soil_Temperature": -182.4551419275733,
                "Wind_Dir_Sin": -6.467220129867492,
                "Wind_Dir_Cos": -0.19038573163361439
            },
            "SMAPE": {
                "Temperature": 67.14387321275024,
                "Precipitation_accumulated": 142.77634031044622,
                "Humidity": 69.42174089143029,
                "Wind_Speed_kmh": 112.56509224070844,
                "Soil_Moisture": 20.64014935585809,
                "Soil_Temperature": 76.59697066579056,
                "Wind_Dir_Sin": 131.9163763859342,
                "Wind_Dir_Cos": 72.47286975526686
            },
            "WMAPE": {
                "Temperature": 161.67639462391034,
                "Precipitation_accumulated": 98.30710224736843,
                "Humidity": 88.32218676062602,
                "Wind_Speed_kmh": 193.7150130388506,
                "Soil_Moisture": 22.88225336103885,
                "Soil_Temperature": 351.9347047201997,
                "Wind_Dir_Sin": 225.63285225495503,
                "Wind_Dir_Cos": 76.9696699145398
            }
        },
        "fold_2": {
            "MSE": {
                "Temperature": 7.009008497487364,