{
    "average": {
        "MSE": {
            "Temperature": 703.9787516988897,
            "Humidity": 301.33397314162164,
            "Wind_Speed_kmh": 46.12102432053639,
            "Soil_Moisture": 1285858.05096213,
            "Soil_Temperature": 41.39428011385872,
            "Wind_Dir_Sin": 1.2758440943770537,
            "Wind_Dir_Cos": 0.34233828116544596,
            "Precipitation_accumulated": 14935.968398336012
        },
        "RMSE": {
            "Temperature": 15.812434973273591,
            "Humidity": 13.576744518516616,
            "Wind_Speed_kmh": 3.5997299851225497,
            "Soil_Moisture": 910.8469014806824,
            "Soil_Temperature": 5.900674540595968,
            "Wind_Dir_Sin": 0.7815414102502091,
            "Wind_Dir_Cos": 0.5071477753787853,
            "Precipitation_accumulated": 91.4396405262853
        },
        "MAE": {
            "Temperature": 10.365258464984738,
            "Humidity": 11.407842232457515,
            "Wind_Speed_kmh": 2.2438295147587297,
            "Soil_Moisture": 735.3028553373423,
            "Soil_Temperature": 5.102243807008089,
            "Wind_Dir_Sin": 0.5665908101791889,
            "Wind_Dir_Cos": 0.389894281093622,
            "Precipitation_accumulated": 62.73698035867166
        },
        "R2": {
            "Temperature": -28.012903246362963,
            "Humidity": -0.9305327109276957,
            "Wind_Speed_kmh": -Infinity,
            "Soil_Moisture": -17.84539523612535,
            "Soil_Temperature": -34.7163631467927,
            "Wind_Dir_Sin": -Infinity,
            "Wind_Dir_Cos": -Infinity,
            "Precipitation_accumulated": -313367.9884449896
        },
        "SMAPE": {
            "Temperature": 50.21531087254038,
            "Humidity": 16.065063086272524,
            "Wind_Speed_kmh": 154.0096852455066,
            "Soil_Moisture": 11.3518512178679,
            "Soil_Temperature": 44.719876397681986,
            "Wind_Dir_Sin": 176.64145379176932,
            "Wind_Dir_Cos": 74.51610812488147,
            "Precipitation_accumulated": 41.2536307907097
        },
        "WMAPE": {
            "Temperature": 85.43009282200103,
            "Humidity": 14.123548390733259,
            "Wind_Speed_kmh": Infinity,
            "Soil_Moisture": 10.012468000350685,
            "Soil_Temperature": 55.53747394405447,
            "Wind_Dir_Sin": Infinity,
            "Wind_Dir_Cos": 55.23074871413335,
            "Precipitation_accumulated": 27.41951649114274
        }
    },
    "best_fold": {
        "MSE": {
            "Temperature": 7.289713273805274,
            "Humidity": 22.65500742922544,
            "Wind_Speed_kmh": 0.21285471107513584,
            "Soil_Moisture": 60685.50457326838,
            "Soil_Temperature": 9.177762296905144,
            "Wind_Dir_Sin": 0.06763514629312811,
            "Wind_Dir_Cos": 0.08899672069963455,
            "Precipitation_accumulated": 3825.2610365327287
        },
        "RMSE": {
            "Temperature": 2.6999469020344224,
            "Humidity": 4.759727663346448,
            "Wind_Speed_kmh": 0.4613618006241261,
            "Soil_Moisture": 246.34428057754533,
            "Soil_Temperature": 3.029482182965456,
            "Wind_Dir_Sin": 0.2600675802423826,
            "Wind_Dir_Cos": 0.2983231816329977,
            "Precipitation_accumulated": 61.84869470354834
        },
        "MAE": {
            "Temperature": 2.2809960226213586,
            "Humidity": 3.886409601888974,
            "Wind_Speed_kmh": 0.3933082395465838,
            "Soil_Moisture": 222.4606112658458,
            "Soil_Temperature": 2.2957942778645024,
            "Wind_Dir_Sin": 0.2454872715361027,
            "Wind_Dir_Cos": 0.2681404620378473,
            "Precipitation_accumulated": 49.283681585207155
        },
        "R2": {
            "Temperature": 0.0628732911544202,
            "Humidity": -0.08285816834019832,
            "Wind_Speed_kmh": -23483633.77374212,
            "Soil_Moisture": -10.329593362364841,
            "Soil_Temperature": -0.08663237921222255,
            "Wind_Dir_Sin": -Infinity,
            "Wind_Dir_Cos": -Infinity,
            "Precipitation_accumulated": -1556461.4679365917
        },
        "SMAPE": {
            "Temperature": 15.02793117571175,
            "Humidity": 4.625105644043867,
            "Wind_Speed_kmh": 199.9986655011666,
            "Soil_Moisture": 3.404082733875896,
            "Soil_Temperature": 14.770529258433813,
            "Wind_Dir_Sin": 200.0,
            "Wind_Dir_Cos": 32.35607060517223,
            "Precipitation_accumulated": 10.507180558155738
        },
        "WMAPE": {
            "Temperature": 14.750120824950425,
            "Humidity": 4.519599330841225,
            "Wind_Speed_kmh": 12280656.471602714,
            "Soil_Moisture": 3.48559427936675,
            "Soil_Temperature": 14.832982689687755,
            "Wind_Dir_Sin": Infinity,
            "Wind_Dir_Cos": 26.81404620378473,
            "Precipitation_accumulated": 10.757666876272244
        }
    },
    "all_folds": {
        "fold_1": {
            "MSE": {
                "Temperature": 3404.1831834891364,
                "Humidity": 1162.3155878951459,
                "Wind_Speed_kmh": 227.64103460063365,
                "Soil_Moisture": 4584647.93135474,
                "Soil_Temperature": 98.43768266796071,
                "Wind_Dir_Sin": 5.441244495825508,
                "Wind_Dir_Cos": 0.5645616414962199,
                "Precipitation_accumulated": 60592.3939917316
            },
            "RMSE": {
                "Temperature": 58.345378424423096,
                "Humidity": 34.09274978489042,
                "Wind_Speed_kmh": 15.087777656123967,
                "Soil_Moisture": 2141.1790983835845,
                "Soil_Temperature": 9.921576622087878,
                "Wind_Dir_Sin": 2.332647529273445,
                "Wind_Dir_Cos": 0.7513731705991503,
                "Precipitation_accumulated": 246.15522336877518
            },
            "MAE": {
                "Temperature": 33.53602016233871,
                "Humidity": 27.941732915501625,
                "Wind_Speed_kmh": 9.103901926845639,
                "Soil_Moisture": 1569.484366707661,
                "Soil_Temperature": 8.24460554472512,
                "Wind_Dir_Sin": 1.5049140038449427,
                "Wind_Dir_Cos": 0.5893737641045766,
                "Precipitation_accumulated": 137.61260727613933
            },
            "R2": {
                "Temperature": -71.72156087065945,
                "Humidity": -2.789329426698194,
                "Wind_Speed_kmh": -468.61721379834836,
                "Soil_Moisture": -2.7071296917967413,
                "Soil_Temperature": -0.7146115909489481,
                "Wind_Dir_Sin": -14.056971255843123,
                "Wind_Dir_Cos": 0.006763375071617506,
                "Precipitation_accumulated": -0.4353494077736948
            },
            "SMAPE": {
                "Temperature": 67.52653125358265,
                "Humidity": 46.27504301866404,
                "Wind_Speed_kmh": 123.7636056223357,
                "Soil_Moisture": 26.81468846742892,
                "Soil_Temperature": 51.421640187968464,
                "Wind_Dir_Sin": 124.22544887675764,
                "Wind_Dir_Cos": 94.10585734329885,
                "Precipitation_accumulated": 165.81525923693425
            },
            "WMAPE": {
                "Temperature": 202.61122843606717,
                "Humidity": 36.768446409162856,
                "Wind_Speed_kmh": 984.0765434866605,
                "Soil_Moisture": 19.658640617051987,
                "Soil_Temperature": 50.243093093256704,
                "Wind_Dir_Sin": 300.46307423782133,
                "Wind_Dir_Cos": 79.26224537945627,
                "Precipitation_accumulated": 98.97945924816943
            }
        },
        "fold_2": {
            "MSE": {
                "Temperature": 7.289713273805274,