{
    "MSE": {
        "Temperature": 7.009008497487364,
        "Precipitation_accumulated": 19460.272907745635,
        "Humidity": 74.01289441097674,
        "Wind_Speed_kmh": 0.5944376781853812,
        "Soil_Moisture": 232039.5783154489,
        "Soil_Temperature": 6.783185314010112,
        "Wind_Dir_Sin": 0.0412310683586135,
        "Wind_Dir_Cos": 0.46078235542846513
    },
    "RMSE": {
        "Temperature": 2.6474532096880132,
        "Precipitation_accumulated": 139.500082106591,
        "Humidity": 8.603074706811324,
        "Wind_Speed_kmh": 0.7709978457722052,
        "Soil_Moisture": 481.70486640208327,
        "Soil_Temperature": 2.6044548976724693,
        "Wind_Dir_Sin": 0.20305434828787464,
        "Wind_Dir_Cos": 0.6788095133603131
    },
    "MAE": {
        "Temperature": 2.265805358176975,
        "Precipitation_accumulated": 133.36824706636165,
        "Humidity": 7.850490529985796,
        "Wind_Speed_kmh": 0.7427057505570241,
        "Soil_Moisture": 472.6146709934691,
        "Soil_Temperature": 2.1604899159021618,
        "Wind_Dir_Sin": 0.19612704928852942,
        "Wind_Dir_Cos": 0.6649052970988271
    },
    "R2": {
        "Temperature": 0.09895920198623553,
        "Precipitation_accumulated": -7918199.64237078,
        "Humidity": -2.537649127937933,
        "Wind_Speed_kmh": -65582561.20755736,
        "Soil_Moisture": -42.32029674589982,
        "Soil_Temperature": 0.19688170624273504,
        "Wind_Dir_Sin": -Infinity,
        "Wind_Dir_Cos": -Infinity
    },
    "SMAPE": {
        "Temperature": 14.883397833385382,
        "Precipitation_accumulated": 34.72793627631467,
        "Humidity": 9.461177459376046,
        "Wind_Speed_kmh": 199.99891826756732,
        "Soil_Moisture": 7.12713607105362,
        "Soil_Temperature": 13.979618460169549,
        "Wind_Dir_Sin": 200.0,
        "Wind_Dir_Cos": 102.97008760752404
    },
    "WMAPE": {
        "Temperature": 14.651889993443564,
        "Precipitation_accumulated": 29.111688243739813,
        "Humidity": 9.129524517656025,
        "Wind_Speed_kmh": 23190244.355392862,
        "Soil_Moisture": 7.405099645217732,
        "Soil_Temperature": 13.958789702024468,
        "Wind_Dir_Sin": Infinity,
        "Wind_Dir_Cos": 66.49052970988271
    }
}