{
    "MSE": {
        "Temperature": 7.289713273805274,
        "Humidity": 22.65500742922544,
        "Wind_Speed_kmh": 0.21285471107513584,
        "Soil_Moisture": 60685.50457326838,
        "Soil_Temperature": 9.177762296905144,
        "Wind_Dir_Sin": 0.06763514629312811,
        "Wind_Dir_Cos": 0.08899672069963455,
        "Precipitation_accumulated": 3825.2610365327287
    },
    "RMSE": {
        "Temperature": 2.6999469020344224,
        "Humidity": 4.759727663346448,
        "Wind_Speed_kmh": 0.4613618006241261,
        "Soil_Moisture": 246.34428057754533,
        "Soil_Temperature": 3.029482182965456,
        "Wind_Dir_Sin": 0.2600675802423826,
        "Wind_Dir_Cos": 0.2983231816329977,
        "Precipitation_accumulated": 61.84869470354834
    },
    "MAE": {
        "Temperature": 2.2809960226213586,
        "Humidity": 3.886409601888974,
        "Wind_Speed_kmh": 0.3933082395465838,
        "Soil_Moisture": 222.4606112658458,
        "Soil_Temperature": 2.2957942778645024,
        "Wind_Dir_Sin": 0.2454872715361027,
        "Wind_Dir_Cos": 0.2681404620378473,
        "Precipitation_accumulated": 49.283681585207155
    },
    "R2": {
        "Temperature": 0.0628732911544202,
        "Humidity": -0.08285816834019832,
        "Wind_Speed_kmh": -23483633.77374212,
        "Soil_Moisture": -10.329593362364841,
        "Soil_Temperature": -0.08663237921222255,
        "Wind_Dir_Sin": -Infinity,
        "Wind_Dir_Cos": -Infinity,
        "Precipitation_accumulated": -1556461.4679365917
    },
    "SMAPE": {
        "Temperature": 15.02793117571175,
        "Humidity": 4.625105644043867,
        "Wind_Speed_kmh": 199.9986655011666,
        "Soil_Moisture": 3.404082733875896,
        "Soil_Temperature": 14.770529258433813,
        "Wind_Dir_Sin": 200.0,
        "Wind_Dir_Cos": 32.35607060517223,
        "Precipitation_accumulated": 10.507180558155738
    },
    "WMAPE": {
        "Temperature": 14.750120824950425,
        "Humidity": 4.519599330841225,
        "Wind_Speed_kmh": 12280656.471602714,
        "Soil_Moisture": 3.48559427936675,
        "Soil_Temperature": 14.832982689687755,
        "Wind_Dir_Sin": Infinity,
        "Wind_Dir_Cos": 26.81404620378473,
        "Precipitation_accumulated": 10.757666876272244
    }
}