{
    "average": {
        "MSE": {
            "Temperature": 6.253077567045951,
            "Precipitation_accumulated": 594.7996504858826,
            "Humidity": 52.62637483324113,
            "Wind_Speed_kmh": 0.4584692385756899,
            "Soil_Moisture": 109238.11169238223,
            "Soil_Temperature": 4.56292971224746,
            "Wind_Dir_Sin": 0.25912649858485653,
            "Wind_Dir_Cos": 0.21544397240648
        },
        "RMSE": {
            "Temperature": 2.1340091939125942,
            "Precipitation_accumulated": 12.188656913440855,
            "Humidity": 6.415088279204713,
            "Wind_Speed_kmh": 0.5046958937376945,
            "Soil_Moisture": 247.7018391027249,
            "Soil_Temperature": 1.734899552482925,
            "Wind_Dir_Sin": 0.38600223814308926,
            "Wind_Dir_Cos": 0.35915415678516116
        },
        "MAE": {
            "Temperature": 1.5970149897250223,
            "Precipitation_accumulated": 3.2168124080016867,
            "Humidity": 4.724553052289816,
            "Wind_Speed_kmh": 0.3452277467470801,
            "Soil_Moisture": 119.90104942315762,
            "Soil_Temperature": 1.2592649047938356,
            "Wind_Dir_Sin": 0.3023604997369249,
            "Wind_Dir_Cos": 0.26262900496671215
        },
        "R2": {
            "Temperature": 0.5852304095364834,
            "Precipitation_accumulated": -92.93248418386477,
            "Humidity": 0.5017993665524489,
            "Wind_Speed_kmh": -Infinity,
            "Soil_Moisture": 0.6616407363418766,
            "Soil_Temperature": 0.6838624912388894,
            "Wind_Dir_Sin": -Infinity,
            "Wind_Dir_Cos": -Infinity
        },
        "SMAPE": {
            "Temperature": 18.844368476720586,
            "Precipitation_accumulated": 1.6757111986453108,
            "Humidity": 5.899457064057221,
            "Wind_Speed_kmh": 138.28609149162122,
            "Soil_Moisture": 1.658472143773927,
            "Soil_Temperature": 14.657943221119869,
            "Wind_Dir_Sin": 164.7020605848829,
            "Wind_Dir_Cos": 58.11994164075045
        },
        "WMAPE": {
            "Temperature": 15.090780603736388,
            "Precipitation_accumulated": 1.7011264706326528,
            "Humidity": 5.717889162029159,
            "Wind_Speed_kmh": Infinity,
            "Soil_Moisture": 1.6523911823046689,
            "Soil_Temperature": 11.239196206238836,
            "Wind_Dir_Sin": Infinity,
            "Wind_Dir_Cos": 39.57751356039671
        }
    },
    "best_fold": {
        "MSE": {
            "Temperature": 1.0085705612226934,
            "Precipitation_accumulated": 2.2914054634811176,
            "Humidity": 11.36326433411707,
            "Wind_Speed_kmh": 3.129714289991815e-05,
            "Soil_Moisture": 2965.1556346425164,
            "Soil_Temperature": 1.1522962792126352,
            "Wind_Dir_Sin": 1.5297916512925267e-06,
            "Wind_Dir_Cos": 3.7853761373695096e-06
        },
        "RMSE": {
            "Temperature": 1.0042761379335334,
            "Precipitation_accumulated": 1.5137389020174905,
            "Humidity": 3.370944130969404,
            "Wind_Speed_kmh": 0.005594384943844869,
            "Soil_Moisture": 54.453242645801325,
            "Soil_Temperature": 1.0734506412558684,
            "Wind_Dir_Sin": 0.0012368474648446052,
            "Wind_Dir_Cos": 0.0019456043116136204
        },
        "MAE": {
            "Temperature": 0.713137882680769,
            "Precipitation_accumulated": 1.513151643998279,
            "Humidity": 2.6607680537362652,
            "Wind_Speed_kmh": 0.004703222570194564,
            "Soil_Moisture": 23.04359852967658,
            "Soil_Temperature": 0.7376895248230713,
            "Wind_Dir_Sin": 0.0011092774852822116,
            "Wind_Dir_Cos": 0.0017480569566063965
        },
        "R2": {
            "Temperature": 0.878171600427796,
            "Precipitation_accumulated": -377.0604567762613,
            "Humidity": 0.45402496713520424,
            "Wind_Speed_kmh": -3547.359562566492,
            "Soil_Moisture": 0.47960200415567644,
            "Soil_Temperature": 0.8705579429757535,
            "Wind_Dir_Sin": -Infinity,
            "Wind_Dir_Cos": -Infinity
        },
        "SMAPE": {
            "Temperature": 4.673815347215501,
            "Precipitation_accumulated": 0.32975349798883874,
            "Humidity": 3.0859479370861895,
            "Wind_Speed_kmh": 199.87813070565954,
            "Soil_Moisture": 0.3604299604090705,
            "Soil_Temperature": 4.706234869915305,
            "Wind_Dir_Sin": 200.0,
            "Wind_Dir_Cos": 0.17481120124820881
        },
        "WMAPE": {
            "Temperature": 4.570401476438832,
            "Precipitation_accumulated": 0.33029876912204903,
            "Humidity": 3.0934488886095135,
            "Wind_Speed_kmh": 150917.00583240544,
            "Soil_Moisture": 0.36126263120366575,
            "Soil_Temperature": 4.724295493951956,
            "Wind_Dir_Sin": Infinity,
            "Wind_Dir_Cos": 0.17480569566063967
        }
    },
    "all_folds": {
        "fold_1": {
            "MSE": {
                "Temperature": 13.143615106350532,
                "Precipitation_accumulated": 2963.313926687737,
                "Humidity": 93.32043208833531,
                "Wind_Speed_kmh": 0.29883233802897374,
                "Soil_Moisture": 270993.68974577973,
                "Soil_Temperature": 15.9274749721843,
                "Wind_Dir_Sin": 0.27150253213689235,
                "Wind_Dir_Cos": 0.28479121271146707
            },
            "RMSE": {
                "Temperature": 3.625412405003124,
                "Precipitation_accumulated": 54.43632910738689,
                "Humidity": 9.660250104854185,
                "Wind_Speed_kmh": 0.5466555936135418,
                "Soil_Moisture": 520.5705425259671,
                "Soil_Temperature": 3.9909240749711463,
                "Wind_Dir_Sin": 0.5210590486085932,
                "Wind_Dir_Cos": 0.5336583295625273
            },
            "MAE": {
                "Temperature": 2.8066308635483392,
                "Precipitation_accumulated": 9.609063588189796,
                "Humidity": 7.515485554585763,
                "Wind_Speed_kmh": 0.41357965136795305,
                "Soil_Moisture": 306.0631956807565,
                "Soil_Temperature": 3.05981110910534,
                "Wind_Dir_Sin": 0.3910795392554454,
                "Wind_Dir_Cos": 0.3770000616717412
            },
            "R2": {
                "Temperature": 0.7146952187225617,
                "Precipitation_accumulated": 0.9287056576096739,
                "Humidity": 0.6914231579330352,
                "Wind_Speed_kmh": 0.3773459272505775,
                "Soil_Moisture": 0.7789115988824158,
                "Soil_Temperature": 0.7198683273564761,
                "Wind_Dir_Sin": 0.24396040714805145,
                "Wind_Dir_Cos": 0.49444533632770127
            },
            "SMAPE": {
                "Temperature": 21.16929185650532,
                "Precipitation_accumulated": 6.974258483923167,
                "Humidity": 10.650165282147064,
                "Wind_Speed_kmh": 72.34534073609414,
                "Soil_Moisture": 4.003316749533074,
                "Soil_Temperature": 22.497637677550706,
                "Wind_Dir_Sin": 118.72529764440674,
                "Wind_Dir_Cos": 75.27573275996082
            },
            "WMAPE": {
                "Temperature": 16.98331341538888,
                "Precipitation_accumulated": 7.098822551126069,
                "Humidity": 9.861141450796643,
                "Wind_Speed_kmh": 44.99494710619575,
                "Soil_Moisture": 3.8217565464547705,
                "Soil_Temperature": 18.649217879425663,
                "Wind_Dir_Sin": 78.48882658404,
                "Wind_Dir_Cos": 50.54844404107887
            }
        },