{
    "features_X": [
        "Temperature",
        "Humidity",
        "Soil_Temperature",
        "Soil_Moisture",
        "Precipitation",
        "Wind_Speed_kmh",
        "Wind_Dir_Sin",
        "Wind_Dir_Cos",
        "hour"
    ],
    "features_y": [
        "Temperature",
        "Humidity",
        "Soil_Temperature",
        "Soil_Moisture"
    ],
    "train_size": 7008,
    "window_size": 25,
    "input_size": 9,
    "output_size": 4,
    "hidden_size": 32,
    "num_layers": 1,
    "learning_rate": 0.001,
    "batch_size": 32,
    "epochs": 100,
    "global_metrics": [
        {
            "MSE": 7068.1252337647,
            "RMSE": 84.07214303064184,
            "NRMSE": 0.038326515543375836,
            "R2": 0.16357089794082635
        }
    ],
    "final_train_loss": 0.006008148830767855,
    "train_losses": [
        0.028725170672217793,
        0.0069072945114797574,
        0.006582015538093363,
        0.0064272086850105945,
        0.006329602118435893,
        0.00626977708283505,
        0.006292868449392559,
        0.006259254786061486,
        0.006229003737573251,
        0.006235105789422703,
        0.006222074731260689,
        0.006233122313605067,
        0.0062081076955116275,
        0.006191677078522009,
        0.006181814389194763,
        0.006204612848134057,
        0.006181193270924464,
        0.00620425900230463,
        0.006144087879873037,
        0.006164542367404718,
        0.006168435262690856,
        0.0061440309072181435,
        0.006168380812995886,
        0.006173358000089382,
        0.006170909558175462,
        0.006158135113625498,
        0.006121814947170686,
        0.006155118972586408,
        0.006173578712003062,
        0.006132845856000197,
        0.00611515859111004,
        0.006125388494006554,
        0.006104598799833771,
        0.006163478350568497,
        0.006119506510093832,
        0.006128936936777684,
        0.0061090031948693325,
        0.006128663907021489,
        0.006128860202892819,
        0.006103240792281722,
        0.006110546972133677,
        0.006123327763060826,
        0.006115705669702452,
        0.006107526434886602,
        0.006127148109512062,
        0.006101564289147087,
        0.00610126654306603,
        0.006087266530889069,
        0.006081292430197917,
        0.00609830003039711,
        0.006084581309179684,
        0.006103328362210772,
        0.006099649583225979,
        0.0060826917838443404,
        0.006075750404898705,
        0.00610169706876548,
        0.006079925486657112,
        0.006067909559998653,
        0.006071563777701187,
        0.006063123392393314,
        0.006074552459461708,
        0.006069951798229637,
        0.006088619601751285,
        0.006059132385481489,
        0.006060379966423951,
        0.006047164058302371,
        0.006050616419672343,
        0.006075504040136159,
        0.006073122123368623,
        0.0060861614047568735,
        0.006035568408727258,
        0.00605555198612936,
        0.006054330413600132,
        0.006049668408912163,
        0.006051813682054984,
        0.006033617662102918,
        0.006075203557769894,
        0.00602663510037445,
        0.006055839302344507,
        0.006071811864803663,
        0.006034324465917812,
        0.006027180245902363,
        0.006034399772610515,
        0.006033429057278261,
        0.006009753111090506,
        0.006058597193755339,
        0.006039412562153485,
        0.006029268496843343,
        0.006021177241869178,
        0.006007518042940563,
        0.006023403539742566,
        0.006020008551270798,
        0.006001818520431082,
        0.006020303835842151,
        0.006008804002562016,
        0.006017389379577242,
        0.006020201048898451,
        0.00601842056879312,
        0.006016280035552725,
        0.006008148830767855
    ],
    "metrics_by_feature": [
        {
            "feature": "Temperature",
            "std": 3.8684206475034024,
            "MSE": 6.181025575447575,
            "RMSE": 2.486166843847688,
            "NRMSE": 0.64268265279067,
            "R2": 0.5869590078019467
        },
        {
            "feature": "Humidity",
            "std": 4.786329622697563,
            "MSE": 25.295421557167717,
            "RMSE": 5.029455393694999,
            "NRMSE": 1.0507958686849508,
            "R2": -0.10417195764535858
        },
        {
            "feature": "Soil_Temperature",
            "std": 2.3423678560421624,
            "MSE": 2.2815256253132197,
            "RMSE": 1.510471987596334,
            "NRMSE": 0.6448483246130857,
            "R2": 0.5841706382436966
        },
        {
            "feature": "Soil_Moisture",
            "std": 246.74337564949028,
            "MSE": 56495.245776147334,
            "RMSE": 237.68728568467296,
            "NRMSE": 0.963297535583359,
            "R2": 0.07205785793902453
        }
    ]
}