{
    "features_X": [
        "Temperature",
        "Humidity",
        "Soil_Temperature",
        "Soil_Moisture",
        "Precipitation",
        "Wind_Speed_kmh",
        "Wind_Dir_Sin",
        "Wind_Dir_Cos",
        "hour"
    ],
    "features_y": [
        "Precipitation"
    ],
    "train_size": 7008,
    "window_size": 25,
    "input_size": 9,
    "output_size": 1,
    "hidden_size": 32,
    "num_layers": 1,
    "learning_rate": 0.001,
    "batch_size": 32,
    "epochs": 100,
    "global_metrics": [
        {
            "MSE": 7068.1252337647,
            "RMSE": 84.07214303064184,
            "NRMSE": 0.038326515543375836,
            "R2": 0.16357089794082635
        }
    ],
    "final_train_loss": 0.008185863173051283,
    "train_losses": [
        0.019744690994984285,
        0.008446743065318205,
        0.008432878639397508,
        0.008432592984638894,
        0.008541849424621616,
        0.008446563407818752,
        0.008524165859281351,
        0.00843969116780438,
        0.008512308708717907,
        0.008455841845672588,
        0.008444753818114712,
        0.008379655989794135,
        0.008470242492802314,
        0.008479073160885057,
        0.008413060453441513,
        0.008395916136275359,
        0.008352191682377347,
        0.008396767065292842,
        0.008359733453231445,
        0.008305873121806454,
        0.008337431714647174,
        0.008386983468565253,
        0.008392723289347858,
        0.008376602721419898,
        0.008347994907991594,
        0.008404946902941005,
        0.008320778127523364,
        0.008319495624518383,
        0.008340772768998974,
        0.008308106750560882,
        0.008367243485231036,
        0.008285117238657566,
        0.008282432617513205,
        0.008299925580746667,
        0.008243823726064673,
        0.008295169228533973,
        0.008295005734475894,
        0.008256846031121515,
        0.008261475053613333,
        0.008318979809466538,
        0.008287414812249363,
        0.008268005906021537,
        0.00827217220443313,
        0.008281735440410196,
        0.008246665624558891,
        0.008287443887838726,
        0.008227001086822212,
        0.008217114642367554,
        0.008261329675866572,
        0.008220955461277527,
        0.008234567182426909,
        0.008227579214763001,
        0.00823694492631449,
        0.008228005778157027,
        0.008239076298370916,
        0.00822770347709102,
        0.008220167774170931,
        0.008241370599930294,
        0.008223224008360112,
        0.008219572477462524,
        0.00821754939056059,
        0.008213202412768753,
        0.008213007485073368,
        0.008201029993109293,
        0.008199653762416574,
        0.008205617832951647,
        0.008207652643941781,
        0.00820308145674189,
        0.008202519898370739,
        0.008211208034355311,
        0.008201196103953076,
        0.00820692505281497,
        0.008189756266391842,
        0.008199033753517772,
        0.008187457640911009,
        0.008195350603198495,
        0.00819461198537511,
        0.00820308073967819,
        0.00819999718784936,
        0.008207227626889324,
        0.008195351652420132,
        0.008197867947045223,
        0.008201569836646997,
        0.008204271826830674,
        0.008191581426974433,
        0.008194711528794226,
        0.008187062081953021,
        0.008182805313482148,
        0.008174443683147826,
        0.008177514920792977,
        0.008188761448570062,
        0.008180496520074049,
        0.008182245557339544,
        0.008185072898433694,
        0.00818209304389871,
        0.00818115639025923,
        0.008176667681255955,
        0.008181268808716134,
        0.008183180088995948,
        0.008185863173051283
    ],
    "metrics_by_feature": [
        {
            "feature": "Precipitation",
            "std": 1.3037167730905665,
            "MSE": 1.3727382886679476,
            "RMSE": 1.171639146097444,
            "NRMSE": 0.8986914721669019,
            "R2": 0.1923536378544869
        }
    ]
}