{
    "features_X": [
        "Temperature",
        "Humidity",
        "Soil_Temperature",
        "Soil_Moisture",
        "Precipitation",
        "Wind_Speed_kmh",
        "Wind_Dir_Sin",
        "Wind_Dir_Cos",
        "hour"
    ],
    "features_y": [
        "Wind_Speed_kmh",
        "Wind_Dir_Sin",
        "Wind_Dir_Cos"
    ],
    "train_size": 7008,
    "window_size": 25,
    "input_size": 9,
    "output_size": 3,
    "hidden_size": 32,
    "num_layers": 1,
    "learning_rate": 0.001,
    "batch_size": 32,
    "epochs": 100,
    "global_metrics": [
        {
            "MSE": 7068.1252337647,
            "RMSE": 84.07214303064184,
            "NRMSE": 0.038326515543375836,
            "R2": 0.16357089794082635
        }
    ],
    "final_train_loss": 0.020443945894527023,
    "train_losses": [
        0.022796888749704532,
        0.020859976906607337,
        0.020773433737155917,
        0.02075396070143998,
        0.02072763829152606,
        0.02078536603536836,
        0.020743406590191135,
        0.020737993064267525,
        0.020715555600522156,
        0.02072744201119233,
        0.02071075550368936,
        0.02067448703387303,
        0.020722315967196075,
        0.02067525660613538,
        0.020731312741988132,
        0.02072444989142045,
        0.020738406832228967,
        0.02069901507979996,
        0.020662799650157965,
        0.020707211349296584,
        0.020687471382900353,
        0.020686384130946277,
        0.02073172110006305,
        0.020678202294082102,
        0.02065320202173057,
        0.02067309670704032,
        0.02065622189472846,
        0.020670082405706745,
        0.020670687118935948,
        0.02065884819691466,
        0.020709104234755218,
        0.020683273535819845,
        0.02066570363637926,
        0.020662882131755513,
        0.02066302213956006,
        0.020669537125075042,
        0.020624923495916946,
        0.020613745529245685,
        0.020624438059729244,
        0.0206141650351838,
        0.02061640715420451,
        0.020634722348703245,
        0.02061549484792184,
        0.02061615669471682,
        0.02060509181005146,
        0.02060053548553552,
        0.020604678891790164,
        0.02061421114051925,
        0.020604662667065284,
        0.020601739169349306,
        0.020591884232085498,
        0.020598861248556914,
        0.02059384813439141,
        0.02058538685367525,
        0.020575732902304824,
        0.02057763459671731,
        0.02058339556731144,
        0.02056814736755866,
        0.020572183898846297,
        0.020545236049474704,
        0.02055428360742091,
        0.020565389870589545,
        0.020537788859009316,
        0.02054054000670045,
        0.02052610104450921,
        0.02053430382459481,
        0.020539052894073026,
        0.020539173440530002,
        0.020531997664777032,
        0.020538227265607605,
        0.02052064921872827,
        0.020531371057665178,
        0.020513335766211272,
        0.020513347870470603,
        0.020503423337550033,
        0.020509815903826768,
        0.020497874990713795,
        0.0205052060264623,
        0.020492162480502233,
        0.0204641242001697,
        0.020489168399391414,
        0.020488599239398164,
        0.02047818384106472,
        0.020486730726236527,
        0.020471644819611834,
        0.0204648714262918,
        0.020471717575737028,
        0.02046328722565329,
        0.020466144016506285,
        0.02047510530608108,
        0.020453071213973793,
        0.020454843879198423,
        0.020433919059095862,
        0.020444596638804595,
        0.020427335911518043,
        0.02044947522233723,
        0.020412785522975842,
        0.020440141713351,
        0.0204279782949649,
        0.020443945894527023
    ],
    "metrics_by_feature": [
        {
            "feature": "Wind_Speed_kmh",
            "std": 3.7663264200214126,
            "MSE": 14.420386192531646,
            "RMSE": 3.797418358902749,
            "NRMSE": 1.0082552427522093,
            "R2": -0.016578634537315784
        },
        {
            "feature": "Wind_Dir_Sin",
            "std": 0.38498223627540423,
            "MSE": 0.1487426979065877,
            "RMSE": 0.385671748909079,
            "NRMSE": 1.0017910245427053,
            "R2": -0.0035852568543233154
        },
        {
            "feature": "Wind_Dir_Cos",
            "std": 0.23686709216560684,
            "MSE": 0.0562540331610539,
            "RMSE": 0.23717932701028963,
            "NRMSE": 1.0013181858308309,
            "R2": -0.0026381092755420887
        }
    ]
}