{
    "features_X": [
        "Temperature",
        "Precipitation",
        "Humidity",
        "Wind_Speed_kmh",
        "Soil_Moisture",
        "Soil_Temperature",
        "Wind_Dir_Sin",
        "Wind_Dir_Cos",
        "hour"
    ],
    "features_y": [
        "Temperature",
        "Precipitation",
        "Humidity",
        "Wind_Speed_kmh",
        "Soil_Moisture",
        "Soil_Temperature",
        "Wind_Dir_Sin",
        "Wind_Dir_Cos"
    ],
    "train_size": 6984,
    "window_size": 12,
    "input_size": 9,
    "output_size": 8,
    "hidden_size": 32,
    "num_layers": 1,
    "learning_rate": 0.001,
    "batch_size": 32,
    "epochs": 100,
    "final_train_loss": 0.012156262156388079,
    "train_losses": [
        0.03519448883129596,
        0.012680569001362607,
        0.012605450041512208,
        0.012524590957050755,
        0.012499404769133768,
        0.012473369954226484,
        0.0124714995195312,
        0.012450100508414297,
        0.012418953340246203,
        0.012347768413480325,
        0.012406843006517638,
        0.012362889447713968,
        0.012376372648811272,
        0.012346336162893164,
        0.012337536352274033,
        0.01236217397920758,
        0.012388099827375803,
        0.0123479772831287,
        0.012322986509796121,
        0.012335211451474709,
        0.012338818550045932,
        0.01233093929335523,
        0.012339173986959082,
        0.0123064535698951,
        0.012326868659189695,
        0.012244693714490011,
        0.012233568770657129,
        0.012232700434057551,
        0.012243254723551446,
        0.012244299865598482,
        0.012258656084548162,
        0.012255904874419757,
        0.012237594158594784,
        0.012253575041306777,
        0.012256402295904582,
        0.012247941492030161,
        0.01225616338319509,
        0.012246877092216796,
        0.012253266550776338,
        0.012245933293515778,
        0.012241134707392071,
        0.01224275994386616,
        0.012241332644905028,
        0.012246444481060383,
        0.012245219637042802,
        0.01220183523320538,
        0.012207381878132091,
        0.012205008236231189,
        0.012192616178589204,
        0.012201483678745295,
        0.012215019026248422,
        0.01219926585773293,
        0.012196980387473216,
        0.012202368243732302,
        0.012197448580013372,
        0.012205362572339035,
        0.012200014270152158,
        0.012187739904113527,
        0.012186679438030907,
        0.012187380175857744,
        0.01219585193817237,
        0.012204567905119862,
        0.012195704521829097,
        0.012197863596931372,
        0.012188102536883723,
        0.01218637447633731,
        0.012189513879495515,
        0.012190587890877505,
        0.012186699071722581,
        0.012184358402370107,
        0.012179173555785858,
        0.012183818300539334,
        0.012188169761258852,
        0.012182078876325839,
        0.012180723036810207,
        0.012179962044044354,
        0.012190420083664317,
        0.012166094322265003,
        0.012164553515160237,
        0.012163802414325398,
        0.012157143402310581,
        0.012160467717451605,
        0.012159444508267633,
        0.012158628134606329,
        0.012163358877693004,
        0.012157833845976275,
        0.012161577131744363,
        0.01215882511016329,
        0.012159921927127853,
        0.012163112664906241,
        0.012158185722087276,
        0.012157938251332445,
        0.01215567793277574,
        0.012158634186038747,
        0.012160079787469651,
        0.012156700068791082,
        0.012154521527149057,
        0.012153269774002457,
        0.012160919707243171,
        0.012156262156388079
    ],
    "lstm_mse": 7015.106152911067,
    "lstm_rmse": 83.75623053188978
}